Order Date,Product Name,Category,Region,Quantity,Sales,Profit
2026-06-19,Mobile,Electronics,East,7,320.78,60.01
2026-06-27,Mouse,Accessories,North,6,4824.18,288.16
2026-07-08,Monitor,Electronics,South,8,1975.72,115.52
2026-06-15,Camera,Electronics,North,4,3859.15,855.02
2026-07-12,Speaker,Accessories,North,2,412.9,22.77
2026-07-04,Printer,Office,West,2,2046.51,364.65
2026-07-06,Tablet,Electronics,East,9,4020.28,385.92
2026-07-09,Laptop,Electronics,South,8,4579.18,819.77
2026-06-28,Monitor,Electronics,East,9,2255.62,156.5
2026-06-23,Keyboard,Accessories,North,6,3152.28,887.6
2026-07-09,Speaker,Accessories,North,9,3633.67,885.03
2026-07-08,Headphones,Accessories,East,3,4096.79,268.81
2026-06-13,Speaker,Accessories,West,3,3060.22,162.75
2026-06-22,Keyboard,Accessories,East,4,962.34,132.51
2026-06-30,Keyboard,Accessories,South,5,2823.66,561.11
2026-07-11,Monitor,Electronics,South,7,4012.74,894.37
2026-07-09,Keyboard,Accessories,North,9,3700.93,1104.0
2026-06-21,Tablet,Electronics,South,7,3501.53,524.65
2026-06-21,Laptop,Electronics,East,5,2605.71,649.7
2026-06-12,Monitor,Electronics,East,8,2229.8,322.46
2026-07-05,Speaker,Accessories,West,2,975.21,186.35
2026-06-29,Speaker,Accessories,East,6,314.84,44.65
2026-07-04,Mouse,Accessories,North,1,1043.49,142.73
2026-07-08,Monitor,Electronics,West,9,3242.86,549.5
2026-07-07,Monitor,Electronics,East,9,3421.65,382.17
2026-06-26,Mouse,Accessories,North,10,994.72,262.22
2026-06-19,Camera,Electronics,South,1,2135.47,171.39
2026-06-24,Mobile,Electronics,North,9,114.8,15.18
2026-07-03,Monitor,Electronics,West,3,1006.78,274.85
2026-07-07,Tablet,Electronics,South,5,891.24,251.19
2026-06-19,Tablet,Electronics,East,9,211.98,35.06
2026-07-11,Mouse,Accessories,North,1,363.0,58.45
2026-07-10,Tablet,Electronics,West,2,569.29,133.67
2026-06-30,Headphones,Accessories,West,8,3309.34,940.33
2026-06-30,Camera,Electronics,East,4,3851.42,540.97
2026-06-27,Headphones,Accessories,North,4,4870.41,536.31
2026-07-07,Monitor,Electronics,South,6,4563.14,777.58
2026-06-21,Mouse,Accessories,North,2,252.81,60.56
2026-07-08,Headphones,Accessories,West,10,3740.32,191.2
2026-07-11,Speaker,Accessories,South,4,2638.65,330.47
2026-07-04,Laptop,Electronics,South,8,4346.49,397.42
2026-06-21,Mouse,Accessories,North,10,3723.07,942.48
2026-06-20,Speaker,Accessories,South,7,3848.6,1005.84
2026-06-28,Printer,Office,North,1,4042.95,907.23
2026-06-14,Monitor,Electronics,East,10,402.92,40.66
2026-07-09,Speaker,Accessories,North,10,2904.7,354.44
2026-06-26,Monitor,Electronics,North,2,4733.75,688.94
2026-06-29,Mobile,Electronics,East,1,2497.51,306.44
2026-07-01,Mouse,Accessories,South,10,2767.57,793.72
2026-06-15,Camera,Electronics,South,4,2615.11,579.17
2026-06-27,Printer,Office,East,10,4619.58,1034.86
2026-07-01,Mouse,Accessories,West,6,3243.87,933.57
2026-06-13,Headphones,Accessories,South,5,1347.51,193.16
2026-06-27,Speaker,Accessories,West,2,966.47,183.46
2026-06-28,Laptop,Electronics,North,7,3441.14,723.08
2026-07-06,Laptop,Electronics,North,10,1611.42,104.49
2026-06-20,Speaker,Accessories,North,10,1597.76,435.13
2026-06-24,Printer,Office,South,5,1641.38,376.24
2026-06-25,Keyboard,Accessories,South,10,952.87,269.49
2026-06-25,Headphones,Accessories,South,3,4762.4,484.6
2026-07-06,Mouse,Accessories,South,3,3040.42,369.84
2026-07-12,Camera,Electronics,South,8,3721.85,840.06
2026-06-13,Monitor,Electronics,South,4,1780.11,240.79
2026-06-17,Mobile,Electronics,North,4,778.0,100.85
2026-07-04,Camera,Electronics,East,3,2506.3,459.02
2026-07-08,Laptop,Electronics,East,6,3897.6,493.88
2026-07-08,Speaker,Accessories,North,7,1515.87,436.89
2026-07-01,Mouse,Accessories,East,9,801.17,53.11
2026-06-20,Speaker,Accessories,West,7,249.69,63.7
2026-07-05,Laptop,Electronics,East,5,4867.05,1421.06
2026-07-07,Keyboard,Accessories,East,8,2625.49,750.22
2026-06-29,Printer,Office,West,5,157.97,42.61
2026-06-18,Headphones,Accessories,East,3,1508.68,146.52
2026-07-09,Laptop,Electronics,North,4,4912.73,418.4
2026-06-16,Mouse,Accessories,North,2,4568.66,527.17
2026-07-09,Mobile,Electronics,South,10,3529.74,923.31
2026-07-01,Camera,Electronics,East,10,2868.71,273.87
2026-07-09,Headphones,Accessories,East,7,1658.82,470.94
2026-06-18,Speaker,Accessories,South,10,2997.93,348.17
2026-06-16,Mobile,Electronics,South,9,1949.31,274.0
2026-07-10,Camera,Electronics,East,9,2827.08,624.02
2026-06-28,Printer,Office,West,9,1066.95,228.82
2026-06-27,Monitor,Electronics,North,1,4627.25,550.48
2026-06-28,Headphones,Accessories,South,9,3607.43,447.5
2026-06-30,Camera,Electronics,West,1,1703.82,281.69
2026-07-02,Headphones,Accessories,West,7,933.63,152.94
2026-06-18,Printer,Office,South,2,4896.75,1172.3
2026-06-29,Printer,Office,South,2,2985.01,183.92
2026-06-16,Keyboard,Accessories,North,6,2996.24,775.99
2026-06-19,Camera,Electronics,East,7,732.08,102.38
2026-06-20,Headphones,Accessories,South,2,3539.18,222.19
2026-06-23,Headphones,Accessories,East,3,4874.9,1173.43
2026-06-12,Speaker,Accessories,West,7,3775.55,996.52
2026-07-09,Printer,Office,North,6,3533.17,687.55
2026-06-27,Headphones,Accessories,East,10,1217.63,264.95
2026-07-11,Mobile,Electronics,North,2,2931.61,324.05
2026-07-02,Printer,Office,West,1,198.09,32.59
2026-06-24,Monitor,Electronics,North,2,3532.04,807.18
2026-06-25,Tablet,Electronics,West,6,1146.71,92.44
2026-06-27,Keyboard,Accessories,South,6,4900.16,985.05
2026-06-18,Speaker,Accessories,South,6,4741.67,1255.75
2026-07-09,Headphones,Accessories,East,1,768.53,76.56
2026-06-24,Tablet,Electronics,East,6,4903.37,1345.21
2026-07-12,Laptop,Electronics,South,5,3369.91,674.32
2026-07-11,Keyboard,Accessories,West,9,777.78,180.33
2026-06-27,Speaker,Accessories,West,7,2276.7,270.83
2026-07-02,Speaker,Accessories,East,6,2872.55,310.77
2026-06-29,Mobile,Electronics,West,5,1704.37,443.26
2026-06-26,Mouse,Accessories,West,1,1042.3,207.92
2026-07-03,Laptop,Electronics,North,1,506.65,114.52
2026-06-20,Laptop,Electronics,West,3,4629.49,936.62
2026-07-08,Printer,Office,North,3,3245.73,501.77
2026-06-26,Mobile,Electronics,North,9,2629.72,554.72
2026-07-12,Mouse,Accessories,North,3,3195.81,833.42
2026-07-04,Printer,Office,West,5,331.43,87.05
2026-06-29,Keyboard,Accessories,West,10,1932.94,486.27
2026-07-05,Tablet,Electronics,North,5,1973.24,379.79
2026-06-19,Mouse,Accessories,East,7,3014.73,370.46
2026-06-21,Keyboard,Accessories,West,10,3839.22,967.25
2026-06-29,Headphones,Accessories,South,9,1424.94,189.6
2026-07-10,Headphones,Accessories,South,10,2423.12,437.81
2026-06-26,Headphones,Accessories,North,7,2779.47,238.22
2026-06-13,Headphones,Accessories,West,7,4870.22,609.03
2026-07-12,Monitor,Electronics,South,4,3940.5,280.51
2026-06-26,Mobile,Electronics,West,4,2096.86,381.36
2026-06-20,Monitor,Electronics,West,8,3304.36,213.54
2026-06-30,Laptop,Electronics,North,7,1162.41,348.64
2026-07-02,Laptop,Electronics,South,4,2784.99,646.81
2026-06-12,Camera,Electronics,West,3,3664.88,644.24
2026-06-24,Laptop,Electronics,North,7,106.55,26.86
2026-06-30,Keyboard,Accessories,South,5,1261.06,246.2
2026-06-29,Camera,Electronics,East,4,2984.24,725.36
2026-06-16,Mobile,Electronics,West,10,1701.07,397.84
2026-06-15,Monitor,Electronics,West,1,2609.62,728.72
2026-06-29,Camera,Electronics,South,10,4502.51,1150.56
2026-07-11,Keyboard,Accessories,West,7,1003.22,248.32
2026-06-26,Headphones,Accessories,South,6,1703.41,325.57
2026-06-24,Keyboard,Accessories,West,3,3339.63,684.16
2026-06-24,Monitor,Electronics,North,5,636.32,120.69
2026-06-21,Camera,Electronics,West,1,213.41,12.71
2026-07-01,Mouse,Accessories,East,1,2255.32,423.1
2026-07-01,Camera,Electronics,North,6,960.91,64.42
2026-06-21,Camera,Electronics,East,3,4833.3,678.01
2026-06-12,Keyboard,Accessories,North,6,1365.76,356.5
2026-06-26,Mouse,Accessories,West,4,1257.67,249.94
2026-06-28,Monitor,Electronics,North,2,2076.06,190.11
2026-06-26,Camera,Electronics,East,6,4079.3,596.62
2026-07-12,Speaker,Accessories,South,10,1952.45,214.07
2026-06-14,Laptop,Electronics,South,3,4220.52,1188.94
2026-06-12,Tablet,Electronics,South,10,4563.26,377.39
2026-06-18,Mouse,Accessories,West,9,3127.65,501.62
2026-07-06,Headphones,Accessories,East,4,1873.63,468.33
2026-07-02,Mouse,Accessories,East,4,2352.6,159.32
2026-07-10,Tablet,Electronics,West,8,2570.18,525.26
2026-07-12,Tablet,Electronics,North,2,895.89,64.24
2026-06-21,Mouse,Accessories,West,1,4954.07,345.54
2026-06-15,Mobile,Electronics,South,5,430.24,35.88
2026-07-01,Mobile,Electronics,South,8,4991.1,809.91
2026-06-21,Mouse,Accessories,North,1,4204.57,1145.34
2026-06-13,Keyboard,Accessories,South,6,3158.5,695.85
2026-07-04,Keyboard,Accessories,South,4,1664.22,340.84
2026-07-01,Printer,Office,North,4,1308.52,182.08
2026-07-10,Keyboard,Accessories,West,1,4224.47,1259.02
2026-06-18,Printer,Office,East,7,2686.56,149.35
2026-07-06,Laptop,Electronics,East,7,4713.03,1258.28
2026-06-28,Camera,Electronics,North,1,722.05,127.72
2026-06-15,Printer,Office,South,6,4117.85,998.11
2026-06-12,Keyboard,Accessories,East,2,2431.1,376.48
2026-07-09,Tablet,Electronics,West,7,854.68,254.06
2026-06-15,Speaker,Accessories,East,4,4371.34,546.71
2026-06-19,Printer,Office,East,6,2381.29,223.18
2026-06-24,Printer,Office,West,5,3603.38,509.9
2026-07-02,Speaker,Accessories,East,8,2514.21,419.24
2026-07-10,Mouse,Accessories,West,8,2064.5,210.09
2026-07-08,Camera,Electronics,West,3,2661.17,665.59
2026-06-13,Headphones,Accessories,North,8,2073.33,292.28
2026-07-10,Keyboard,Accessories,South,6,4430.32,663.24
2026-06-28,Printer,Office,South,8,3602.57,830.34
2026-06-29,Mouse,Accessories,North,8,1920.04,270.11
2026-07-06,Laptop,Electronics,North,10,1004.29,291.73
2026-06-18,Headphones,Accessories,North,6,3286.78,213.91
2026-06-15,Printer,Office,East,9,4985.38,555.73
2026-07-08,Tablet,Electronics,South,7,1473.12,293.54
2026-06-23,Printer,Office,East,4,1298.94,112.85
2026-06-27,Mobile,Electronics,North,3,639.9,102.33
2026-06-28,Tablet,Electronics,East,9,3899.3,249.43
2026-06-13,Tablet,Electronics,East,10,3084.26,661.25
2026-06-27,Printer,Office,West,2,1684.27,492.15
2026-07-01,Camera,Electronics,South,1,944.97,118.38
2026-07-10,Mouse,Accessories,East,1,4317.99,274.48
2026-07-08,Headphones,Accessories,East,9,929.82,258.59
2026-07-03,Headphones,Accessories,South,2,221.81,22.71
2026-06-12,Camera,Electronics,South,6,3301.98,177.5
2026-07-01,Speaker,Accessories,East,10,4678.71,1315.62
2026-07-10,Speaker,Accessories,North,3,555.92,114.81
2026-07-07,Mobile,Electronics,West,1,881.04,176.31
2026-07-02,Keyboard,Accessories,East,9,4505.79,654.41
2026-07-01,Camera,Electronics,South,4,3356.33,344.0
2026-06-14,Printer,Office,North,5,3786.78,826.43
2026-06-30,Speaker,Accessories,West,4,146.3,21.54
2026-06-23,Headphones,Accessories,East,1,2751.54,553.12
2026-06-27,Mobile,Electronics,East,10,4815.32,933.95
2026-07-07,Tablet,Electronics,North,9,840.0,226.43
2026-06-23,Camera,Electronics,North,4,4056.6,821.64
2026-07-07,Camera,Electronics,East,10,1078.96,209.7
2026-07-01,Headphones,Accessories,South,1,3297.49,760.2
2026-06-28,Tablet,Electronics,North,2,3487.29,856.39
2026-06-28,Monitor,Electronics,South,2,2372.18,150.8
2026-06-22,Headphones,Accessories,South,8,1395.23,187.99
2026-06-24,Headphones,Accessories,West,6,3735.76,373.27
2026-06-19,Tablet,Electronics,West,3,1752.75,160.81
2026-06-16,Camera,Electronics,East,10,611.03,177.01
2026-07-03,Headphones,Accessories,East,8,2525.32,583.19
2026-06-28,Camera,Electronics,North,9,4666.01,715.13
2026-06-25,Laptop,Electronics,East,6,4064.37,1125.16
2026-06-20,Speaker,Accessories,East,1,4304.26,1253.28
2026-07-02,Speaker,Accessories,South,8,910.41,121.73
2026-07-06,Tablet,Electronics,South,9,4066.65,847.59
2026-07-10,Tablet,Electronics,North,10,2969.7,775.24
2026-06-20,Monitor,Electronics,East,5,3097.66,331.94
2026-06-24,Mouse,Accessories,North,2,2508.68,457.53
2026-07-10,Speaker,Accessories,West,10,1763.16,139.07
2026-07-07,Monitor,Electronics,West,9,4487.61,704.6
2026-06-17,Camera,Electronics,West,6,4849.23,1042.26
2026-07-02,Monitor,Electronics,North,9,3851.27,862.78
2026-07-09,Tablet,Electronics,North,6,1254.23,111.56
2026-07-11,Keyboard,Accessories,East,3,3901.56,1067.86
2026-07-03,Headphones,Accessories,West,1,4540.95,739.87
2026-06-26,Monitor,Electronics,South,7,253.92,29.84
2026-06-16,Tablet,Electronics,North,5,2568.87,315.89
2026-06-14,Headphones,Accessories,North,4,3116.2,547.05
2026-06-29,Mouse,Accessories,East,1,4652.42,927.9
2026-07-02,Laptop,Electronics,West,2,1533.83,313.5
2026-06-19,Monitor,Electronics,West,7,3889.8,958.92
2026-07-11,Headphones,Accessories,South,5,1780.27,362.87
2026-07-08,Monitor,Electronics,South,4,4067.77,1074.59
2026-07-05,Keyboard,Accessories,North,6,3809.06,966.7
2026-06-23,Headphones,Accessories,East,10,3417.49,973.14
2026-06-25,Keyboard,Accessories,West,10,3232.64,937.97
2026-07-02,Printer,Office,North,8,2895.94,763.84
2026-06-23,Mouse,Accessories,South,8,749.32,213.97
2026-06-16,Tablet,Electronics,East,2,3468.26,628.2
2026-07-08,Monitor,Electronics,South,6,3202.53,391.36
2026-06-21,Monitor,Electronics,South,6,413.24,105.3
2026-06-21,Monitor,Electronics,South,3,236.88,69.65
2026-07-06,Headphones,Accessories,North,1,4245.21,1223.93
2026-06-27,Camera,Electronics,East,4,1929.85,243.59
2026-06-28,Mouse,Accessories,East,2,2705.39,724.11
2026-07-05,Laptop,Electronics,West,9,3937.67,197.56
2026-06-12,Keyboard,Accessories,West,2,3865.58,988.66
2026-06-14,Camera,Electronics,North,8,2129.08,586.17
2026-06-14,Printer,Office,West,2,1221.34,350.86
2026-06-29,Headphones,Accessories,West,1,2303.53,449.63
2026-06-23,Headphones,Accessories,South,8,1265.29,217.01
2026-07-08,Camera,Electronics,West,3,3570.85,567.47
2026-06-12,Mouse,Accessories,West,4,4454.64,302.72
2026-06-26,Headphones,Accessories,South,5,952.64,96.85
2026-06-22,Camera,Electronics,East,9,2219.8,433.56
2026-06-23,Headphones,Accessories,East,1,3145.04,812.92
2026-06-25,Laptop,Electronics,West,8,4635.04,903.97
2026-06-28,Camera,Electronics,East,8,3675.62,869.04
2026-07-03,Headphones,Accessories,East,10,177.06,33.0
2026-07-03,Mobile,Electronics,North,9,2217.43,469.04
2026-06-12,Monitor,Electronics,East,6,2909.0,686.85
2026-07-11,Monitor,Electronics,South,8,1808.73,410.12
2026-06-23,Camera,Electronics,West,1,4621.59,1159.38
2026-07-01,Printer,Office,West,8,394.88,66.6
2026-07-04,Printer,Office,East,9,3133.89,202.85
2026-06-12,Camera,Electronics,North,1,736.25,127.22
2026-06-24,Mobile,Electronics,East,10,3006.87,862.06
2026-07-08,Tablet,Electronics,North,8,4318.95,1093.3
2026-07-09,Camera,Electronics,South,1,3577.82,989.85
2026-06-19,Tablet,Electronics,East,9,4299.07,880.88
2026-07-04,Monitor,Electronics,North,3,3310.87,606.4
2026-06-24,Camera,Electronics,South,10,752.73,216.76
2026-06-23,Printer,Office,South,5,455.67,125.86
2026-06-13,Headphones,Accessories,West,5,896.0,204.68
2026-06-16,Monitor,Electronics,South,5,4646.57,498.59
2026-07-05,Speaker,Accessories,East,9,3699.64,314.03
2026-06-29,Keyboard,Accessories,East,6,3209.28,827.53
2026-06-13,Tablet,Electronics,North,3,322.12,79.3
2026-07-03,Speaker,Accessories,West,2,1188.62,303.29
2026-06-19,Camera,Electronics,South,9,4364.25,681.68
2026-06-29,Laptop,Electronics,East,8,3713.23,622.99
2026-06-23,Monitor,Electronics,East,3,971.21,88.3
2026-06-13,Camera,Electronics,East,10,2940.93,554.26
2026-06-27,Keyboard,Accessories,East,2,2877.58,388.98
2026-07-04,Headphones,Accessories,North,9,4518.32,683.08
2026-07-02,Printer,Office,West,2,1694.22,508.05
2026-06-24,Speaker,Accessories,South,9,3537.12,757.83
2026-07-12,Speaker,Accessories,South,1,2653.17,302.05
2026-06-24,Keyboard,Accessories,West,8,3124.56,292.94
2026-06-19,Tablet,Electronics,South,10,1192.73,151.42
2026-06-28,Camera,Electronics,East,6,2896.51,384.61
2026-07-12,Printer,Office,North,2,4460.49,304.41
2026-06-29,Mouse,Accessories,East,4,4527.46,1000.15
2026-07-03,Laptop,Electronics,West,6,1670.46,234.88
2026-07-03,Mobile,Electronics,South,4,2256.92,278.51
2026-06-27,Laptop,Electronics,West,1,4719.07,808.2
2026-06-26,Keyboard,Accessories,East,7,4385.18,1225.42
2026-06-13,Keyboard,Accessories,North,1,632.46,185.64
2026-06-23,Monitor,Electronics,East,7,4433.16,657.95
2026-07-08,Mobile,Electronics,East,10,4855.42,622.9
2026-07-04,Printer,Office,West,8,1150.56,214.81
2026-06-27,Keyboard,Accessories,East,2,2647.34,409.42
2026-06-21,Speaker,Accessories,South,6,1672.3,375.12
2026-07-12,Mouse,Accessories,East,7,4222.94,456.89
2026-07-08,Mobile,Electronics,East,1,3505.59,322.83
2026-06-25,Printer,Office,East,6,3356.11,843.68
2026-07-06,Printer,Office,West,2,1384.29,411.0
2026-06-20,Speaker,Accessories,East,4,714.74,166.5
2026-06-19,Laptop,Electronics,West,7,4101.28,865.97
2026-07-10,Speaker,Accessories,North,5,1015.43,300.6
2026-07-11,Monitor,Electronics,East,4,1710.0,88.36
2026-07-11,Headphones,Accessories,South,5,2268.6,510.18
2026-06-18,Tablet,Electronics,South,9,1181.29,348.67
2026-06-22,Monitor,Electronics,South,2,1945.26,489.37
2026-06-26,Camera,Electronics,West,8,1214.29,292.32
2026-06-23,Laptop,Electronics,South,6,2995.48,221.79
2026-06-24,Headphones,Accessories,North,10,1392.18,160.09
2026-06-23,Speaker,Accessories,North,1,4191.76,1005.6
2026-06-30,Tablet,Electronics,South,10,2407.76,515.98
2026-06-23,Mobile,Electronics,North,6,3403.52,263.25
2026-06-23,Printer,Office,North,3,3311.75,654.04
2026-06-25,Monitor,Electronics,West,3,757.59,168.12
2026-06-26,Printer,Office,East,5,3181.61,231.43
2026-06-20,Speaker,Accessories,West,4,1354.24,262.89
2026-07-07,Camera,Electronics,South,3,3135.61,430.23
2026-06-18,Laptop,Electronics,East,3,1964.41,475.37
2026-06-25,Speaker,Accessories,South,1,2855.56,194.84
2026-06-30,Headphones,Accessories,West,6,4199.45,885.57
2026-06-18,Tablet,Electronics,North,2,4073.3,596.4
2026-06-19,Monitor,Electronics,South,9,2367.01,316.27
2026-07-10,Speaker,Accessories,North,6,4128.63,604.32
2026-06-21,Laptop,Electronics,North,10,2707.04,691.26
2026-06-19,Printer,Office,South,10,2952.2,572.9
2026-06-19,Mobile,Electronics,East,10,1925.04,397.95
2026-07-04,Printer,Office,East,8,1503.21,92.46
2026-07-10,Printer,Office,South,3,856.98,220.92
2026-06-28,Monitor,Electronics,East,2,3562.0,1052.4
2026-06-21,Mouse,Accessories,North,6,1821.2,524.28
2026-07-02,Camera,Electronics,South,5,219.13,34.2
2026-06-13,Monitor,Electronics,South,6,303.6,22.8
2026-07-11,Camera,Electronics,East,7,4402.23,921.82
2026-07-12,Printer,Office,West,1,947.06,228.44
2026-07-05,Mobile,Electronics,North,8,3267.14,870.01
2026-06-12,Mouse,Accessories,South,2,2683.11,152.45
2026-07-07,Camera,Electronics,East,7,4774.73,993.58
2026-07-10,Camera,Electronics,West,9,639.53,168.27
2026-07-08,Printer,Office,East,3,4161.48,841.9
2026-07-01,Headphones,Accessories,North,6,2046.09,298.29
2026-07-06,Monitor,Electronics,North,10,3036.56,757.78
2026-07-09,Printer,Office,North,10,930.52,159.48
2026-07-09,Tablet,Electronics,South,4,4269.72,1170.27
2026-07-11,Camera,Electronics,West,4,4366.95,706.84
2026-06-24,Keyboard,Accessories,South,1,3330.36,386.69
2026-06-18,Tablet,Electronics,West,9,1700.51,432.71
2026-06-26,Printer,Office,North,9,1878.22,520.37
2026-06-15,Monitor,Electronics,East,7,2188.13,276.21
2026-06-25,Mouse,Accessories,South,3,2825.18,209.03
2026-06-16,Mobile,Electronics,East,3,3535.19,731.96
2026-06-20,Laptop,Electronics,East,6,3887.42,756.38
2026-06-21,Keyboard,Accessories,North,8,1631.88,195.9
2026-06-14,Mouse,Accessories,North,3,2282.16,118.99
2026-06-19,Mouse,Accessories,North,6,4508.57,612.8
2026-07-04,Speaker,Accessories,West,10,1532.63,329.77
2026-06-29,Monitor,Electronics,South,4,4015.01,479.27
2026-06-13,Keyboard,Accessories,West,2,2003.44,599.87
2026-07-12,Headphones,Accessories,North,7,1003.37,92.43
2026-06-26,Monitor,Electronics,North,10,2397.35,559.87
2026-07-06,Mouse,Accessories,South,2,2125.05,306.06
2026-06-13,Tablet,Electronics,East,3,2067.68,610.87
2026-06-26,Camera,Electronics,East,8,948.15,68.08
2026-07-07,Monitor,Electronics,West,1,858.01,188.43
2026-06-18,Mobile,Electronics,East,8,3999.82,508.36
2026-06-27,Mobile,Electronics,South,10,968.06,270.34
2026-06-27,Camera,Electronics,West,1,603.79,160.6
2026-06-14,Laptop,Electronics,West,3,326.43,20.2
2026-06-14,Headphones,Accessories,East,5,4547.47,804.42
2026-07-07,Monitor,Electronics,North,6,1531.84,339.0
2026-06-13,Printer,Office,North,9,4928.2,890.67
2026-07-06,Monitor,Electronics,North,2,686.03,48.4
2026-06-26,Headphones,Accessories,East,8,4185.6,364.33
2026-06-13,Speaker,Accessories,West,8,242.53,37.32
2026-06-13,Mobile,Electronics,West,7,4479.65,943.58
2026-07-10,Keyboard,Accessories,West,5,3652.19,774.16
2026-06-26,Camera,Electronics,East,9,3238.15,221.35
2026-06-29,Keyboard,Accessories,North,5,1382.62,163.82
2026-06-15,Tablet,Electronics,East,9,142.57,21.41
2026-07-12,Camera,Electronics,North,8,4066.81,864.67
2026-06-27,Laptop,Electronics,North,10,3115.39,723.92
2026-07-12,Tablet,Electronics,South,4,3779.85,466.48
2026-07-10,Speaker,Accessories,West,6,3849.28,718.72
2026-06-18,Speaker,Accessories,East,8,829.01,175.17
2026-06-22,Keyboard,Accessories,North,4,4971.86,465.77
2026-06-27,Camera,Electronics,East,2,3862.38,279.1
2026-07-06,Laptop,Electronics,South,3,121.38,34.45
2026-06-13,Tablet,Electronics,South,8,4926.34,811.77
2026-06-20,Mouse,Accessories,East,8,3733.73,964.52
2026-06-29,Mobile,Electronics,East,6,3088.88,262.41
2026-07-06,Keyboard,Accessories,West,2,3920.59,677.28
2026-06-27,Headphones,Accessories,South,9,4168.32,1197.54
2026-06-15,Monitor,Electronics,North,3,4356.04,685.09
2026-06-22,Mouse,Accessories,North,7,2184.81,498.92
2026-07-02,Camera,Electronics,West,2,1139.54,82.73
2026-06-23,Tablet,Electronics,East,7,3667.44,426.43
2026-06-28,Camera,Electronics,East,9,2796.13,502.62
2026-06-19,Monitor,Electronics,North,8,391.41,74.29
2026-07-05,Printer,Office,East,3,1253.54,115.7
2026-06-17,Mouse,Accessories,North,9,3492.55,181.74
2026-06-14,Speaker,Accessories,East,7,2047.35,604.99
2026-06-21,Laptop,Electronics,North,10,546.55,119.93
2026-07-02,Headphones,Accessories,South,4,1894.19,407.2
2026-06-13,Speaker,Accessories,South,9,316.66,49.02
2026-06-18,Monitor,Electronics,East,8,3656.76,635.31
2026-06-28,Tablet,Electronics,South,8,3660.44,948.16
2026-06-21,Camera,Electronics,North,5,4449.34,550.18
2026-06-19,Laptop,Electronics,West,7,3344.39,452.25
2026-06-17,Printer,Office,West,9,4637.01,572.23
2026-07-05,Monitor,Electronics,North,6,334.38,96.52
2026-06-26,Camera,Electronics,West,3,831.74,107.71
2026-06-17,Headphones,Accessories,East,4,2331.02,168.68
2026-06-26,Tablet,Electronics,South,10,3208.13,889.05
2026-07-07,Tablet,Electronics,East,7,1794.67,453.66
2026-07-03,Mobile,Electronics,East,7,3470.1,906.32
2026-07-05,Tablet,Electronics,South,8,4072.87,289.63
2026-06-28,Laptop,Electronics,West,5,2729.28,235.0
2026-06-29,Speaker,Accessories,North,7,2076.34,618.52
2026-06-12,Headphones,Accessories,North,4,2398.04,512.01
2026-06-12,Camera,Electronics,South,6,319.91,22.68
2026-06-13,Monitor,Electronics,North,4,951.25,127.85
2026-07-01,Mobile,Electronics,South,5,3713.44,359.01
2026-07-07,Speaker,Accessories,East,5,141.53,14.14
2026-06-24,Laptop,Electronics,South,4,3457.85,936.25
2026-07-03,Mobile,Electronics,West,8,3620.67,263.87
2026-06-21,Tablet,Electronics,North,3,1654.41,169.18
2026-06-29,Headphones,Accessories,East,6,2504.69,524.15
2026-07-03,Tablet,Electronics,South,1,1665.12,463.28
2026-06-13,Printer,Office,West,7,425.38,80.15
2026-06-19,Mobile,Electronics,East,7,1497.54,408.81
2026-06-18,Monitor,Electronics,East,5,1817.09,366.05
2026-06-17,Mouse,Accessories,South,10,2945.95,389.82
2026-07-12,Printer,Office,South,6,2782.89,566.5
2026-07-09,Laptop,Electronics,East,8,4904.93,444.62
2026-06-16,Printer,Office,West,8,2413.7,172.34
2026-07-11,Camera,Electronics,West,1,3906.87,745.97
2026-07-03,Camera,Electronics,South,8,719.11,112.79
2026-06-21,Headphones,Accessories,East,6,4824.64,1409.11
2026-06-18,Mouse,Accessories,North,8,353.81,29.53
2026-06-13,Printer,Office,South,5,3185.09,840.82
2026-07-09,Tablet,Electronics,North,3,1810.82,469.05
2026-07-06,Printer,Office,West,8,917.76,77.69
2026-06-20,Mouse,Accessories,West,9,2554.68,385.18
2026-07-12,Speaker,Accessories,South,9,862.68,107.89
2026-07-11,Laptop,Electronics,South,5,1014.47,57.33
2026-07-05,Headphones,Accessories,West,5,853.36,212.55
2026-07-04,Speaker,Accessories,South,10,2257.8,415.7
2026-07-05,Laptop,Electronics,East,9,2262.77,527.72
2026-06-20,Tablet,Electronics,North,10,107.93,12.07
2026-06-15,Headphones,Accessories,South,9,3825.27,929.13
2026-06-22,Mouse,Accessories,North,1,1333.47,139.87
2026-06-14,Tablet,Electronics,East,4,4262.97,1152.67
2026-06-29,Mouse,Accessories,West,10,4306.68,516.81
2026-07-08,Laptop,Electronics,East,2,2851.0,345.38
2026-06-13,Camera,Electronics,North,5,148.24,35.85
2026-06-21,Tablet,Electronics,South,2,1198.95,255.63
2026-07-05,Headphones,Accessories,North,1,4121.02,904.13
2026-07-08,Mobile,Electronics,West,5,2141.32,592.84
2026-07-08,Mouse,Accessories,East,5,944.01,229.47
2026-06-15,Mobile,Electronics,East,3,4882.64,1395.74
2026-06-16,Keyboard,Accessories,East,10,1760.89,295.59
2026-06-13,Speaker,Accessories,North,4,4709.22,851.31
2026-06-24,Mouse,Accessories,North,4,1823.85,507.47
2026-07-11,Mobile,Electronics,East,4,4705.65,1170.14
2026-06-27,Tablet,Electronics,South,4,2765.74,673.16
2026-06-28,Mouse,Accessories,East,4,2303.36,245.72
2026-07-10,Camera,Electronics,West,6,1482.71,328.98
2026-07-03,Camera,Electronics,North,6,2980.36,471.14
2026-06-28,Speaker,Accessories,North,8,451.02,116.26
2026-06-29,Speaker,Accessories,South,9,2335.74,601.79
2026-06-22,Keyboard,Accessories,South,8,616.27,83.84
2026-06-23,Speaker,Accessories,East,4,1528.76,122.68
2026-06-24,Camera,Electronics,South,2,3570.69,816.52
2026-07-09,Printer,Office,North,10,921.44,67.66
2026-07-03,Printer,Office,West,4,2780.04,327.98
2026-07-09,Mobile,Electronics,East,4,4788.34,1061.2
2026-07-03,Mouse,Accessories,South,7,2337.6,485.98
2026-07-11,Mouse,Accessories,South,3,1005.21,287.65
2026-07-03,Monitor,Electronics,North,2,4343.57,523.36
2026-06-15,Tablet,Electronics,East,4,1894.93,245.73
2026-07-02,Tablet,Electronics,South,10,3966.4,1159.52
2026-06-28,Laptop,Electronics,East,3,3348.18,621.41
2026-06-12,Keyboard,Accessories,West,10,3914.48,971.93
2026-07-07,Speaker,Accessories,West,8,4468.77,986.85
2026-06-27,Keyboard,Accessories,West,4,3543.47,422.4
2026-06-20,Camera,Electronics,West,8,3113.19,205.36
2026-06-13,Speaker,Accessories,West,5,1500.83,439.64
2026-07-03,Headphones,Accessories,North,4,4156.06,457.94
2026-07-01,Tablet,Electronics,North,6,3166.28,218.58
2026-07-12,Tablet,Electronics,West,9,436.19,127.19
2026-06-24,Tablet,Electronics,West,2,4272.2,1155.01
2026-07-11,Keyboard,Accessories,South,5,362.5,67.49
2026-06-12,Mouse,Accessories,West,1,2356.48,135.98
2026-06-13,Speaker,Accessories,East,6,2175.77,180.2
2026-06-29,Keyboard,Accessories,North,5,3441.7,527.8
2026-07-12,Printer,Office,West,5,2339.58,503.21
2026-07-12,Laptop,Electronics,East,5,3847.0,828.97
2026-06-12,Headphones,Accessories,East,2,314.15,76.8
2026-07-11,Headphones,Accessories,North,3,977.86,165.09
2026-06-12,Laptop,Electronics,East,1,652.04,150.91
2026-07-06,Keyboard,Accessories,East,10,462.97,44.7
2026-07-03,Laptop,Electronics,West,4,2538.77,553.83
2026-07-06,Camera,Electronics,North,1,2665.06,150.42
2026-06-29,Mobile,Electronics,West,1,606.93,113.58
2026-07-10,Monitor,Electronics,East,5,4561.9,802.3
2026-06-29,Headphones,Accessories,West,8,3029.29,675.57
2026-06-29,Monitor,Electronics,North,9,1399.75,171.9
2026-06-20,Mobile,Electronics,West,3,862.92,73.98
2026-06-28,Monitor,Electronics,East,5,2947.05,314.71
2026-06-30,Tablet,Electronics,West,1,3521.67,1021.4
2026-07-08,Headphones,Accessories,South,3,4504.66,568.08
2026-06-13,Printer,Office,West,1,3028.29,820.51
2026-06-21,Camera,Electronics,North,8,3318.16,709.21
2026-06-28,Headphones,Accessories,North,7,3080.83,596.12
2026-07-02,Headphones,Accessories,West,10,3244.17,549.53
2026-06-25,Mouse,Accessories,West,8,962.95,136.42
2026-07-11,Headphones,Accessories,East,6,4117.84,800.6
2026-07-06,Tablet,Electronics,North,2,1355.57,333.41
2026-06-19,Tablet,Electronics,East,1,3486.08,679.41
2026-06-25,Mobile,Electronics,West,5,116.99,34.55
2026-06-23,Monitor,Electronics,South,7,2208.17,298.93
2026-07-09,Speaker,Accessories,North,2,3925.12,687.39
2026-06-27,Printer,Office,East,4,776.2,69.75
2026-06-18,Mobile,Electronics,West,6,665.28,116.76
2026-06-12,Printer,Office,West,5,3581.1,281.45
2026-06-30,Monitor,Electronics,East,6,1916.12,271.86
2026-06-19,Laptop,Electronics,West,10,3002.26,358.27
2026-06-24,Laptop,Electronics,South,10,3847.93,548.23
2026-06-16,Camera,Electronics,West,8,4475.09,729.11
2026-06-14,Printer,Office,East,6,380.48,34.75
2026-06-13,Laptop,Electronics,East,10,4965.76,817.38
2026-06-20,Printer,Office,South,8,4963.74,352.7
2026-06-18,Speaker,Accessories,East,3,4353.06,853.05
2026-07-08,Camera,Electronics,East,2,867.34,46.71
2026-06-23,Tablet,Electronics,South,4,2638.84,632.31
2026-07-08,Keyboard,Accessories,South,8,1218.02,357.28
2026-07-04,Keyboard,Accessories,North,8,2643.39,133.51
2026-06-14,Tablet,Electronics,West,5,2054.6,163.46
2026-07-05,Speaker,Accessories,East,5,1047.49,179.93
2026-06-16,Laptop,Electronics,South,2,2272.97,601.07
2026-06-30,Mouse,Accessories,South,2,2363.9,176.34
2026-06-27,Camera,Electronics,West,7,2424.83,508.87
2026-06-17,Mouse,Accessories,South,5,4642.41,1160.34
2026-07-09,Headphones,Accessories,East,1,2028.14,113.89
2026-06-18,Headphones,Accessories,South,10,4480.07,1154.2
2026-07-08,Mobile,Electronics,North,4,2664.36,548.59
2026-06-29,Monitor,Electronics,North,10,1942.7,539.22
2026-07-08,Speaker,Accessories,South,4,2083.9,621.88
2026-07-08,Printer,Office,North,3,3825.0,224.23
2026-07-10,Keyboard,Accessories,North,6,921.71,170.4
2026-07-04,Monitor,Electronics,West,5,3393.15,284.47
2026-07-11,Camera,Electronics,North,8,263.51,45.24
2026-07-01,Mouse,Accessories,North,7,887.31,245.2
2026-07-01,Mouse,Accessories,West,1,1701.83,370.47
2026-06-26,Laptop,Electronics,South,1,2925.87,439.78
2026-07-05,Headphones,Accessories,West,4,3075.27,849.75
2026-06-17,Speaker,Accessories,South,3,413.67,111.84
2026-07-06,Keyboard,Accessories,South,1,1344.97,345.67
2026-06-27,Laptop,Electronics,West,6,1777.85,392.47
2026-06-30,Camera,Electronics,West,1,1363.65,350.0
2026-07-06,Monitor,Electronics,North,1,3154.36,811.0
2026-07-02,Mobile,Electronics,West,3,3819.8,1023.54
2026-07-06,Printer,Office,West,2,2619.93,424.38
2026-06-24,Camera,Electronics,East,1,3033.21,160.93
2026-07-06,Laptop,Electronics,North,2,2350.11,380.32
2026-06-29,Mouse,Accessories,West,7,4515.23,625.62
2026-07-05,Tablet,Electronics,East,3,2294.54,632.16
2026-07-01,Mouse,Accessories,East,7,2831.8,223.12
2026-06-21,Mouse,Accessories,West,5,4058.89,501.11
2026-06-21,Camera,Electronics,South,2,831.73,100.9
2026-06-25,Laptop,Electronics,South,1,4306.52,737.65
2026-07-05,Mobile,Electronics,South,4,182.31,14.79
2026-06-25,Speaker,Accessories,North,1,275.51,42.07
2026-07-12,Speaker,Accessories,North,1,4911.32,797.8
2026-06-26,Mouse,Accessories,West,1,643.98,138.64
2026-06-22,Speaker,Accessories,East,9,1680.16,305.0
2026-07-07,Laptop,Electronics,North,7,1760.22,363.24
2026-06-17,Headphones,Accessories,South,9,803.48,89.14
2026-06-16,Speaker,Accessories,South,2,645.53,120.44
2026-06-16,Printer,Office,South,8,249.65,50.99
2026-06-12,Camera,Electronics,North,6,1791.83,265.56
2026-06-22,Tablet,Electronics,North,4,3654.39,502.17
2026-06-13,Headphones,Accessories,West,2,817.33,162.59
2026-07-08,Monitor,Electronics,South,8,1630.67,117.62
2026-06-14,Keyboard,Accessories,South,3,1152.4,156.94
2026-07-12,Laptop,Electronics,East,4,3629.06,808.23
2026-06-26,Speaker,Accessories,North,9,1935.86,275.34
2026-07-11,Printer,Office,West,1,3570.51,985.14
2026-06-26,Printer,Office,South,5,1251.12,190.41
2026-06-26,Camera,Electronics,North,4,347.05,44.02
2026-07-09,Laptop,Electronics,West,3,2684.41,582.29
2026-07-02,Speaker,Accessories,South,3,3892.05,869.55
2026-06-22,Mouse,Accessories,East,1,389.79,22.05
2026-07-01,Mobile,Electronics,West,9,3273.05,273.47
2026-06-12,Printer,Office,North,6,2026.79,594.67
2026-07-11,Monitor,Electronics,South,8,601.85,141.89
2026-07-03,Printer,Office,South,7,1886.21,130.41
2026-07-11,Mouse,Accessories,West,4,124.27,7.83
2026-07-10,Headphones,Accessories,West,3,1466.14,280.29
2026-06-12,Camera,Electronics,West,6,882.85,95.33
2026-07-03,Headphones,Accessories,West,4,2611.77,319.26
2026-06-24,Keyboard,Accessories,North,4,3956.98,1055.59
2026-06-28,Headphones,Accessories,South,1,4759.64,666.89
2026-06-13,Speaker,Accessories,East,4,1269.73,215.29
2026-06-18,Mouse,Accessories,South,2,858.63,124.16
2026-07-11,Keyboard,Accessories,West,2,2265.64,180.23
2026-07-05,Camera,Electronics,West,7,103.42,5.57
2026-06-22,Camera,Electronics,East,6,4594.45,1349.56
2026-06-14,Camera,Electronics,East,9,3206.97,653.7
2026-07-06,Headphones,Accessories,East,7,2169.55,350.5
2026-06-20,Camera,Electronics,West,5,4190.89,526.77
2026-07-07,Keyboard,Accessories,East,6,933.18,137.51
2026-06-22,Monitor,Electronics,East,5,4338.27,567.81
2026-06-22,Camera,Electronics,South,3,110.9,31.86
2026-07-05,Mobile,Electronics,West,9,4304.97,533.86
2026-06-20,Tablet,Electronics,North,10,1951.95,396.65
2026-07-11,Monitor,Electronics,South,2,488.58,126.58
2026-06-23,Mobile,Electronics,South,9,1614.78,483.43
2026-06-12,Tablet,Electronics,North,1,878.7,169.62
2026-07-03,Mobile,Electronics,West,4,4652.73,905.71
2026-06-16,Mobile,Electronics,West,10,2643.15,250.75
2026-06-21,Headphones,Accessories,North,10,3662.16,874.87
2026-06-29,Monitor,Electronics,East,10,1714.33,201.88
2026-06-25,Speaker,Accessories,West,5,3270.9,736.71
2026-06-19,Camera,Electronics,South,9,2914.57,753.66
2026-06-18,Laptop,Electronics,South,5,2921.95,252.93
2026-06-27,Mobile,Electronics,North,8,2729.78,211.41
2026-06-21,Printer,Office,South,1,4252.87,247.47
2026-07-02,Speaker,Accessories,North,6,2946.71,493.2
2026-07-08,Mobile,Electronics,North,5,4975.81,1046.16
2026-06-21,Keyboard,Accessories,North,2,4938.59,860.35
2026-07-08,Printer,Office,South,7,1522.42,216.9
2026-07-03,Printer,Office,West,5,1376.21,194.98
2026-06-30,Mouse,Accessories,North,6,1005.03,104.76
2026-06-27,Monitor,Electronics,South,3,375.7,35.42
2026-07-08,Camera,Electronics,South,8,3183.1,418.51
2026-06-12,Monitor,Electronics,South,2,666.85,117.01
2026-07-12,Camera,Electronics,South,6,3306.9,829.15
2026-07-04,Monitor,Electronics,South,8,260.01,40.62
2026-07-05,Mobile,Electronics,East,3,789.51,84.39
2026-06-26,Speaker,Accessories,East,2,4735.51,290.62
2026-06-13,Camera,Electronics,West,1,3674.95,676.62
2026-07-03,Camera,Electronics,South,6,189.54,20.51
2026-07-11,Speaker,Accessories,West,4,831.31,134.78
2026-07-07,Printer,Office,South,7,1006.07,246.14
2026-07-05,Printer,Office,South,1,4594.01,394.48
2026-06-22,Keyboard,Accessories,East,3,1412.0,258.01
2026-06-24,Mouse,Accessories,North,5,1462.68,354.72
2026-07-02,Printer,Office,West,1,4844.37,772.83
2026-06-19,Mouse,Accessories,South,9,1445.61,134.81
2026-06-21,Mouse,Accessories,South,2,2863.39,794.28
2026-07-08,Speaker,Accessories,West,7,4132.88,639.24
2026-06-13,Tablet,Electronics,East,2,768.64,118.14
2026-07-11,Speaker,Accessories,South,9,3380.39,913.95
2026-06-19,Printer,Office,North,2,4745.39,1284.65
2026-06-15,Speaker,Accessories,South,8,826.19,117.45
2026-07-02,Printer,Office,West,6,1808.92,460.56
2026-06-26,Camera,Electronics,East,5,2517.3,660.95
2026-07-09,Headphones,Accessories,North,3,4574.49,322.07
2026-07-04,Headphones,Accessories,West,1,2645.51,549.94
2026-06-28,Tablet,Electronics,South,6,3300.56,741.37
2026-06-13,Headphones,Accessories,North,1,1131.58,286.84
2026-06-23,Monitor,Electronics,South,2,4097.34,614.78
2026-07-10,Headphones,Accessories,East,2,942.14,147.86
2026-07-11,Mouse,Accessories,South,1,533.7,130.53
2026-06-27,Mobile,Electronics,East,8,2337.8,660.45
2026-06-26,Keyboard,Accessories,South,4,1829.5,274.93
2026-06-22,Monitor,Electronics,East,1,1460.61,332.38
2026-07-01,Keyboard,Accessories,East,5,3146.82,641.82
2026-06-16,Laptop,Electronics,South,6,629.65,182.62
2026-07-07,Tablet,Electronics,East,7,4731.47,990.82
2026-07-12,Mobile,Electronics,North,3,2348.95,657.3
2026-07-06,Laptop,Electronics,South,6,3451.29,607.1
2026-07-01,Monitor,Electronics,East,5,856.67,241.3
2026-06-14,Tablet,Electronics,South,4,1899.65,332.35
2026-07-09,Printer,Office,South,10,3256.98,263.86
2026-06-15,Mobile,Electronics,West,3,4470.56,1113.57
2026-07-08,Headphones,Accessories,South,5,3405.46,970.2
2026-07-11,Camera,Electronics,East,5,1234.83,91.31
2026-07-08,Keyboard,Accessories,West,3,3078.75,357.79
2026-06-18,Mouse,Accessories,South,8,2253.06,138.01
2026-07-10,Printer,Office,South,4,2084.75,338.24
2026-06-26,Mouse,Accessories,West,8,3987.9,893.44
2026-07-04,Camera,Electronics,South,9,3679.72,487.34
2026-06-15,Mouse,Accessories,North,9,570.17,125.18
2026-07-03,Monitor,Electronics,West,7,3503.38,286.52
2026-06-20,Headphones,Accessories,North,4,2190.13,590.64
2026-06-15,Headphones,Accessories,North,7,909.76,88.21
2026-07-04,Mobile,Electronics,South,8,4182.88,400.52
2026-06-22,Laptop,Electronics,West,4,198.37,12.5
2026-06-27,Printer,Office,West,6,2110.76,146.97
2026-06-14,Tablet,Electronics,West,4,1432.84,296.16
2026-07-05,Speaker,Accessories,South,4,4482.36,710.06
2026-06-20,Mobile,Electronics,West,8,1329.3,140.81
2026-06-23,Monitor,Electronics,South,8,1678.8,169.49
2026-07-02,Printer,Office,West,4,3457.77,944.38
2026-07-07,Printer,Office,East,9,1440.63,301.51
2026-06-13,Mobile,Electronics,South,4,3369.43,211.8
2026-07-01,Laptop,Electronics,North,6,1052.07,137.4
2026-06-14,Monitor,Electronics,West,4,454.02,120.03
2026-06-24,Laptop,Electronics,South,6,2329.31,136.34
2026-07-10,Tablet,Electronics,East,5,1836.56,454.01
2026-07-11,Monitor,Electronics,East,10,4003.34,628.54
2026-06-24,Tablet,Electronics,South,4,1655.95,199.73
2026-06-18,Headphones,Accessories,East,3,3796.7,533.13
2026-06-30,Mobile,Electronics,North,9,1420.5,186.76
2026-06-18,Headphones,Accessories,East,3,1448.52,285.31
2026-06-25,Mobile,Electronics,South,8,2603.02,223.89
2026-07-10,Mouse,Accessories,South,3,1009.28,147.3
2026-06-24,Mobile,Electronics,South,2,524.28,51.5
2026-07-05,Printer,Office,West,2,2851.9,702.18
2026-07-07,Headphones,Accessories,West,1,4101.41,701.18
2026-06-20,Keyboard,Accessories,West,2,4500.55,434.81
2026-07-06,Headphones,Accessories,South,1,4160.58,414.95
2026-06-20,Monitor,Electronics,North,6,4808.31,1119.55
2026-06-16,Mouse,Accessories,South,7,4284.99,438.84
2026-06-22,Tablet,Electronics,North,4,1904.03,106.8
2026-06-28,Speaker,Accessories,South,8,4531.71,821.72
2026-06-27,Mouse,Accessories,South,1,155.45,13.66
2026-07-01,Mouse,Accessories,North,8,1303.15,367.18
2026-07-02,Mouse,Accessories,East,8,4231.57,1222.43
2026-06-27,Tablet,Electronics,West,7,2681.86,477.72
2026-07-03,Mouse,Accessories,North,2,4151.17,1223.57
2026-06-28,Mobile,Electronics,North,7,1013.24,89.37
2026-06-17,Tablet,Electronics,North,9,4808.62,1132.57
2026-07-04,Mouse,Accessories,South,6,2119.34,180.71
2026-06-28,Monitor,Electronics,East,6,1743.96,302.7
2026-07-01,Headphones,Accessories,North,7,773.48,82.85
2026-06-26,Camera,Electronics,South,3,4052.68,270.48
2026-07-07,Monitor,Electronics,North,7,3928.32,658.1
2026-06-26,Headphones,Accessories,East,8,412.79,92.26
2026-06-23,Keyboard,Accessories,West,1,4220.15,537.56
2026-07-02,Monitor,Electronics,North,7,321.73,79.55
2026-07-01,Camera,Electronics,West,5,3287.36,551.55
2026-06-12,Camera,Electronics,East,5,2010.96,158.63
2026-06-16,Speaker,Accessories,West,8,3045.11,815.42
2026-06-12,Monitor,Electronics,East,4,1834.06,457.16
2026-06-29,Printer,Office,South,2,1839.94,427.16
2026-06-16,Laptop,Electronics,East,3,794.69,43.34
2026-06-25,Tablet,Electronics,North,4,1659.68,187.51
2026-06-18,Printer,Office,West,5,1663.77,385.94
2026-06-28,Printer,Office,South,10,3012.23,377.0
2026-06-23,Headphones,Accessories,East,4,162.59,23.54
2026-07-10,Headphones,Accessories,South,4,4148.35,1017.41
2026-06-13,Mobile,Electronics,North,1,326.35,80.08
2026-06-20,Keyboard,Accessories,South,7,689.38,135.29
2026-06-29,Headphones,Accessories,North,4,4029.6,227.79
2026-06-24,Tablet,Electronics,East,2,2472.08,198.66
2026-06-13,Tablet,Electronics,South,1,3322.77,939.63
2026-07-11,Mobile,Electronics,East,6,445.69,83.78
2026-07-12,Headphones,Accessories,West,4,3174.76,661.48
2026-07-12,Headphones,Accessories,North,1,2146.53,176.53
2026-06-23,Keyboard,Accessories,West,9,4412.43,1088.8
2026-06-15,Mouse,Accessories,East,8,2455.28,275.66
2026-06-26,Laptop,Electronics,East,5,3521.83,933.44
2026-07-07,Mouse,Accessories,North,9,2850.44,434.98
2026-06-28,Headphones,Accessories,North,10,4082.66,439.38
2026-07-12,Laptop,Electronics,East,2,4951.36,437.06
2026-06-14,Laptop,Electronics,North,9,3249.47,715.31
2026-06-25,Mouse,Accessories,South,3,2414.08,304.72
2026-06-18,Mobile,Electronics,South,9,1969.65,268.27
2026-06-26,Mobile,Electronics,East,4,3430.74,952.92
2026-06-18,Camera,Electronics,South,1,4102.62,317.64
2026-07-04,Tablet,Electronics,East,2,1872.1,224.18
2026-07-09,Mobile,Electronics,South,6,4994.89,772.56
2026-06-21,Mobile,Electronics,North,1,2613.33,772.8
2026-07-05,Camera,Electronics,East,2,217.69,28.05
2026-06-16,Tablet,Electronics,South,3,2565.19,466.89
2026-06-15,Speaker,Accessories,West,8,2186.49,214.7
2026-06-28,Speaker,Accessories,West,4,4962.14,845.22
2026-06-24,Keyboard,Accessories,South,4,3860.66,392.99
2026-07-02,Headphones,Accessories,East,10,4438.99,941.71
2026-06-26,Speaker,Accessories,North,8,3377.57,830.12
2026-06-28,Tablet,Electronics,West,10,2344.27,125.18
2026-06-17,Monitor,Electronics,East,5,3613.69,940.49
2026-07-08,Monitor,Electronics,South,7,4393.94,998.03
2026-06-19,Mouse,Accessories,West,9,3675.02,901.16
2026-07-03,Printer,Office,South,9,3073.15,720.25
2026-07-07,Tablet,Electronics,North,8,979.69,287.25
2026-06-21,Keyboard,Accessories,East,9,1859.89,271.61
2026-06-18,Tablet,Electronics,North,6,276.83,57.63
2026-07-05,Tablet,Electronics,East,8,2909.05,280.65
2026-06-28,Monitor,Electronics,West,6,1768.06,112.66
2026-06-13,Mobile,Electronics,East,2,4912.88,692.07
2026-06-23,Mobile,Electronics,South,7,1708.8,221.62
2026-07-05,Camera,Electronics,North,1,2836.53,785.04
2026-06-24,Tablet,Electronics,North,6,341.01,29.11
2026-07-06,Mobile,Electronics,East,3,4392.95,424.66
2026-06-29,Printer,Office,West,8,1551.26,427.36
2026-07-07,Camera,Electronics,South,8,3414.14,288.01
2026-07-06,Speaker,Accessories,East,2,1950.15,483.07
2026-06-25,Camera,Electronics,East,2,727.78,144.63
2026-07-03,Laptop,Electronics,North,9,1031.95,57.16
2026-06-21,Headphones,Accessories,North,9,2628.12,535.02
2026-07-01,Mouse,Accessories,East,8,4221.21,253.07
2026-07-07,Printer,Office,East,8,1418.07,239.92
2026-07-08,Camera,Electronics,East,1,4920.79,1391.12
2026-06-24,Headphones,Accessories,East,7,4951.97,1476.54
2026-06-18,Laptop,Electronics,North,4,2270.7,406.76
2026-07-12,Headphones,Accessories,West,1,1359.06,169.1
2026-06-22,Headphones,Accessories,East,8,2236.94,263.92
2026-07-12,Keyboard,Accessories,South,4,4405.47,1092.88
2026-06-27,Mouse,Accessories,East,6,4189.31,652.51
2026-06-22,Keyboard,Accessories,South,3,2802.71,389.82
2026-06-28,Mobile,Electronics,South,5,4633.73,800.21
2026-07-10,Monitor,Electronics,East,9,1685.09,283.66
2026-06-29,Headphones,Accessories,South,3,2273.87,324.47
2026-07-12,Tablet,Electronics,South,3,2405.84,342.09
2026-06-17,Tablet,Electronics,West,3,529.26,33.94
2026-06-18,Monitor,Electronics,South,8,3703.46,497.61
2026-06-13,Monitor,Electronics,West,1,631.42,103.16
2026-06-14,Mobile,Electronics,South,10,600.01,60.83
2026-06-23,Tablet,Electronics,South,1,4024.11,1132.38
2026-06-16,Mobile,Electronics,South,7,3308.61,645.64
2026-07-02,Speaker,Accessories,West,8,4242.78,1050.02
2026-07-11,Headphones,Accessories,West,10,1806.35,399.59
2026-07-06,Printer,Office,North,7,2743.78,796.29
2026-07-08,Printer,Office,North,4,1973.58,366.78
2026-07-08,Speaker,Accessories,East,7,2030.26,486.49
2026-06-26,Laptop,Electronics,North,2,1659.32,211.23
2026-06-19,Headphones,Accessories,South,2,1797.45,399.92
2026-07-10,Laptop,Electronics,North,3,4004.6,964.93
2026-06-28,Mouse,Accessories,North,5,525.63,143.42
2026-06-30,Headphones,Accessories,East,2,2577.96,764.97
2026-07-02,Headphones,Accessories,North,2,383.66,30.55
2026-06-17,Mouse,Accessories,East,8,4178.86,664.93
2026-07-11,Monitor,Electronics,West,7,2131.68,147.05
2026-06-30,Laptop,Electronics,West,4,3781.41,716.83
2026-06-28,Headphones,Accessories,West,9,1802.88,244.73
2026-06-18,Tablet,Electronics,West,2,4269.71,1094.41
2026-06-20,Camera,Electronics,South,8,3867.28,579.17
2026-06-25,Headphones,Accessories,West,8,4895.96,1232.35
2026-06-14,Tablet,Electronics,North,7,3128.26,321.84
2026-07-04,Mobile,Electronics,South,8,4331.29,890.73
2026-07-10,Tablet,Electronics,North,10,1169.2,105.96
2026-06-26,Camera,Electronics,West,7,246.0,73.09
2026-06-27,Printer,Office,East,10,3448.05,460.01
2026-06-19,Tablet,Electronics,West,2,3417.19,695.94
2026-06-28,Headphones,Accessories,West,1,4368.41,536.68
2026-06-12,Monitor,Electronics,East,7,1756.13,93.68
2026-06-15,Laptop,Electronics,North,7,2183.81,406.86
2026-07-08,Laptop,Electronics,West,8,807.74,184.46
2026-06-13,Camera,Electronics,North,9,3722.76,373.49
2026-06-14,Monitor,Electronics,South,4,3832.44,320.07
2026-06-18,Speaker,Accessories,East,10,4782.26,574.66
2026-07-08,Monitor,Electronics,West,8,2351.85,144.55
2026-07-11,Camera,Electronics,East,2,2359.86,268.08
2026-06-19,Headphones,Accessories,North,9,4339.11,957.77
2026-07-12,Mobile,Electronics,East,3,4617.06,918.31
2026-06-28,Headphones,Accessories,West,6,3532.19,862.29
2026-06-22,Speaker,Accessories,East,1,2478.23,711.08
2026-06-22,Camera,Electronics,North,9,160.09,9.22
2026-07-09,Headphones,Accessories,East,5,778.88,137.42
2026-06-20,Tablet,Electronics,North,6,2767.49,785.87
2026-06-21,Headphones,Accessories,West,4,4233.49,1049.0
2026-07-05,Tablet,Electronics,North,10,4242.25,1245.94
2026-06-14,Mobile,Electronics,South,5,368.17,84.27
2026-06-16,Tablet,Electronics,South,7,413.46,98.23
2026-06-29,Tablet,Electronics,East,5,1464.67,344.98
2026-06-14,Monitor,Electronics,East,7,3339.37,881.67
2026-06-14,Keyboard,Accessories,West,1,1842.49,541.82
2026-06-13,Speaker,Accessories,South,4,1781.34,319.92
2026-07-12,Printer,Office,West,1,339.58,93.27
2026-07-10,Headphones,Accessories,East,6,4700.17,1118.07
2026-06-20,Printer,Office,North,6,1242.23,138.41
2026-06-25,Laptop,Electronics,South,6,4088.5,1084.09
2026-07-11,Laptop,Electronics,North,8,274.64,21.78
2026-06-25,Headphones,Accessories,South,6,4691.51,871.85
2026-06-24,Mouse,Accessories,East,2,516.7,79.13
2026-07-05,Mouse,Accessories,West,5,860.46,216.79
2026-06-21,Speaker,Accessories,East,4,1410.06,323.52
2026-06-13,Speaker,Accessories,West,2,1925.86,393.52
2026-06-30,Laptop,Electronics,South,10,3628.44,753.77
2026-07-07,Monitor,Electronics,East,10,2527.37,535.7
2026-06-18,Mouse,Accessories,East,2,399.2,47.87
2026-06-18,Keyboard,Accessories,North,10,4356.92,1165.24
2026-06-17,Laptop,Electronics,South,2,619.09,103.71
2026-06-17,Camera,Electronics,West,2,2036.42,118.42
2026-06-21,Monitor,Electronics,South,1,1350.13,156.27
2026-07-10,Headphones,Accessories,West,3,2407.42,135.46
2026-07-05,Laptop,Electronics,South,7,4112.01,362.49
2026-06-26,Monitor,Electronics,South,9,1128.21,152.96
2026-06-24,Printer,Office,North,10,3017.71,748.61
2026-06-13,Printer,Office,South,3,3282.75,717.24
2026-06-16,Mouse,Accessories,East,9,2586.94,670.66
2026-06-17,Tablet,Electronics,North,2,3929.25,1167.42
2026-06-13,Laptop,Electronics,West,5,3035.11,336.23
2026-07-03,Mobile,Electronics,West,2,2261.71,484.18
2026-07-09,Laptop,Electronics,East,4,1355.46,327.64
2026-07-06,Speaker,Accessories,East,9,1272.21,170.73
2026-07-06,Headphones,Accessories,West,4,1315.32,104.42
2026-06-26,Camera,Electronics,North,2,1598.38,166.48
2026-06-27,Tablet,Electronics,East,10,3047.71,860.65
2026-06-18,Tablet,Electronics,East,1,4868.83,1208.49
2026-06-29,Monitor,Electronics,East,9,3902.78,682.28
2026-07-06,Camera,Electronics,West,10,2772.85,703.41
2026-06-21,Tablet,Electronics,West,3,1194.7,209.82
2026-06-30,Monitor,Electronics,West,5,4671.68,937.01
2026-06-20,Camera,Electronics,West,8,2906.2,335.75
2026-06-14,Tablet,Electronics,South,6,2614.94,491.1
2026-07-10,Tablet,Electronics,South,1,576.25,148.25
2026-07-10,Keyboard,Accessories,East,6,2347.7,238.47
2026-06-25,Mouse,Accessories,North,4,2192.99,115.85
2026-06-16,Laptop,Electronics,West,9,409.73,113.53
2026-06-12,Monitor,Electronics,South,5,3320.82,810.06
2026-07-06,Mobile,Electronics,East,3,3207.8,917.37
2026-06-26,Headphones,Accessories,East,5,1234.62,102.06
2026-07-05,Monitor,Electronics,West,1,3555.15,948.13
2026-06-18,Mobile,Electronics,East,8,1522.9,208.08
2026-06-22,Speaker,Accessories,South,9,3907.9,626.2
2026-06-28,Tablet,Electronics,East,8,143.83,33.92
2026-07-03,Speaker,Accessories,East,7,155.88,19.81
2026-07-12,Mobile,Electronics,South,8,622.25,173.8
2026-06-30,Laptop,Electronics,West,7,917.23,90.52
2026-06-30,Headphones,Accessories,East,5,196.24,52.11
2026-06-25,Headphones,Accessories,North,5,2193.63,125.72
2026-06-18,Headphones,Accessories,North,1,2303.9,164.8
2026-07-12,Keyboard,Accessories,West,9,1183.39,172.48
2026-06-19,Camera,Electronics,North,4,462.53,33.53
2026-06-29,Laptop,Electronics,South,10,3276.03,603.07
2026-07-08,Speaker,Accessories,North,7,622.04,74.82
2026-06-12,Speaker,Accessories,East,1,2427.24,697.21
2026-06-19,Tablet,Electronics,South,10,4779.91,975.46
2026-07-08,Mobile,Electronics,West,8,978.77,263.52
2026-06-13,Monitor,Electronics,North,7,2885.93,568.1
2026-07-03,Printer,Office,North,1,2557.41,414.6
2026-07-07,Printer,Office,East,2,1863.21,113.59
2026-06-12,Monitor,Electronics,North,2,4483.19,945.33
2026-07-06,Mouse,Accessories,North,2,3870.32,638.75
2026-06-16,Mobile,Electronics,North,3,4377.59,903.97
2026-06-25,Printer,Office,West,7,4511.87,277.61
2026-06-20,Camera,Electronics,North,4,2460.62,360.36
2026-07-11,Camera,Electronics,South,1,2304.66,325.28
2026-06-24,Speaker,Accessories,South,3,4540.84,946.11
2026-06-14,Printer,Office,East,6,1700.04,390.06
2026-06-18,Camera,Electronics,North,10,1398.5,249.47
2026-07-01,Headphones,Accessories,North,7,592.21,61.41
2026-06-13,Keyboard,Accessories,North,8,2863.31,540.27
2026-06-20,Mouse,Accessories,North,1,3661.25,906.78
2026-06-13,Tablet,Electronics,East,9,2239.08,586.36
2026-07-10,Camera,Electronics,North,1,1196.12,212.98
2026-06-24,Headphones,Accessories,South,4,2889.94,375.61
2026-06-18,Laptop,Electronics,South,8,4688.76,1207.94
2026-06-30,Printer,Office,North,9,1900.56,119.97
2026-07-09,Camera,Electronics,West,7,1683.93,312.06
2026-07-01,Printer,Office,South,3,4752.97,1200.36
2026-06-29,Mobile,Electronics,West,6,3310.07,323.58
2026-07-03,Monitor,Electronics,West,4,411.63,106.96
2026-06-18,Printer,Office,West,6,2345.45,680.76
2026-07-08,Printer,Office,South,8,1076.38,75.05
2026-07-01,Camera,Electronics,East,1,2433.57,706.89
2026-06-21,Speaker,Accessories,South,1,2489.08,711.53
2026-06-29,Monitor,Electronics,North,7,4811.35,950.39
2026-07-03,Speaker,Accessories,North,1,4069.27,566.95
2026-06-26,Keyboard,Accessories,North,8,3190.94,719.26
2026-06-12,Mobile,Electronics,West,4,4796.6,933.02
2026-07-10,Printer,Office,East,4,737.96,85.93
2026-06-13,Camera,Electronics,West,8,1809.07,166.84
2026-07-02,Monitor,Electronics,West,5,598.85,116.16
2026-07-05,Speaker,Accessories,North,9,3868.37,564.48
2026-07-07,Monitor,Electronics,East,1,2069.95,146.79
2026-07-02,Tablet,Electronics,East,10,2598.47,309.55
2026-06-20,Laptop,Electronics,North,9,3753.35,286.4
2026-06-13,Camera,Electronics,West,1,3807.88,937.59
2026-06-15,Printer,Office,South,1,2803.38,764.84
2026-07-03,Mobile,Electronics,East,6,1293.11,292.88
2026-06-18,Mouse,Accessories,North,4,1530.38,148.21
2026-06-17,Camera,Electronics,North,2,3214.13,395.48
2026-06-14,Camera,Electronics,South,9,4750.05,603.43
2026-07-02,Headphones,Accessories,South,2,3025.33,294.93
2026-06-15,Monitor,Electronics,North,2,4245.41,665.04
2026-06-16,Headphones,Accessories,North,8,753.9,103.91
2026-06-14,Tablet,Electronics,South,2,2769.27,251.82
2026-07-03,Camera,Electronics,North,5,363.7,45.93
2026-06-13,Keyboard,Accessories,South,5,2880.98,819.63
2026-07-03,Monitor,Electronics,West,6,1231.75,149.48
2026-06-28,Tablet,Electronics,West,7,3698.81,246.6
2026-07-07,Speaker,Accessories,South,1,3678.04,613.45
2026-06-24,Camera,Electronics,West,5,363.22,47.45
2026-06-26,Keyboard,Accessories,South,8,3580.28,834.51
2026-06-20,Printer,Office,East,5,4319.79,1271.17
2026-07-02,Laptop,Electronics,North,10,2104.11,530.28
2026-07-09,Keyboard,Accessories,South,8,4980.61,1118.56
2026-06-16,Camera,Electronics,North,3,4645.77,531.2
2026-06-19,Monitor,Electronics,North,7,4551.43,513.26
2026-06-29,Keyboard,Accessories,South,7,4814.57,286.9
2026-06-13,Speaker,Accessories,East,5,3683.17,406.8
2026-07-09,Tablet,Electronics,West,7,3751.17,373.98
2026-06-15,Camera,Electronics,North,7,2551.43,586.32
2026-07-11,Tablet,Electronics,South,5,991.07,190.51
2026-07-05,Tablet,Electronics,South,9,824.59,55.24
2026-07-05,Mobile,Electronics,South,8,1529.37,102.11
2026-07-07,Monitor,Electronics,East,4,1593.31,187.18
2026-06-17,Mouse,Accessories,North,6,728.02,201.96
2026-06-23,Mobile,Electronics,East,10,173.45,30.81
2026-06-27,Monitor,Electronics,North,3,917.1,162.33
2026-06-20,Tablet,Electronics,South,5,2323.01,416.73
2026-07-08,Mouse,Accessories,West,4,1159.86,182.14
2026-07-01,Laptop,Electronics,South,2,1710.1,281.55
2026-07-01,Tablet,Electronics,North,6,4520.68,1053.06
2026-07-02,Keyboard,Accessories,East,10,2618.36,373.17
2026-07-03,Headphones,Accessories,South,4,2788.09,150.28
2026-07-06,Headphones,Accessories,North,8,3660.21,371.86
2026-06-13,Camera,Electronics,North,5,206.66,37.06
2026-07-01,Monitor,Electronics,South,7,323.66,37.86
2026-06-20,Headphones,Accessories,West,5,695.67,69.85
2026-07-06,Mobile,Electronics,West,6,1391.07,167.62
2026-07-06,Camera,Electronics,West,4,1605.33,301.33
2026-06-23,Speaker,Accessories,South,7,1304.63,83.15
2026-06-18,Laptop,Electronics,East,8,2752.47,293.38
2026-06-18,Mouse,Accessories,West,5,4911.1,452.93
2026-06-29,Camera,Electronics,North,4,3053.12,464.03
2026-07-04,Mouse,Accessories,North,8,4121.65,1209.54
2026-06-20,Printer,Office,North,2,645.36,120.55
2026-06-22,Monitor,Electronics,North,3,3146.74,933.76
2026-07-01,Camera,Electronics,East,2,2761.39,516.08
2026-06-25,Headphones,Accessories,East,6,699.53,46.73
2026-07-07,Monitor,Electronics,South,5,2859.1,673.1
2026-06-27,Headphones,Accessories,North,4,856.12,82.77
2026-07-07,Printer,Office,South,7,1726.99,482.21
2026-06-15,Printer,Office,East,4,941.74,203.86
2026-06-26,Monitor,Electronics,North,6,736.8,106.29
2026-06-13,Camera,Electronics,South,2,4672.26,282.3
2026-06-24,Headphones,Accessories,North,2,1888.96,485.68
2026-06-30,Mobile,Electronics,North,8,1226.12,135.92
2026-07-04,Printer,Office,North,4,434.53,63.14
2026-06-30,Laptop,Electronics,North,4,3380.39,285.35
2026-06-30,Keyboard,Accessories,East,3,263.83,67.23
2026-07-07,Tablet,Electronics,East,1,2582.48,473.53
2026-06-30,Keyboard,Accessories,East,4,172.32,44.51
2026-06-21,Tablet,Electronics,South,8,4753.71,344.07
2026-06-26,Keyboard,Accessories,East,10,4789.84,1297.61
2026-06-12,Printer,Office,West,9,2533.19,623.94
2026-07-08,Headphones,Accessories,West,4,2615.62,658.47
2026-06-27,Keyboard,Accessories,North,6,4779.97,480.01
2026-06-26,Laptop,Electronics,East,10,3291.53,321.66
2026-07-02,Laptop,Electronics,South,5,410.91,86.44
2026-07-10,Printer,Office,East,9,4909.78,1472.65
2026-06-25,Mouse,Accessories,South,6,4866.54,723.2
2026-06-28,Mobile,Electronics,North,5,4948.54,362.11
2026-06-14,Mobile,Electronics,West,3,3561.78,376.18
2026-06-28,Headphones,Accessories,East,10,2155.76,487.13
2026-07-01,Printer,Office,West,5,3457.66,827.29
2026-06-20,Monitor,Electronics,West,10,4818.03,634.39
2026-06-29,Monitor,Electronics,East,3,2448.62,443.52
2026-06-14,Mouse,Accessories,East,6,312.1,56.59
2026-06-18,Laptop,Electronics,North,4,2057.51,339.63
2026-06-21,Camera,Electronics,North,6,2195.98,280.26
2026-07-10,Speaker,Accessories,West,3,3231.25,285.47
2026-06-29,Mouse,Accessories,North,6,4647.51,1231.94
2026-06-15,Speaker,Accessories,West,10,3988.57,605.01
2026-07-09,Laptop,Electronics,South,9,3561.45,778.63
2026-06-18,Printer,Office,South,7,1564.92,249.14
2026-06-27,Tablet,Electronics,West,6,4894.81,843.19
2026-07-08,Laptop,Electronics,West,7,4918.32,1063.64
2026-07-01,Camera,Electronics,East,5,2243.89,518.57
2026-07-06,Headphones,Accessories,West,2,1302.9,244.78
2026-06-13,Mouse,Accessories,South,4,3399.9,409.54
2026-06-12,Speaker,Accessories,North,2,4654.83,1257.12
2026-06-13,Printer,Office,North,9,253.58,33.61
2026-06-30,Mouse,Accessories,West,10,4611.97,964.85
2026-06-27,Laptop,Electronics,East,5,4363.48,1277.55
2026-06-23,Monitor,Electronics,East,5,672.65,189.1
2026-06-18,Printer,Office,East,6,3856.02,205.73
2026-06-17,Monitor,Electronics,West,8,3031.51,703.05
2026-06-19,Headphones,Accessories,West,2,4605.51,1075.82
2026-06-14,Laptop,Electronics,North,8,2970.17,349.49
2026-07-11,Monitor,Electronics,West,4,2180.09,338.77
2026-06-22,Mobile,Electronics,South,10,3096.25,476.68
2026-07-11,Printer,Office,West,1,4877.61,1377.41
2026-07-11,Printer,Office,South,2,4333.93,334.37
2026-06-21,Laptop,Electronics,North,7,1226.97,96.04
2026-07-07,Laptop,Electronics,East,5,1168.31,326.69
2026-06-12,Camera,Electronics,North,7,2959.19,586.12
2026-06-21,Printer,Office,West,8,4584.24,520.32
2026-07-10,Keyboard,Accessories,West,3,2570.45,162.24
2026-06-28,Keyboard,Accessories,West,1,739.0,165.71
2026-07-10,Keyboard,Accessories,West,7,3579.76,403.42
2026-06-24,Mouse,Accessories,East,8,3349.12,281.24
2026-06-27,Speaker,Accessories,South,9,1895.44,410.82
2026-07-01,Monitor,Electronics,North,8,1165.38,268.91
2026-06-22,Speaker,Accessories,West,5,323.27,77.64
2026-07-09,Printer,Office,East,6,2114.43,164.36
2026-07-01,Mobile,Electronics,West,9,4477.52,826.29
2026-06-19,Headphones,Accessories,West,7,282.16,62.51
2026-07-07,Camera,Electronics,East,6,2767.79,414.43
2026-07-11,Headphones,Accessories,South,10,4167.76,606.03
2026-06-19,Tablet,Electronics,North,2,4070.71,366.77
2026-07-11,Mobile,Electronics,East,4,313.35,40.98
2026-06-18,Mobile,Electronics,South,10,1862.72,350.3
2026-06-19,Speaker,Accessories,West,5,4949.86,1181.08
2026-07-09,Monitor,Electronics,South,5,598.11,98.77
2026-07-09,Mouse,Accessories,East,3,2919.77,175.56
2026-07-10,Mouse,Accessories,East,6,2964.4,452.05
2026-06-19,Mobile,Electronics,East,8,3846.45,365.21
2026-06-12,Mobile,Electronics,West,8,4601.33,494.32
2026-06-15,Monitor,Electronics,East,1,1730.98,234.73
2026-07-10,Speaker,Accessories,North,10,174.61,45.68
2026-06-25,Tablet,Electronics,South,8,168.72,22.61
2026-06-19,Headphones,Accessories,North,1,975.92,134.11
2026-06-22,Mouse,Accessories,East,5,4978.16,1261.79
2026-06-15,Printer,Office,East,7,1052.92,314.08
2026-06-19,Headphones,Accessories,North,6,1209.47,241.91
2026-06-15,Tablet,Electronics,North,5,4322.7,1270.27
2026-07-04,Printer,Office,West,4,2962.46,194.91
2026-07-02,Printer,Office,South,1,2158.43,538.81
2026-06-20,Monitor,Electronics,East,5,4822.7,308.49
2026-06-26,Printer,Office,South,10,1474.59,210.0
2026-06-14,Speaker,Accessories,West,3,3630.88,609.15
2026-06-24,Mobile,Electronics,North,6,2320.2,217.48
2026-06-30,Printer,Office,East,2,1678.88,329.93
2026-06-20,Camera,Electronics,North,2,729.02,66.96
2026-06-18,Mouse,Accessories,North,7,2208.84,601.04
2026-06-18,Keyboard,Accessories,East,5,3939.43,783.54
2026-06-14,Monitor,Electronics,East,9,1163.94,100.84
2026-07-11,Keyboard,Accessories,East,3,3474.99,408.17
2026-07-12,Laptop,Electronics,South,5,4649.33,968.59
2026-06-24,Headphones,Accessories,North,5,1556.43,261.44
2026-06-18,Camera,Electronics,West,5,833.76,143.72
2026-07-03,Headphones,Accessories,East,7,1184.63,110.15
2026-06-21,Printer,Office,East,7,3028.96,449.02
2026-06-27,Monitor,Electronics,North,2,3670.09,798.0
2026-07-09,Printer,Office,South,10,3424.36,995.94
2026-07-02,Headphones,Accessories,West,10,1492.32,428.72
2026-06-29,Keyboard,Accessories,North,7,3942.02,736.07
2026-06-13,Camera,Electronics,South,2,327.33,58.2
2026-06-21,Printer,Office,South,8,543.2,40.41
2026-06-19,Laptop,Electronics,North,7,819.44,192.9
2026-06-23,Speaker,Accessories,East,10,3322.05,569.31
2026-06-22,Mouse,Accessories,South,4,3116.21,226.89
2026-07-07,Tablet,Electronics,East,2,1410.8,260.44
2026-06-13,Tablet,Electronics,North,5,671.38,60.69
2026-06-25,Speaker,Accessories,North,6,2818.85,736.37
2026-07-08,Tablet,Electronics,North,8,645.16,33.5
2026-06-21,Laptop,Electronics,East,9,3984.55,350.36
2026-06-15,Printer,Office,West,5,1152.96,258.11
2026-06-21,Laptop,Electronics,East,10,2556.27,728.3
2026-06-29,Headphones,Accessories,North,6,3044.0,573.65
2026-06-14,Speaker,Accessories,South,8,4136.36,1078.01
2026-06-14,Tablet,Electronics,East,9,464.7,61.81
2026-07-03,Tablet,Electronics,East,7,3407.27,995.21
2026-07-02,Tablet,Electronics,North,9,3789.96,810.76
2026-07-11,Keyboard,Accessories,East,7,3762.75,943.77
2026-07-05,Speaker,Accessories,North,8,1005.9,79.96
2026-07-12,Headphones,Accessories,South,6,815.67,106.16
2026-07-07,Camera,Electronics,West,6,501.85,37.28
2026-06-17,Printer,Office,West,5,2206.39,533.68
2026-06-20,Printer,Office,North,4,1366.59,384.96
2026-07-03,Headphones,Accessories,West,4,3861.31,1053.34
2026-06-21,Laptop,Electronics,East,6,2409.45,150.24
2026-06-27,Tablet,Electronics,West,2,2542.79,547.51
2026-06-30,Mobile,Electronics,West,8,1852.23,443.51
2026-06-27,Headphones,Accessories,East,10,2537.8,511.98
2026-07-06,Mobile,Electronics,East,4,3670.59,393.72
2026-06-26,Laptop,Electronics,West,8,2968.12,679.95
2026-07-09,Speaker,Accessories,East,2,3435.49,615.56
2026-06-16,Keyboard,Accessories,West,5,123.02,22.92
2026-06-28,Keyboard,Accessories,West,4,2142.68,283.45
2026-06-13,Keyboard,Accessories,South,1,2265.07,446.51
2026-06-29,Mouse,Accessories,East,6,1466.75,117.66
2026-06-26,Mouse,Accessories,East,6,433.19,103.31
2026-06-17,Printer,Office,East,8,618.29,136.69
2026-06-28,Speaker,Accessories,East,5,1302.64,256.46
2026-06-30,Monitor,Electronics,East,5,652.85,49.5
2026-06-29,Printer,Office,South,8,455.64,131.77
2026-07-09,Camera,Electronics,North,5,276.47,77.1
2026-06-17,Monitor,Electronics,North,6,1676.9,169.36
2026-06-17,Mobile,Electronics,South,4,2687.93,215.86
2026-07-09,Headphones,Accessories,North,3,1364.31,271.15
2026-06-14,Laptop,Electronics,East,10,1614.5,302.41
2026-06-14,Mouse,Accessories,South,7,1482.61,227.68
2026-06-27,Speaker,Accessories,West,2,1972.33,305.41
2026-07-07,Speaker,Accessories,North,5,3200.24,811.57
2026-06-27,Printer,Office,South,8,1230.57,147.74
2026-06-14,Monitor,Electronics,East,3,591.55,103.26
2026-07-02,Camera,Electronics,West,1,753.08,135.2
2026-06-24,Laptop,Electronics,East,1,2543.15,351.44
2026-06-13,Mouse,Accessories,West,8,4953.32,1470.03
2026-07-09,Speaker,Accessories,South,3,3352.26,280.51
2026-06-29,Tablet,Electronics,East,6,2552.65,628.27
2026-06-17,Speaker,Accessories,South,10,207.55,29.83
2026-06-28,Mobile,Electronics,North,6,4054.15,442.23
2026-07-03,Tablet,Electronics,East,8,154.41,31.94
2026-07-11,Camera,Electronics,East,7,4051.43,992.16
2026-06-19,Monitor,Electronics,West,9,2678.13,210.51
2026-06-25,Laptop,Electronics,North,7,1269.27,78.92
2026-07-06,Keyboard,Accessories,East,3,4439.64,341.04
2026-07-11,Tablet,Electronics,West,1,4951.98,711.08
2026-06-24,Mouse,Accessories,South,1,2956.33,510.6
2026-06-20,Laptop,Electronics,South,3,4194.47,953.0
2026-06-13,Keyboard,Accessories,North,7,951.13,57.16
2026-07-06,Monitor,Electronics,West,1,381.66,20.67
2026-06-13,Speaker,Accessories,North,10,3994.13,1165.16
2026-07-03,Tablet,Electronics,North,4,3314.3,848.14
2026-06-14,Mouse,Accessories,South,2,1029.12,304.07
2026-07-01,Camera,Electronics,South,7,4333.71,790.15
2026-07-02,Keyboard,Accessories,East,5,3209.43,526.86
2026-06-21,Headphones,Accessories,South,4,4547.34,1346.98
2026-07-09,Speaker,Accessories,East,8,465.94,33.67
2026-06-13,Monitor,Electronics,South,2,3933.58,876.29
2026-06-21,Laptop,Electronics,West,1,3660.77,978.47
2026-06-23,Keyboard,Accessories,South,4,1311.23,337.33
2026-06-12,Laptop,Electronics,South,2,655.71,91.28
2026-07-04,Speaker,Accessories,North,4,465.03,49.89
2026-06-30,Printer,Office,North,10,4459.8,340.55
2026-07-10,Keyboard,Accessories,East,9,4225.32,845.03
2026-07-07,Headphones,Accessories,West,3,3559.05,298.19
2026-07-06,Mouse,Accessories,North,1,567.18,60.18
2026-06-15,Speaker,Accessories,North,3,2615.86,277.22
2026-07-04,Mouse,Accessories,North,1,4749.18,1402.78
2026-07-08,Camera,Electronics,East,9,3353.32,917.5
2026-06-27,Headphones,Accessories,West,4,3321.21,829.79
2026-06-19,Mouse,Accessories,West,9,764.75,86.8
2026-06-22,Tablet,Electronics,West,8,2788.03,145.17
2026-07-03,Headphones,Accessories,East,1,4789.64,913.63
2026-06-28,Speaker,Accessories,West,3,3958.11,299.69
2026-06-24,Tablet,Electronics,South,1,3871.69,561.75
2026-06-28,Mobile,Electronics,East,10,4798.12,322.1
2026-06-14,Camera,Electronics,North,3,2684.6,495.72
2026-07-01,Laptop,Electronics,North,3,1582.16,244.93
2026-06-30,Speaker,Accessories,North,4,4523.44,683.9
2026-07-12,Keyboard,Accessories,West,4,3290.71,318.78
2026-07-05,Speaker,Accessories,South,8,1882.46,454.96
2026-06-21,Printer,Office,West,4,2967.26,657.67
2026-07-03,Tablet,Electronics,North,3,3104.58,379.08
2026-06-30,Headphones,Accessories,North,6,3861.94,1032.29
2026-07-03,Headphones,Accessories,East,6,3991.79,635.24
2026-06-17,Keyboard,Accessories,West,2,237.19,70.31
2026-06-18,Mobile,Electronics,East,6,1296.23,233.51
2026-06-20,Laptop,Electronics,West,2,1433.5,157.93
2026-06-24,Printer,Office,North,9,2490.81,289.1
2026-07-02,Tablet,Electronics,West,8,4637.67,531.86
2026-07-05,Monitor,Electronics,West,10,4343.12,724.56
2026-06-28,Camera,Electronics,East,10,1670.04,425.9
2026-06-30,Speaker,Accessories,South,5,1730.9,495.68
2026-07-07,Tablet,Electronics,South,6,3166.2,883.61
2026-06-15,Printer,Office,East,2,1416.56,195.99
2026-06-17,Headphones,Accessories,East,4,2814.01,386.85
2026-06-13,Tablet,Electronics,West,1,1642.25,463.68
2026-07-08,Tablet,Electronics,East,5,456.05,106.81
2026-06-15,Tablet,Electronics,South,1,4447.91,769.89
2026-06-28,Mobile,Electronics,South,2,2946.71,497.74
2026-06-20,Speaker,Accessories,West,4,3349.99,564.14
2026-07-06,Monitor,Electronics,South,4,3656.44,382.57
2026-06-29,Mouse,Accessories,South,9,3288.83,719.54
2026-07-04,Monitor,Electronics,North,6,2116.83,342.45
2026-06-20,Monitor,Electronics,North,5,4696.12,1368.92
2026-07-08,Keyboard,Accessories,West,2,927.32,272.5
2026-06-30,Headphones,Accessories,North,6,2582.66,757.39
2026-06-15,Headphones,Accessories,South,4,2768.15,492.3
2026-07-12,Headphones,Accessories,South,8,4774.7,930.22
2026-06-26,Speaker,Accessories,West,2,1104.17,267.94
2026-06-15,Printer,Office,East,6,2070.24,437.66
2026-06-29,Printer,Office,South,8,141.92,8.14
2026-06-13,Camera,Electronics,North,6,3920.79,1148.82
2026-07-11,Camera,Electronics,West,6,540.79,58.58
2026-06-30,Mobile,Electronics,East,7,1758.84,291.29
2026-06-30,Headphones,Accessories,West,4,3206.59,177.17
2026-06-27,Headphones,Accessories,North,7,303.8,44.65
2026-07-09,Laptop,Electronics,East,6,2350.76,450.68
2026-07-06,Laptop,Electronics,South,9,993.49,150.91
2026-07-03,Headphones,Accessories,North,3,2712.36,263.85
2026-06-28,Camera,Electronics,North,4,1479.03,408.4
2026-06-25,Keyboard,Accessories,South,4,1104.43,221.66
2026-06-30,Monitor,Electronics,South,6,2227.29,402.44
2026-07-02,Speaker,Accessories,West,4,1888.45,136.43
2026-07-11,Printer,Office,North,6,1236.63,122.84
2026-06-28,Monitor,Electronics,South,3,248.32,39.27
2026-07-07,Keyboard,Accessories,South,9,836.07,127.66
2026-06-29,Monitor,Electronics,East,8,3344.11,877.51
2026-07-12,Laptop,Electronics,East,1,4707.02,1184.28
2026-07-07,Keyboard,Accessories,East,1,4353.65,971.71
2026-06-23,Keyboard,Accessories,North,10,4212.71,1208.43
2026-06-27,Camera,Electronics,East,4,2291.51,524.16
2026-06-12,Mouse,Accessories,South,9,3663.23,646.74
2026-07-07,Tablet,Electronics,North,9,487.2,127.4
2026-06-28,Keyboard,Accessories,West,9,4605.12,1370.44
2026-06-12,Headphones,Accessories,South,5,924.97,76.84
2026-07-05,Keyboard,Accessories,South,5,4785.36,627.33
2026-06-22,Tablet,Electronics,South,9,4065.72,542.95
2026-06-18,Headphones,Accessories,North,4,3541.48,611.6
2026-06-30,Laptop,Electronics,North,7,1664.49,327.92
2026-06-16,Camera,Electronics,North,4,3286.09,897.97
2026-06-28,Mouse,Accessories,East,6,2727.86,173.65
2026-06-12,Monitor,Electronics,South,7,1504.59,271.1
2026-06-18,Camera,Electronics,West,5,2056.32,450.77
2026-06-19,Mobile,Electronics,West,9,4066.19,820.2
2026-06-19,Camera,Electronics,East,8,1015.02,257.11
2026-06-21,Camera,Electronics,North,1,4643.21,1077.95
2026-07-11,Headphones,Accessories,West,3,3605.26,402.29
2026-07-12,Speaker,Accessories,East,3,3688.08,678.49
2026-06-18,Printer,Office,North,9,3387.0,661.78
2026-06-18,Printer,Office,South,3,449.33,33.92
2026-06-28,Mouse,Accessories,West,2,2224.14,318.69
2026-07-04,Printer,Office,East,10,2451.72,398.45
2026-06-19,Mobile,Electronics,North,9,3812.95,479.61
2026-06-15,Monitor,Electronics,North,8,2532.64,295.84
2026-07-01,Mouse,Accessories,East,10,4380.58,1155.9
2026-06-30,Speaker,Accessories,South,1,4291.13,1130.65
2026-07-07,Camera,Electronics,South,1,2426.73,416.55
2026-06-27,Mobile,Electronics,South,5,800.09,117.46
2026-07-08,Headphones,Accessories,North,8,2165.22,507.42
2026-06-19,Headphones,Accessories,North,7,1216.33,189.63
2026-07-05,Tablet,Electronics,West,5,1168.54,316.92
2026-06-21,Headphones,Accessories,East,10,996.95,238.37
2026-07-12,Tablet,Electronics,East,9,2945.57,255.58
2026-07-02,Camera,Electronics,West,1,2845.39,602.01
2026-06-19,Monitor,Electronics,South,10,3877.54,960.84
2026-06-19,Camera,Electronics,East,5,2341.29,267.98
2026-06-17,Camera,Electronics,East,8,3552.21,398.43
2026-06-19,Monitor,Electronics,South,2,188.05,46.02
2026-07-03,Printer,Office,West,3,2476.97,183.23
2026-07-04,Mouse,Accessories,North,8,123.45,26.68
2026-06-30,Printer,Office,West,7,1491.04,259.68
2026-06-24,Mobile,Electronics,North,10,3280.47,851.69
2026-07-01,Monitor,Electronics,South,1,3000.31,787.58
2026-07-04,Tablet,Electronics,South,5,2572.99,283.92
2026-07-12,Camera,Electronics,South,4,1623.96,115.21
2026-06-15,Camera,Electronics,West,9,1017.35,188.17
2026-07-11,Laptop,Electronics,North,3,4600.63,1276.18
2026-06-28,Monitor,Electronics,East,10,3598.16,213.02
2026-07-12,Speaker,Accessories,East,8,631.35,139.52
2026-07-04,Tablet,Electronics,South,2,3673.66,980.95
2026-06-25,Mouse,Accessories,North,3,1307.05,149.36
2026-07-08,Mobile,Electronics,South,5,1755.86,162.92
2026-06-25,Printer,Office,East,2,4517.97,1157.81
2026-06-30,Mouse,Accessories,North,10,4913.74,411.34
2026-07-04,Laptop,Electronics,North,1,4886.13,1106.84
2026-07-06,Headphones,Accessories,North,2,4165.08,270.7
2026-06-12,Camera,Electronics,West,6,859.02,221.29
2026-06-26,Printer,Office,West,4,3775.06,880.57
2026-06-23,Laptop,Electronics,North,3,2726.48,691.4
2026-07-11,Keyboard,Accessories,North,2,4169.69,599.39
2026-07-11,Mobile,Electronics,East,2,1623.84,371.52
2026-06-26,Headphones,Accessories,East,5,264.91,62.58
2026-06-17,Keyboard,Accessories,North,2,933.71,251.41
2026-06-25,Headphones,Accessories,South,1,4194.64,619.72
2026-07-08,Mobile,Electronics,North,3,1791.35,196.74
2026-06-28,Tablet,Electronics,South,8,2256.93,480.23
2026-06-14,Camera,Electronics,West,5,1501.23,394.15
2026-06-24,Printer,Office,South,8,4280.94,257.5
2026-06-15,Monitor,Electronics,West,5,4568.44,869.49
2026-06-26,Tablet,Electronics,South,9,2759.88,584.95
2026-06-24,Headphones,Accessories,North,2,1697.39,395.51
2026-06-20,Camera,Electronics,East,5,2678.91,286.5
2026-06-26,Mouse,Accessories,South,3,842.85,248.39
2026-06-25,Mobile,Electronics,East,9,344.49,18.59
2026-07-12,Printer,Office,South,4,950.6,236.87
2026-06-17,Speaker,Accessories,North,6,375.11,97.4
2026-06-16,Headphones,Accessories,South,2,4318.14,415.71
2026-06-26,Mouse,Accessories,North,2,1380.34,401.4
2026-07-09,Mobile,Electronics,West,10,868.4,172.77
2026-07-06,Mouse,Accessories,South,3,1863.71,403.06
2026-06-19,Mobile,Electronics,South,3,2824.79,846.31
2026-06-25,Printer,Office,East,5,3108.66,177.33
2026-07-04,Mobile,Electronics,West,5,470.18,127.31
2026-07-04,Monitor,Electronics,East,6,2503.07,540.32
2026-06-30,Tablet,Electronics,North,3,3821.41,514.84
2026-06-24,Camera,Electronics,East,7,1771.76,235.97
2026-07-07,Tablet,Electronics,South,7,339.73,53.67
2026-07-12,Mouse,Accessories,West,4,3614.85,499.72
2026-07-06,Camera,Electronics,West,1,3689.03,253.13
2026-07-11,Monitor,Electronics,East,2,2201.59,473.25
2026-06-21,Speaker,Accessories,North,7,2888.99,480.13
2026-06-28,Monitor,Electronics,North,8,732.53,219.17
2026-07-04,Speaker,Accessories,East,4,1881.21,524.49
2026-07-05,Tablet,Electronics,South,6,560.43,97.81
2026-07-08,Camera,Electronics,West,8,2263.47,435.62
2026-06-12,Camera,Electronics,South,4,4505.73,406.22
2026-06-15,Speaker,Accessories,East,10,1681.62,111.46
2026-07-10,Mobile,Electronics,East,1,1499.65,162.04
2026-07-05,Headphones,Accessories,East,3,2614.01,200.66
2026-07-03,Headphones,Accessories,South,10,2759.92,193.54
2026-06-25,Mobile,Electronics,West,3,1995.97,430.96
2026-07-12,Keyboard,Accessories,South,7,1294.54,203.81
2026-07-08,Mobile,Electronics,South,9,1997.57,204.01
2026-06-17,Mobile,Electronics,West,8,4848.96,1261.94
2026-06-21,Tablet,Electronics,South,1,3496.42,824.92
2026-06-24,Mobile,Electronics,South,5,2583.13,460.49
2026-06-22,Printer,Office,East,8,4169.94,871.14
2026-06-14,Headphones,Accessories,East,6,4488.0,1289.66
2026-07-07,Speaker,Accessories,South,9,3691.69,602.57
2026-06-12,Printer,Office,West,2,4738.07,365.59
2026-07-05,Keyboard,Accessories,South,1,4701.86,956.08
2026-06-22,Keyboard,Accessories,South,3,1667.78,409.42
2026-07-05,Printer,Office,South,7,719.49,192.7
2026-06-12,Mouse,Accessories,West,2,4144.75,680.93
2026-07-09,Speaker,Accessories,South,10,4847.19,1372.48
2026-06-29,Camera,Electronics,South,3,2515.23,352.93
2026-06-22,Tablet,Electronics,East,5,2825.61,627.36
2026-06-23,Tablet,Electronics,North,1,1036.67,87.86
2026-07-09,Laptop,Electronics,East,4,120.44,22.7
2026-07-08,Speaker,Accessories,West,6,841.4,250.07
2026-07-07,Printer,Office,West,7,606.61,30.73
2026-06-24,Camera,Electronics,North,6,4578.01,721.62
2026-07-07,Camera,Electronics,West,7,4539.55,883.09
2026-07-07,Keyboard,Accessories,East,2,192.05,31.78
2026-07-10,Keyboard,Accessories,South,9,625.6,147.93
2026-07-03,Keyboard,Accessories,West,4,3801.14,994.38
2026-07-06,Monitor,Electronics,West,7,4056.42,750.31
2026-07-07,Mobile,Electronics,North,4,3559.6,608.04
2026-06-16,Mobile,Electronics,West,2,635.39,114.16
2026-06-26,Printer,Office,South,10,1401.26,192.77
2026-07-02,Laptop,Electronics,South,4,3681.69,582.36
2026-06-23,Keyboard,Accessories,West,5,4165.23,263.71
2026-06-21,Laptop,Electronics,South,6,3269.42,243.39
2026-06-14,Mobile,Electronics,South,1,3223.44,283.25
2026-07-03,Headphones,Accessories,South,1,303.05,33.47
2026-07-06,Camera,Electronics,West,6,350.12,95.59
2026-06-14,Monitor,Electronics,West,5,4304.16,496.44
2026-07-06,Mouse,Accessories,South,4,103.12,8.72
2026-06-29,Mobile,Electronics,North,4,399.85,87.86
2026-06-27,Tablet,Electronics,East,7,1893.33,132.57
2026-07-11,Keyboard,Accessories,East,9,667.95,56.19
2026-07-10,Mobile,Electronics,South,10,302.94,83.21
2026-06-30,Tablet,Electronics,North,10,648.38,161.94
2026-06-30,Printer,Office,West,8,1130.36,280.72
2026-06-20,Mobile,Electronics,West,7,4741.24,1088.76
2026-06-30,Tablet,Electronics,North,8,2935.68,858.8
2026-06-22,Headphones,Accessories,West,5,3332.48,948.47
2026-07-12,Mouse,Accessories,East,9,3442.44,969.69
2026-06-12,Camera,Electronics,West,7,4194.95,878.08
2026-06-23,Tablet,Electronics,South,3,561.97,82.6
2026-07-01,Printer,Office,North,3,261.85,66.29
2026-06-17,Headphones,Accessories,North,8,4130.2,432.57
2026-06-26,Monitor,Electronics,North,4,4758.4,999.52
2026-06-26,Speaker,Accessories,East,7,1419.16,377.3
2026-06-21,Speaker,Accessories,West,6,4220.86,628.59
2026-06-27,Monitor,Electronics,North,10,2997.65,189.9
2026-06-23,Monitor,Electronics,South,3,1515.64,212.96
2026-06-15,Headphones,Accessories,West,3,3071.19,520.84
2026-06-27,Mobile,Electronics,East,9,4331.67,384.83
2026-06-27,Speaker,Accessories,West,2,2950.92,677.25
2026-06-23,Laptop,Electronics,North,9,2838.68,238.21
2026-06-17,Keyboard,Accessories,South,2,3636.13,786.59
2026-06-19,Mobile,Electronics,East,4,1053.41,70.72
2026-06-18,Headphones,Accessories,East,8,2602.48,171.15
2026-07-08,Speaker,Accessories,South,2,4806.87,808.83
2026-07-04,Tablet,Electronics,South,9,4286.75,953.76
2026-06-26,Laptop,Electronics,South,6,3129.5,230.47
2026-06-24,Tablet,Electronics,North,7,3063.0,378.5
2026-06-28,Mouse,Accessories,West,6,1264.6,348.13
2026-06-29,Printer,Office,West,3,2378.59,630.33
2026-06-20,Mobile,Electronics,North,8,1740.77,152.47
2026-07-05,Speaker,Accessories,West,2,757.36,128.8
2026-06-19,Monitor,Electronics,East,4,2835.41,555.71
2026-06-21,Mobile,Electronics,South,4,4255.43,1174.48
2026-07-06,Laptop,Electronics,North,4,3861.41,430.99
2026-06-18,Laptop,Electronics,South,7,4540.55,656.24
2026-06-22,Monitor,Electronics,East,2,2013.18,539.56
2026-07-07,Tablet,Electronics,North,2,100.47,20.66
2026-06-24,Mobile,Electronics,East,1,4231.08,260.65
2026-06-20,Mobile,Electronics,South,1,117.18,6.56
2026-06-24,Keyboard,Accessories,North,3,243.01,24.72
2026-07-01,Mobile,Electronics,South,6,985.21,245.18
2026-07-02,Mobile,Electronics,South,6,464.64,89.21
2026-07-09,Mouse,Accessories,North,4,4208.34,543.55
2026-06-26,Laptop,Electronics,East,5,3315.08,603.11
2026-06-25,Headphones,Accessories,North,7,847.53,170.26
2026-06-13,Monitor,Electronics,North,7,3025.07,797.8
2026-06-18,Mobile,Electronics,North,8,4752.62,616.74
2026-06-16,Speaker,Accessories,South,2,3370.25,605.47
2026-06-12,Laptop,Electronics,East,5,1807.9,450.67
2026-06-25,Speaker,Accessories,West,3,2123.67,586.57
2026-06-16,Laptop,Electronics,South,4,1743.76,150.3
2026-06-16,Printer,Office,East,5,3533.07,655.9
2026-06-12,Speaker,Accessories,North,6,2426.85,676.25
2026-06-18,Speaker,Accessories,West,7,2949.26,326.27
2026-06-30,Headphones,Accessories,South,2,2322.57,577.15
2026-07-03,Mouse,Accessories,North,5,1252.32,357.13
2026-06-16,Printer,Office,East,7,4923.43,618.05
2026-06-15,Headphones,Accessories,North,3,205.33,17.14
2026-07-08,Tablet,Electronics,East,6,2675.41,452.79
2026-06-12,Mouse,Accessories,North,8,4418.54,866.57
2026-06-22,Keyboard,Accessories,North,4,2126.12,631.04
2026-07-03,Mobile,Electronics,East,3,4596.81,1110.73
2026-06-19,Mouse,Accessories,West,2,4830.19,1034.16
2026-06-12,Tablet,Electronics,East,4,540.29,58.03
2026-06-28,Printer,Office,North,9,4083.48,1070.41
2026-07-05,Headphones,Accessories,West,4,2731.88,654.99
2026-07-07,Headphones,Accessories,North,6,1325.12,199.9
2026-06-15,Mouse,Accessories,West,6,2155.33,618.72
2026-06-25,Laptop,Electronics,North,10,4018.61,803.32
2026-06-26,Mouse,Accessories,North,6,2101.26,622.94
2026-07-12,Mouse,Accessories,West,4,2147.94,196.23
2026-06-23,Monitor,Electronics,East,4,3749.51,452.9
2026-07-07,Mobile,Electronics,East,1,1304.66,77.14
2026-06-26,Keyboard,Accessories,East,3,4163.97,559.24
2026-06-22,Laptop,Electronics,East,8,570.11,144.99
2026-06-17,Tablet,Electronics,East,7,1513.62,273.18
2026-07-02,Headphones,Accessories,South,3,4445.94,775.27
2026-07-07,Camera,Electronics,East,9,4978.04,706.94
2026-06-18,Monitor,Electronics,East,5,1861.72,465.34
2026-06-29,Tablet,Electronics,North,5,1418.25,299.65
2026-07-08,Keyboard,Accessories,South,8,4586.07,643.16
2026-07-01,Laptop,Electronics,West,8,2323.47,573.04
2026-07-03,Tablet,Electronics,North,5,170.91,42.49
2026-06-24,Monitor,Electronics,South,3,3520.43,617.8
2026-07-03,Keyboard,Accessories,West,6,1687.81,294.19
2026-06-18,Monitor,Electronics,East,6,3713.91,671.74
2026-06-26,Headphones,Accessories,South,6,1459.2,286.82
2026-07-12,Headphones,Accessories,East,10,4981.56,1225.07
2026-06-13,Keyboard,Accessories,West,5,1868.6,408.63
2026-07-04,Tablet,Electronics,East,8,857.84,72.32
2026-07-02,Mobile,Electronics,South,5,3546.99,886.98
2026-07-02,Headphones,Accessories,East,6,2794.85,149.23
2026-07-11,Speaker,Accessories,North,5,4330.64,411.69
2026-07-01,Laptop,Electronics,East,7,179.15,49.91
2026-07-01,Keyboard,Accessories,North,1,4525.91,493.6
2026-07-09,Keyboard,Accessories,North,10,3073.32,802.09
2026-06-14,Mobile,Electronics,South,4,2721.0,193.6
2026-07-07,Speaker,Accessories,North,7,4443.0,1269.4
2026-07-12,Monitor,Electronics,South,7,2135.32,523.11
2026-07-11,Camera,Electronics,North,10,273.37,19.08
2026-07-03,Mouse,Accessories,East,4,639.65,119.4
2026-07-08,Mobile,Electronics,South,3,2500.37,465.12
2026-07-12,Mouse,Accessories,South,6,2436.55,706.68
2026-06-25,Mouse,Accessories,South,10,966.75,217.69
2026-07-11,Speaker,Accessories,West,2,4913.7,659.73
2026-07-01,Mouse,Accessories,North,8,828.65,214.13
2026-07-04,Speaker,Accessories,West,9,1395.48,270.6
2026-06-30,Printer,Office,West,5,2738.53,733.52
2026-06-22,Monitor,Electronics,South,9,3428.75,549.83
2026-06-26,Headphones,Accessories,South,4,3467.61,1011.85
2026-07-08,Tablet,Electronics,West,7,3705.57,563.51
2026-06-26,Mouse,Accessories,West,1,4515.0,1286.55
2026-06-16,Monitor,Electronics,South,9,1539.87,77.94
2026-07-02,Monitor,Electronics,North,1,855.77,112.29
2026-06-21,Mobile,Electronics,North,7,152.69,10.91
2026-06-13,Tablet,Electronics,South,6,2780.48,608.53
2026-06-21,Monitor,Electronics,North,3,434.67,102.85
2026-07-05,Keyboard,Accessories,West,4,3292.5,847.5
2026-07-08,Monitor,Electronics,South,8,1180.1,270.81
2026-07-01,Mouse,Accessories,West,8,2762.22,626.94
2026-06-17,Tablet,Electronics,South,6,4157.51,941.38
2026-07-10,Printer,Office,North,9,4078.7,252.9
2026-06-18,Mouse,Accessories,South,5,3382.6,713.19
2026-06-13,Keyboard,Accessories,North,3,1251.93,196.17
2026-07-11,Mouse,Accessories,East,8,816.11,219.62
2026-06-14,Speaker,Accessories,East,8,3021.99,727.54
2026-06-13,Mouse,Accessories,West,9,3724.06,790.44
2026-07-07,Camera,Electronics,East,4,1157.43,227.14
2026-07-03,Laptop,Electronics,South,10,3651.48,897.56
2026-07-12,Monitor,Electronics,South,5,1319.78,378.85
2026-06-30,Keyboard,Accessories,East,3,4981.98,874.03
2026-07-02,Mouse,Accessories,West,9,3158.74,688.62
2026-06-26,Camera,Electronics,South,2,4891.71,1171.96
2026-06-27,Headphones,Accessories,East,10,4255.06,593.92
2026-06-22,Tablet,Electronics,South,10,2589.17,233.26
2026-06-25,Laptop,Electronics,East,10,1816.61,131.87
2026-07-11,Tablet,Electronics,South,10,3375.51,245.22
2026-06-27,Monitor,Electronics,East,1,2836.58,260.37
2026-06-27,Printer,Office,South,3,2313.87,201.38
2026-06-28,Mouse,Accessories,North,7,3207.06,709.13
2026-06-28,Camera,Electronics,North,10,4117.99,417.68
2026-07-02,Monitor,Electronics,West,8,1702.04,399.27
2026-06-14,Speaker,Accessories,South,5,1412.53,278.45
2026-06-22,Mouse,Accessories,West,9,4239.66,1188.98
2026-07-05,Mobile,Electronics,North,10,3452.22,741.63
2026-06-23,Printer,Office,West,6,2655.68,278.48
2026-07-01,Printer,Office,West,4,3446.53,844.19
2026-06-16,Mouse,Accessories,East,1,307.68,37.99
2026-06-27,Printer,Office,South,5,4129.4,812.41
2026-06-30,Mobile,Electronics,South,4,3563.61,688.43
2026-06-15,Keyboard,Accessories,East,7,2445.97,148.08
2026-07-02,Mouse,Accessories,West,2,3244.9,463.76
2026-06-14,Camera,Electronics,North,3,4033.58,374.08
2026-07-03,Headphones,Accessories,South,5,3021.82,509.22
2026-06-14,Headphones,Accessories,East,1,1408.2,89.54
2026-06-26,Monitor,Electronics,West,9,1075.4,254.89
2026-06-22,Mouse,Accessories,West,2,651.94,102.34
2026-06-28,Printer,Office,South,7,1285.09,337.71
2026-07-02,Speaker,Accessories,South,7,2844.17,174.73
2026-07-02,Printer,Office,South,10,2060.82,392.95
2026-07-12,Laptop,Electronics,West,4,3289.39,753.65
2026-06-21,Monitor,Electronics,South,2,3096.46,701.36
2026-07-11,Mobile,Electronics,North,7,4631.38,1285.12
2026-07-05,Mouse,Accessories,North,6,814.12,224.12
2026-07-07,Keyboard,Accessories,West,3,2194.5,387.69
2026-07-07,Mouse,Accessories,South,7,3813.96,1129.04
2026-06-16,Laptop,Electronics,East,6,3013.31,576.86
2026-07-08,Monitor,Electronics,East,3,294.97,23.52
2026-06-28,Tablet,Electronics,West,9,1866.06,366.85
2026-06-28,Headphones,Accessories,North,6,520.76,66.71
2026-06-17,Mouse,Accessories,West,5,2657.97,720.97
2026-07-02,Tablet,Electronics,South,6,4327.14,1210.9
2026-06-18,Mobile,Electronics,East,3,3530.57,661.84
2026-06-18,Tablet,Electronics,North,3,840.32,90.4
2026-07-08,Camera,Electronics,East,10,3471.83,428.25
2026-07-07,Monitor,Electronics,West,9,2854.24,636.67
2026-06-12,Speaker,Accessories,West,5,1784.76,300.45
2026-06-27,Laptop,Electronics,South,6,2977.83,646.58
2026-07-07,Camera,Electronics,North,1,1365.39,313.07
2026-06-25,Keyboard,Accessories,South,9,4281.67,314.66
2026-07-12,Keyboard,Accessories,West,5,210.11,55.55
2026-06-22,Keyboard,Accessories,North,10,3299.53,716.79
2026-06-18,Keyboard,Accessories,East,2,405.71,38.38
2026-07-02,Mouse,Accessories,South,1,476.11,49.51
2026-07-11,Monitor,Electronics,North,1,1921.2,296.54
2026-07-05,Camera,Electronics,South,2,1272.59,211.37
2026-06-17,Speaker,Accessories,South,7,4457.17,989.63
2026-06-12,Camera,Electronics,South,1,4387.19,998.14
2026-06-26,Printer,Office,West,1,4414.33,1122.51
2026-06-17,Headphones,Accessories,East,7,3230.77,691.91
2026-07-01,Mobile,Electronics,West,8,4099.33,595.86
2026-06-19,Monitor,Electronics,South,8,3011.68,767.97
2026-06-27,Speaker,Accessories,North,4,1159.98,254.49
2026-06-17,Mobile,Electronics,West,6,3653.8,248.78
2026-07-05,Laptop,Electronics,East,2,4805.18,1074.3
2026-07-01,Mouse,Accessories,South,9,4079.04,620.58
2026-07-01,Printer,Office,North,5,1701.92,362.53
2026-07-11,Mobile,Electronics,South,6,1424.54,112.26
2026-07-02,Speaker,Accessories,East,5,1009.13,286.71
2026-07-02,Headphones,Accessories,North,4,824.69,91.88
2026-06-16,Speaker,Accessories,North,9,1498.39,345.39
2026-07-11,Headphones,Accessories,South,10,1275.62,121.47
2026-06-16,Laptop,Electronics,South,8,492.14,112.77
2026-06-13,Printer,Office,East,4,2163.32,611.66
2026-07-02,Printer,Office,West,5,4618.31,608.75
2026-06-18,Keyboard,Accessories,East,9,1024.45,122.79
2026-06-15,Speaker,Accessories,East,5,1368.84,125.58
2026-06-16,Monitor,Electronics,South,5,659.19,163.13
2026-06-29,Tablet,Electronics,East,10,2904.39,321.03
2026-07-11,Keyboard,Accessories,West,5,809.47,86.38
2026-07-01,Mouse,Accessories,North,10,3090.49,890.76
2026-06-12,Laptop,Electronics,West,2,1309.21,392.48
2026-06-15,Laptop,Electronics,East,4,3846.16,1076.94
2026-07-05,Keyboard,Accessories,West,8,3229.45,835.57
2026-06-14,Printer,Office,East,10,1978.96,130.26
2026-06-13,Tablet,Electronics,South,2,3063.09,260.58
2026-06-27,Laptop,Electronics,West,9,242.84,26.6
2026-06-29,Keyboard,Accessories,South,9,1754.43,92.43
2026-07-05,Printer,Office,South,7,4157.39,1182.28
2026-06-26,Monitor,Electronics,South,4,2180.75,436.75
2026-06-26,Monitor,Electronics,West,7,4946.11,1037.92
2026-07-01,Mobile,Electronics,North,10,4300.41,683.86
2026-06-29,Headphones,Accessories,West,7,1284.03,185.51
2026-06-19,Speaker,Accessories,North,1,1133.53,272.87
2026-06-18,Printer,Office,East,6,2809.86,165.72
2026-07-10,Monitor,Electronics,East,5,4022.96,768.91
2026-07-08,Monitor,Electronics,North,4,1553.86,273.23
2026-06-20,Camera,Electronics,West,10,3958.32,1056.12
2026-06-20,Monitor,Electronics,West,1,4461.65,502.71
2026-06-22,Camera,Electronics,South,10,1521.29,111.18
2026-07-08,Keyboard,Accessories,West,1,2373.26,300.52
2026-07-04,Keyboard,Accessories,East,2,3431.55,651.3
2026-06-25,Speaker,Accessories,South,8,1333.78,96.6
2026-06-23,Keyboard,Accessories,South,2,2514.68,336.15
2026-07-12,Laptop,Electronics,South,9,4888.59,245.37
2026-06-21,Mobile,Electronics,East,5,1415.34,265.23
2026-06-19,Headphones,Accessories,South,1,2829.96,274.09
2026-06-18,Speaker,Accessories,South,6,3780.7,215.93
2026-06-25,Monitor,Electronics,North,9,2460.18,305.16
2026-06-18,Mobile,Electronics,West,10,2017.16,334.27
2026-07-03,Headphones,Accessories,East,8,2658.16,504.56
2026-07-06,Printer,Office,South,9,537.76,94.71
2026-06-25,Printer,Office,West,3,2968.47,450.55
2026-06-19,Printer,Office,North,7,3671.93,461.92
2026-06-27,Keyboard,Accessories,West,6,4260.5,1104.82
2026-07-09,Camera,Electronics,North,7,1735.73,409.4
2026-06-30,Tablet,Electronics,South,9,4764.84,454.32
2026-07-04,Camera,Electronics,South,7,1966.09,158.53
2026-06-21,Camera,Electronics,North,3,4266.06,749.65
2026-06-29,Laptop,Electronics,West,3,4656.59,903.35
2026-06-25,Speaker,Accessories,West,8,1602.08,346.84
2026-06-28,Monitor,Electronics,East,3,2491.88,481.72
2026-07-03,Speaker,Accessories,West,3,2756.79,272.29
2026-07-05,Keyboard,Accessories,South,7,3773.08,374.03
2026-06-22,Printer,Office,North,6,3824.27,460.23
2026-07-10,Camera,Electronics,East,4,4278.01,1042.52
2026-06-29,Tablet,Electronics,East,10,4935.4,724.76
2026-06-23,Mouse,Accessories,East,6,3350.09,676.73
2026-07-12,Printer,Office,East,4,4334.48,994.72
2026-07-07,Camera,Electronics,South,3,3700.19,688.22
2026-06-14,Speaker,Accessories,East,6,2546.57,269.27
2026-06-23,Laptop,Electronics,North,10,3651.7,426.13
2026-06-30,Headphones,Accessories,North,1,2708.37,301.46
2026-06-20,Laptop,Electronics,South,5,2671.98,400.21
2026-06-12,Tablet,Electronics,South,7,3558.93,564.6
2026-06-16,Speaker,Accessories,West,5,4838.94,1042.25
2026-07-04,Laptop,Electronics,East,1,4456.99,362.11
2026-06-13,Printer,Office,West,3,1252.85,171.37
2026-07-03,Mobile,Electronics,West,9,4130.98,598.83
2026-06-22,Keyboard,Accessories,North,2,1637.2,278.94
2026-07-12,Laptop,Electronics,South,2,4827.36,1406.62
2026-07-05,Speaker,Accessories,West,8,4141.25,757.38
2026-06-26,Mobile,Electronics,North,8,182.24,28.74
2026-07-12,Speaker,Accessories,South,4,3588.87,700.19
2026-06-19,Mouse,Accessories,South,3,4106.93,993.11
2026-06-29,Keyboard,Accessories,South,8,4027.36,447.69
2026-07-12,Laptop,Electronics,West,8,1519.36,423.51
2026-06-18,Mouse,Accessories,West,6,899.2,193.31
2026-06-21,Tablet,Electronics,East,6,1921.18,467.85
2026-07-02,Mobile,Electronics,North,5,565.12,113.38
2026-07-10,Mouse,Accessories,East,2,1423.04,102.3
2026-07-02,Tablet,Electronics,North,6,1951.02,309.29
2026-07-02,Keyboard,Accessories,West,4,4737.84,1333.74
2026-06-24,Speaker,Accessories,West,2,2702.36,136.15
2026-06-27,Speaker,Accessories,West,7,2214.67,335.82
2026-06-22,Mobile,Electronics,West,8,3193.56,285.77
2026-07-11,Laptop,Electronics,South,4,1934.56,560.53
2026-07-01,Monitor,Electronics,South,4,1309.86,184.2
2026-07-01,Printer,Office,South,9,431.11,97.74
2026-06-20,Speaker,Accessories,South,2,1541.67,364.69
2026-07-04,Tablet,Electronics,North,7,2857.49,538.97
2026-07-05,Mouse,Accessories,East,4,3426.53,371.69
2026-06-27,Keyboard,Accessories,North,6,966.17,136.34
2026-06-25,Camera,Electronics,North,6,1266.23,200.02
2026-06-20,Keyboard,Accessories,North,5,1182.9,258.71
2026-06-12,Keyboard,Accessories,East,5,2645.2,384.88
2026-07-02,Monitor,Electronics,East,2,3253.14,428.31
2026-07-03,Printer,Office,South,6,2522.14,541.45
2026-06-15,Monitor,Electronics,North,5,1481.96,271.99
2026-06-12,Mouse,Accessories,South,6,3270.63,593.27
2026-06-15,Keyboard,Accessories,East,2,2435.18,553.33
2026-06-18,Headphones,Accessories,North,10,1627.23,112.29
2026-06-20,Speaker,Accessories,North,10,3823.93,606.85
2026-06-29,Laptop,Electronics,West,4,4170.13,238.76
2026-06-15,Mobile,Electronics,North,4,427.12,114.24
2026-06-16,Printer,Office,North,1,1549.88,268.0
2026-06-18,Monitor,Electronics,East,2,1928.61,544.89
2026-06-16,Keyboard,Accessories,South,4,4286.13,367.49
2026-07-02,Laptop,Electronics,South,7,2918.68,354.15
2026-07-09,Speaker,Accessories,East,10,4448.75,1318.3
2026-07-07,Mobile,Electronics,North,4,2417.01,512.74
2026-07-01,Mouse,Accessories,West,6,4168.24,849.97
2026-06-15,Monitor,Electronics,North,10,2250.7,464.05
2026-06-14,Headphones,Accessories,South,2,359.79,60.01
2026-06-30,Keyboard,Accessories,West,6,2795.66,549.96
2026-07-07,Keyboard,Accessories,West,10,4625.93,233.96
2026-07-11,Mobile,Electronics,North,8,4922.76,1457.65
2026-07-07,Printer,Office,North,1,1768.19,506.79
2026-07-10,Laptop,Electronics,East,4,4802.56,679.74
2026-07-10,Tablet,Electronics,South,1,2456.83,413.0
2026-06-19,Headphones,Accessories,West,3,2291.97,244.36
2026-07-03,Speaker,Accessories,West,5,2757.5,522.39
2026-07-04,Mobile,Electronics,South,7,3954.23,301.82
2026-07-04,Printer,Office,North,9,2944.52,176.1
2026-06-29,Printer,Office,West,7,2800.6,421.33
2026-07-02,Keyboard,Accessories,West,5,2816.24,403.72
2026-07-05,Keyboard,Accessories,East,8,3458.49,585.62
2026-06-30,Monitor,Electronics,West,2,3440.95,771.87
2026-06-25,Speaker,Accessories,East,3,2322.44,354.07
2026-06-16,Speaker,Accessories,West,4,3518.32,542.47
2026-06-25,Headphones,Accessories,North,6,3248.01,279.3
2026-06-28,Mouse,Accessories,West,1,3217.37,865.03
2026-06-28,Keyboard,Accessories,North,7,4465.81,368.87
2026-07-03,Mobile,Electronics,East,4,4706.53,571.61
2026-06-29,Headphones,Accessories,East,9,1664.17,376.15
2026-06-27,Laptop,Electronics,South,8,4699.39,1324.7
2026-06-30,Tablet,Electronics,East,2,1916.98,103.29
2026-06-27,Headphones,Accessories,North,10,3533.46,217.26
2026-06-18,Tablet,Electronics,East,4,4378.47,334.27
2026-07-11,Printer,Office,North,6,2974.73,394.43
2026-06-16,Mouse,Accessories,East,5,2193.96,495.69
2026-06-12,Laptop,Electronics,South,3,3939.88,710.76
2026-06-23,Printer,Office,North,8,4607.05,1344.15
2026-07-07,Printer,Office,West,2,1678.83,420.33
2026-06-18,Speaker,Accessories,West,7,4064.35,940.46
2026-07-07,Camera,Electronics,East,1,1458.27,300.62
2026-06-15,Mobile,Electronics,West,9,961.17,56.33
2026-06-28,Laptop,Electronics,South,5,4003.8,1031.25
2026-07-05,Speaker,Accessories,North,3,3787.78,642.94
2026-07-06,Printer,Office,West,9,3021.66,303.32
2026-07-12,Printer,Office,East,2,703.04,135.3
2026-07-10,Keyboard,Accessories,South,8,1487.44,370.81
2026-07-12,Printer,Office,South,6,3468.72,756.04
2026-07-10,Printer,Office,East,5,2455.7,219.97
2026-06-21,Tablet,Electronics,South,8,3933.91,1056.39
2026-06-27,Mobile,Electronics,West,8,1280.63,229.08
2026-07-11,Keyboard,Accessories,East,1,2301.53,309.64
2026-06-22,Printer,Office,South,3,4550.31,610.45
2026-06-27,Tablet,Electronics,East,2,874.02,106.31
2026-06-27,Speaker,Accessories,East,10,754.48,44.03
2026-06-29,Tablet,Electronics,West,1,180.85,15.73
2026-07-07,Keyboard,Accessories,South,7,3915.54,1093.87
2026-07-11,Keyboard,Accessories,South,10,2264.17,375.25
2026-06-18,Printer,Office,North,10,1680.86,89.87
2026-06-13,Laptop,Electronics,West,5,1548.56,388.09
2026-07-09,Headphones,Accessories,East,8,3184.85,292.89
2026-06-23,Keyboard,Accessories,North,4,1974.72,486.76
2026-07-11,Camera,Electronics,East,4,907.8,214.32
2026-07-04,Camera,Electronics,West,10,131.6,29.11
2026-06-29,Headphones,Accessories,South,7,2112.86,370.31
2026-06-19,Mobile,Electronics,North,1,2688.92,241.6
2026-06-30,Laptop,Electronics,East,2,4591.3,1315.14
2026-06-28,Tablet,Electronics,West,4,703.49,177.01
2026-07-12,Headphones,Accessories,West,7,655.71,133.07
2026-06-22,Speaker,Accessories,South,4,624.51,76.54
2026-06-21,Keyboard,Accessories,East,8,2113.31,227.12
2026-06-13,Keyboard,Accessories,West,6,1803.1,422.87
2026-07-01,Mobile,Electronics,North,4,744.25,140.35
2026-06-16,Printer,Office,South,2,3800.8,918.35
2026-06-16,Mobile,Electronics,East,5,1800.66,357.36
2026-07-09,Tablet,Electronics,South,6,2989.89,869.82
2026-07-09,Mobile,Electronics,North,5,3601.84,844.2
2026-06-29,Speaker,Accessories,North,4,1102.79,119.36
2026-06-30,Keyboard,Accessories,West,9,3561.89,404.69
2026-06-23,Printer,Office,North,8,1255.75,363.06
2026-06-27,Tablet,Electronics,West,1,4829.91,1097.54
2026-06-12,Camera,Electronics,West,1,4427.25,306.27
2026-07-07,Keyboard,Accessories,West,8,2461.39,675.95
2026-07-04,Headphones,Accessories,North,7,3784.53,266.87
2026-06-20,Mouse,Accessories,North,8,3831.47,495.96
2026-07-05,Speaker,Accessories,South,7,1486.94,184.26
2026-07-02,Headphones,Accessories,South,4,3653.42,482.79
2026-06-18,Monitor,Electronics,South,9,2016.74,502.97
2026-06-20,Camera,Electronics,East,5,4862.69,412.97
2026-07-06,Tablet,Electronics,South,3,1918.35,230.3
2026-06-18,Camera,Electronics,West,8,4756.46,983.91
2026-07-12,Tablet,Electronics,North,7,2096.62,573.25
2026-07-04,Headphones,Accessories,South,3,2769.12,279.08
2026-06-26,Speaker,Accessories,North,10,4642.74,913.86
2026-07-08,Camera,Electronics,South,3,1983.65,589.36
2026-07-06,Laptop,Electronics,East,10,2969.51,262.87
2026-07-04,Camera,Electronics,South,5,1799.55,475.83
2026-07-04,Laptop,Electronics,East,2,2047.98,126.39
2026-06-21,Headphones,Accessories,East,3,2474.48,481.46
2026-07-10,Printer,Office,South,8,1458.58,242.4
2026-06-29,Mouse,Accessories,South,4,4901.0,562.3
2026-07-10,Laptop,Electronics,South,5,3573.03,693.64
2026-06-18,Speaker,Accessories,North,9,3681.24,445.63
2026-06-29,Speaker,Accessories,East,1,4678.93,646.19
2026-06-21,Tablet,Electronics,North,1,3489.72,649.46
2026-06-26,Headphones,Accessories,South,9,4865.09,1200.67
2026-06-13,Speaker,Accessories,East,4,1311.63,134.3
2026-06-17,Printer,Office,North,10,2297.69,193.04
2026-07-11,Monitor,Electronics,South,8,2263.55,578.26
2026-06-29,Mouse,Accessories,East,3,2210.91,176.68
2026-06-12,Camera,Electronics,South,8,107.16,15.43
2026-06-28,Monitor,Electronics,West,6,4248.16,874.56
2026-07-11,Headphones,Accessories,North,4,1372.97,83.78
2026-06-24,Mouse,Accessories,South,10,1334.05,231.41
2026-06-18,Monitor,Electronics,North,2,2044.17,149.85
2026-06-17,Mobile,Electronics,South,2,2301.91,549.0
2026-07-07,Monitor,Electronics,East,6,1549.75,187.64
2026-06-24,Printer,Office,South,7,1639.29,438.95
2026-07-03,Speaker,Accessories,North,5,4110.45,550.75
2026-07-07,Headphones,Accessories,East,6,2898.23,793.45
2026-07-12,Mouse,Accessories,North,8,1042.87,195.2
2026-06-17,Headphones,Accessories,North,8,4124.66,855.29
2026-06-21,Tablet,Electronics,South,7,1192.3,101.1
2026-06-14,Printer,Office,West,5,3807.02,510.49
2026-06-21,Camera,Electronics,East,3,1923.38,453.89
2026-06-13,Laptop,Electronics,South,4,3735.72,900.54
2026-07-12,Headphones,Accessories,East,3,2623.53,526.3
2026-07-05,Mobile,Electronics,South,1,193.47,15.84
2026-06-27,Laptop,Electronics,West,1,3131.99,394.74
2026-07-10,Mobile,Electronics,West,8,3576.92,526.51
2026-06-12,Printer,Office,North,5,2752.55,155.72
2026-06-23,Tablet,Electronics,North,8,1949.8,256.77
2026-07-02,Headphones,Accessories,North,7,964.35,72.28
2026-07-08,Tablet,Electronics,West,7,1239.13,329.1
2026-06-27,Headphones,Accessories,South,8,4534.97,1127.12
2026-07-10,Printer,Office,East,7,2358.1,315.82
2026-06-21,Mobile,Electronics,West,9,4189.09,665.53
2026-07-11,Keyboard,Accessories,South,3,3374.47,176.15
2026-06-29,Keyboard,Accessories,East,5,1011.5,106.23
2026-07-07,Speaker,Accessories,South,10,895.33,99.75
2026-07-12,Printer,Office,West,8,2133.38,546.64
2026-06-18,Tablet,Electronics,West,10,4981.28,638.22
2026-06-22,Laptop,Electronics,South,3,2211.14,257.07
2026-07-06,Speaker,Accessories,North,10,2763.07,642.6
2026-06-13,Laptop,Electronics,South,9,3400.06,352.72
2026-06-28,Tablet,Electronics,East,3,648.85,186.44
2026-07-11,Monitor,Electronics,South,1,4201.19,706.74
2026-06-16,Mouse,Accessories,West,8,926.43,270.25
2026-06-28,Monitor,Electronics,North,4,2549.58,351.31
2026-06-13,Printer,Office,North,8,4044.29,291.26
2026-07-09,Keyboard,Accessories,North,1,2879.38,293.21
2026-06-23,Printer,Office,West,1,4573.53,993.74
2026-07-06,Keyboard,Accessories,South,1,1968.77,476.4
2026-06-16,Laptop,Electronics,East,2,1142.67,120.46
2026-06-27,Camera,Electronics,West,7,2184.79,175.67
2026-07-07,Monitor,Electronics,North,6,722.42,206.5
2026-07-07,Keyboard,Accessories,West,6,4014.82,211.62
2026-07-03,Speaker,Accessories,West,3,2290.65,128.3
2026-06-21,Printer,Office,West,1,1902.94,483.99
2026-06-22,Laptop,Electronics,North,9,1526.03,162.13
2026-07-07,Mobile,Electronics,South,5,4370.3,818.92
2026-06-15,Camera,Electronics,West,3,331.44,44.29
2026-06-22,Monitor,Electronics,West,8,2366.53,468.42
2026-07-01,Mouse,Accessories,South,7,4754.11,918.32
2026-07-06,Laptop,Electronics,West,8,1063.57,166.43
2026-07-07,Keyboard,Accessories,South,9,1098.79,304.97
2026-06-20,Keyboard,Accessories,West,1,2181.9,131.78
2026-06-21,Monitor,Electronics,West,9,4331.97,680.92
2026-06-12,Mobile,Electronics,West,5,2976.27,272.6
2026-07-10,Laptop,Electronics,South,7,4262.66,1019.16
2026-07-08,Keyboard,Accessories,North,9,4421.31,370.73
2026-06-30,Keyboard,Accessories,East,6,1536.72,196.03
2026-06-21,Speaker,Accessories,West,5,3862.58,366.64
2026-07-11,Tablet,Electronics,East,1,775.09,65.72
2026-07-09,Headphones,Accessories,North,1,4205.36,615.79
2026-06-14,Monitor,Electronics,North,8,3337.65,457.65
2026-07-12,Mouse,Accessories,West,9,318.89,49.66
2026-07-03,Headphones,Accessories,East,3,2629.1,733.95
2026-07-06,Mouse,Accessories,East,5,1383.17,348.44
2026-06-12,Mouse,Accessories,West,7,1925.97,157.72
2026-06-16,Speaker,Accessories,South,8,3874.69,655.62
2026-06-22,Printer,Office,East,7,4463.32,654.59
2026-07-03,Printer,Office,North,6,545.68,51.62
2026-06-21,Mouse,Accessories,South,6,2074.03,257.12
2026-06-13,Mouse,Accessories,North,4,1396.32,295.47
2026-06-22,Keyboard,Accessories,North,6,2228.76,160.21
2026-07-03,Mobile,Electronics,North,10,2522.63,323.33
2026-06-24,Mobile,Electronics,East,4,3254.9,340.03
2026-06-13,Tablet,Electronics,South,9,3360.75,737.54
2026-06-24,Laptop,Electronics,West,1,1553.13,142.68
2026-06-22,Keyboard,Accessories,South,10,4843.43,532.8
2026-07-11,Monitor,Electronics,South,10,1347.69,362.35
2026-06-19,Headphones,Accessories,North,4,4135.4,771.56
2026-06-16,Mouse,Accessories,West,8,2316.64,376.8
2026-07-03,Mobile,Electronics,North,8,906.84,103.37
2026-06-18,Laptop,Electronics,East,10,2501.88,159.95
2026-07-06,Mobile,Electronics,West,3,945.72,86.51
2026-07-07,Mobile,Electronics,South,2,4220.76,428.29
2026-06-25,Keyboard,Accessories,East,1,4243.8,536.06
2026-06-21,Laptop,Electronics,East,3,3060.16,892.63
2026-06-25,Mouse,Accessories,North,2,3931.69,1066.38
2026-06-15,Camera,Electronics,West,4,1445.48,324.6
2026-07-11,Laptop,Electronics,West,2,2854.12,416.82
2026-06-28,Printer,Office,East,4,485.74,29.71
2026-06-25,Speaker,Accessories,South,7,867.96,78.17
2026-07-12,Camera,Electronics,North,6,958.76,154.46
2026-07-06,Tablet,Electronics,West,3,328.97,92.74
2026-06-12,Mobile,Electronics,South,9,1922.28,467.14
2026-07-02,Tablet,Electronics,West,7,2370.32,279.6
2026-06-24,Camera,Electronics,North,10,3951.37,723.72
2026-07-07,Mouse,Accessories,East,3,4308.04,997.52
2026-07-09,Speaker,Accessories,North,7,2163.75,274.49
2026-07-08,Monitor,Electronics,South,5,4484.48,901.98
2026-06-26,Monitor,Electronics,West,2,3881.03,352.01
2026-07-11,Keyboard,Accessories,South,10,1564.71,294.38
2026-06-29,Mobile,Electronics,South,8,2180.94,291.84
2026-06-18,Monitor,Electronics,West,2,1567.28,132.03
2026-07-03,Laptop,Electronics,South,5,4036.6,730.37
2026-06-14,Tablet,Electronics,South,2,1246.69,148.39
2026-06-15,Tablet,Electronics,West,4,2230.95,131.37
2026-07-03,Mobile,Electronics,South,2,778.28,133.26
2026-06-28,Printer,Office,East,6,1331.58,103.5
2026-06-17,Laptop,Electronics,West,6,2342.13,249.48
2026-06-23,Keyboard,Accessories,North,1,3667.54,877.6
2026-06-29,Laptop,Electronics,North,2,4216.27,1055.1
2026-07-08,Headphones,Accessories,West,3,3733.52,550.8
2026-06-17,Mouse,Accessories,East,6,2547.75,177.15
2026-06-16,Mobile,Electronics,East,10,3763.05,631.75
2026-06-15,Keyboard,Accessories,East,10,3708.13,754.34
2026-06-17,Mobile,Electronics,West,5,4818.8,687.09
2026-06-19,Mouse,Accessories,West,10,4866.9,535.48
2026-06-15,Headphones,Accessories,East,8,184.29,45.12
2026-06-30,Camera,Electronics,North,5,1547.31,409.39
2026-06-19,Keyboard,Accessories,South,10,4072.04,822.41
2026-06-27,Keyboard,Accessories,East,5,4274.88,504.03
2026-06-25,Monitor,Electronics,East,2,4469.47,984.19
2026-06-15,Tablet,Electronics,North,8,822.02,51.3
2026-06-25,Monitor,Electronics,East,4,500.38,145.62
2026-07-11,Tablet,Electronics,North,3,1014.04,162.07
2026-07-03,Speaker,Accessories,West,4,4604.81,287.2
2026-07-07,Camera,Electronics,South,7,3891.35,935.75
2026-06-22,Tablet,Electronics,East,2,1745.73,260.99
2026-06-18,Laptop,Electronics,North,5,1206.94,285.95
2026-06-26,Headphones,Accessories,East,4,1056.03,271.81
2026-06-16,Keyboard,Accessories,North,8,1161.85,173.04
2026-06-17,Headphones,Accessories,South,5,1847.67,408.32
2026-06-30,Keyboard,Accessories,North,10,4979.18,953.1
2026-07-10,Speaker,Accessories,South,7,759.22,193.04
2026-06-18,Mouse,Accessories,North,2,4743.1,597.31
2026-06-16,Headphones,Accessories,East,2,4723.96,913.35
2026-07-08,Mouse,Accessories,West,9,1184.88,268.89
2026-07-05,Printer,Office,South,4,594.23,94.86
2026-07-07,Keyboard,Accessories,North,8,346.97,63.82
2026-07-06,Headphones,Accessories,South,9,2065.69,578.13
2026-07-05,Printer,Office,East,10,1402.85,258.26
2026-06-16,Speaker,Accessories,North,1,2502.14,605.08
2026-07-03,Headphones,Accessories,East,4,1851.0,543.03
2026-06-14,Headphones,Accessories,West,4,4745.4,802.17
2026-07-08,Headphones,Accessories,West,5,1654.04,174.65
2026-06-30,Mobile,Electronics,North,10,4964.35,409.12
2026-06-25,Tablet,Electronics,East,4,1677.26,162.75
2026-06-24,Printer,Office,West,10,1969.58,223.62
2026-06-30,Tablet,Electronics,South,10,2117.52,297.91
2026-06-12,Mobile,Electronics,East,3,654.77,70.23
2026-06-29,Mouse,Accessories,North,1,3836.58,252.88
2026-06-28,Speaker,Accessories,East,6,4062.47,458.0
2026-06-17,Printer,Office,North,10,2298.01,375.33
2026-07-07,Headphones,Accessories,West,4,4239.34,612.62
2026-06-30,Camera,Electronics,West,10,874.26,59.1
2026-06-27,Camera,Electronics,South,7,1015.7,122.94
2026-07-11,Speaker,Accessories,South,7,4743.94,708.8
2026-07-08,Mobile,Electronics,North,4,3113.72,387.95
2026-06-29,Keyboard,Accessories,West,7,4301.0,1103.41
2026-06-20,Monitor,Electronics,South,9,764.3,124.54
2026-06-24,Keyboard,Accessories,North,6,1981.6,394.43
2026-06-21,Tablet,Electronics,South,7,3558.6,817.83
2026-06-27,Speaker,Accessories,West,6,4109.96,376.43
2026-07-11,Monitor,Electronics,South,1,4123.2,584.16
2026-06-15,Monitor,Electronics,North,6,1515.08,267.77
2026-06-24,Headphones,Accessories,South,2,2126.18,442.79
2026-07-02,Tablet,Electronics,North,3,4334.6,815.82
2026-07-09,Laptop,Electronics,North,7,2564.82,297.91
2026-07-08,Speaker,Accessories,South,3,1379.41,255.6
2026-07-01,Laptop,Electronics,East,1,4617.73,1183.25
2026-06-19,Keyboard,Accessories,East,5,4912.05,511.56
2026-06-25,Camera,Electronics,East,9,2197.32,341.08
2026-07-05,Laptop,Electronics,East,1,4152.68,491.46
2026-06-14,Keyboard,Accessories,West,7,4451.13,827.68
2026-06-28,Tablet,Electronics,East,6,2497.32,663.75
2026-07-10,Headphones,Accessories,South,6,2867.8,678.65
2026-07-01,Monitor,Electronics,West,4,2617.67,591.2
2026-06-16,Printer,Office,West,4,626.93,135.15
2026-06-22,Mouse,Accessories,East,7,266.72,46.48
2026-06-28,Mobile,Electronics,North,1,3946.87,638.58
2026-06-23,Mobile,Electronics,West,6,3801.35,553.88
2026-06-19,Camera,Electronics,West,10,887.89,70.39
2026-06-28,Mouse,Accessories,West,6,628.94,184.51
2026-06-13,Monitor,Electronics,West,4,3755.14,862.74
2026-07-02,Mobile,Electronics,East,7,3087.17,877.19
2026-06-18,Tablet,Electronics,North,5,730.23,175.24
2026-07-02,Keyboard,Accessories,East,6,3670.82,583.81
2026-06-20,Mouse,Accessories,South,7,2003.06,171.71
2026-06-12,Tablet,Electronics,North,2,4839.34,521.23
2026-07-05,Monitor,Electronics,West,4,308.53,89.65
2026-06-21,Headphones,Accessories,North,8,1557.41,93.56
2026-06-28,Keyboard,Accessories,North,8,473.5,118.19
2026-07-06,Keyboard,Accessories,North,5,2088.38,454.91
2026-06-21,Laptop,Electronics,South,10,1336.04,269.43
2026-06-17,Laptop,Electronics,West,6,3512.57,560.93
2026-06-24,Mouse,Accessories,South,5,2030.66,395.47
2026-07-11,Camera,Electronics,South,4,1622.55,406.14
2026-06-23,Monitor,Electronics,North,8,3062.7,379.45
2026-07-04,Keyboard,Accessories,South,6,2000.37,110.82
2026-07-04,Camera,Electronics,South,7,1449.08,360.52
2026-06-13,Monitor,Electronics,East,4,1324.61,189.96
2026-06-16,Speaker,Accessories,West,10,4856.64,1158.58
2026-06-17,Camera,Electronics,West,10,1194.56,124.93
2026-07-04,Mouse,Accessories,West,3,4851.74,563.38
2026-07-02,Printer,Office,West,9,156.55,46.52
2026-06-16,Headphones,Accessories,South,5,221.69,16.98
2026-07-11,Tablet,Electronics,West,10,2689.98,197.96
2026-06-23,Mobile,Electronics,East,10,4097.38,1012.42
2026-06-30,Speaker,Accessories,South,10,3006.2,427.64
2026-06-22,Tablet,Electronics,West,7,1621.84,478.6
2026-07-07,Laptop,Electronics,South,8,1226.6,222.58
2026-06-25,Mobile,Electronics,North,9,4323.68,1252.03
2026-07-12,Camera,Electronics,South,2,1253.27,342.74
2026-06-26,Printer,Office,West,7,481.64,70.57
2026-07-08,Mobile,Electronics,South,1,1155.07,79.34
2026-06-15,Mouse,Accessories,West,5,334.16,28.39
2026-06-25,Keyboard,Accessories,South,8,1428.11,113.27
2026-07-12,Headphones,Accessories,South,5,281.12,45.15
2026-07-08,Headphones,Accessories,North,9,3646.74,666.33
2026-06-24,Laptop,Electronics,East,1,728.75,99.42
2026-06-19,Laptop,Electronics,North,2,4849.62,1180.58
2026-06-15,Tablet,Electronics,North,6,3743.84,753.27
2026-06-23,Laptop,Electronics,North,8,1024.09,278.45
2026-07-04,Laptop,Electronics,North,5,4254.56,321.59
2026-07-02,Tablet,Electronics,East,2,3088.54,189.48
2026-06-20,Mouse,Accessories,East,3,4638.94,435.28
2026-06-30,Monitor,Electronics,South,2,1859.07,497.29
2026-07-04,Camera,Electronics,East,9,4746.14,732.25
2026-06-23,Mouse,Accessories,North,6,1264.49,95.86
2026-06-23,Speaker,Accessories,East,4,3396.14,588.58
2026-07-10,Headphones,Accessories,West,2,1479.81,294.3
2026-07-11,Keyboard,Accessories,West,5,1881.42,445.64
2026-07-06,Mouse,Accessories,West,5,4390.2,1094.19
2026-06-13,Mouse,Accessories,South,8,2415.37,639.41
2026-06-27,Printer,Office,South,4,3990.33,639.33
2026-06-23,Headphones,Accessories,South,3,1975.65,591.66
2026-06-17,Printer,Office,North,3,4229.72,585.28
2026-06-30,Headphones,Accessories,North,2,507.42,143.95
2026-07-04,Printer,Office,East,10,120.55,24.74
2026-07-10,Mobile,Electronics,West,3,769.48,144.9
2026-06-24,Tablet,Electronics,East,5,937.09,256.57
2026-06-28,Keyboard,Accessories,North,6,2528.96,183.72
2026-07-05,Printer,Office,East,1,2193.04,294.82
2026-06-28,Laptop,Electronics,North,1,4608.84,770.1
2026-06-24,Laptop,Electronics,West,9,2667.31,412.01
2026-06-29,Mobile,Electronics,North,10,1321.49,120.95
2026-06-30,Mobile,Electronics,South,9,1346.69,131.4
2026-07-05,Tablet,Electronics,West,7,623.94,43.69
2026-07-10,Monitor,Electronics,East,10,984.3,273.04
2026-07-05,Printer,Office,South,1,282.88,32.38
2026-06-28,Keyboard,Accessories,North,7,4165.44,1172.58
2026-07-12,Camera,Electronics,East,3,2227.95,184.07
2026-06-19,Monitor,Electronics,East,6,445.62,115.52
2026-06-29,Monitor,Electronics,East,3,4784.45,517.84
2026-07-12,Headphones,Accessories,West,9,2980.89,661.49
2026-07-08,Speaker,Accessories,South,1,922.59,251.25
2026-06-21,Tablet,Electronics,North,5,3496.46,449.41
2026-06-17,Monitor,Electronics,North,5,4092.86,270.14
2026-06-24,Tablet,Electronics,South,3,3572.58,395.29
2026-06-21,Tablet,Electronics,East,5,1128.26,136.81
2026-06-18,Headphones,Accessories,South,3,460.34,23.85
2026-06-21,Headphones,Accessories,South,3,3020.31,593.45
2026-06-19,Tablet,Electronics,East,5,1417.55,311.28
2026-07-08,Laptop,Electronics,West,7,2277.29,606.25
2026-06-24,Mouse,Accessories,East,7,2857.02,755.04
2026-07-04,Speaker,Accessories,West,7,1032.28,308.4
2026-06-28,Camera,Electronics,South,10,102.8,22.37
2026-07-09,Laptop,Electronics,South,1,3026.62,753.91
2026-07-09,Speaker,Accessories,North,4,1337.0,94.93
2026-07-01,Monitor,Electronics,South,2,3269.19,941.27
2026-06-30,Speaker,Accessories,North,8,4926.79,688.63
2026-06-14,Tablet,Electronics,North,2,3056.0,905.65
2026-07-06,Printer,Office,West,6,1156.3,247.08
2026-06-25,Laptop,Electronics,North,1,1855.02,532.36
2026-07-06,Monitor,Electronics,West,8,817.07,170.48
2026-06-27,Speaker,Accessories,East,8,1931.18,228.14
2026-06-17,Monitor,Electronics,North,7,4888.69,339.99
2026-07-05,Printer,Office,North,3,758.67,127.43
2026-06-13,Laptop,Electronics,West,8,4893.8,390.53
2026-07-05,Keyboard,Accessories,South,5,238.02,66.32
2026-07-04,Mobile,Electronics,East,6,4723.32,1349.89
2026-07-12,Headphones,Accessories,South,10,105.37,10.06
2026-06-16,Laptop,Electronics,West,1,1446.37,115.98
2026-06-16,Camera,Electronics,East,10,3562.38,536.15
2026-06-18,Mobile,Electronics,West,2,1817.21,486.25
2026-07-03,Laptop,Electronics,East,5,1325.4,132.66
2026-06-30,Mobile,Electronics,North,8,1701.99,449.72
2026-06-17,Mobile,Electronics,South,2,2463.84,204.83
2026-06-21,Mouse,Accessories,North,5,1720.02,149.41
2026-07-05,Keyboard,Accessories,North,2,682.67,47.11
2026-07-02,Camera,Electronics,North,10,4457.95,373.45
2026-06-14,Printer,Office,South,1,2065.64,405.23
2026-07-09,Keyboard,Accessories,South,2,3432.6,604.79
2026-06-27,Speaker,Accessories,North,5,1651.35,111.14
2026-07-03,Headphones,Accessories,West,3,690.42,65.02
2026-07-12,Keyboard,Accessories,South,10,3167.22,349.98
2026-06-21,Laptop,Electronics,East,1,721.5,169.39
2026-06-19,Headphones,Accessories,East,8,848.27,122.64
2026-06-23,Laptop,Electronics,East,2,4031.09,510.49
2026-07-02,Tablet,Electronics,East,2,2155.61,394.84
2026-06-24,Tablet,Electronics,East,1,2912.85,437.03
2026-06-20,Tablet,Electronics,North,2,2175.76,247.51
2026-07-11,Mobile,Electronics,West,1,1548.08,333.92
2026-07-12,Tablet,Electronics,West,4,2595.34,614.19
2026-06-30,Mouse,Accessories,North,8,731.38,214.74
2026-07-08,Mouse,Accessories,West,4,1579.34,131.54
2026-07-11,Headphones,Accessories,West,7,3140.73,939.2
2026-06-16,Headphones,Accessories,West,2,776.69,73.14
2026-06-29,Printer,Office,East,10,401.09,111.67
2026-07-08,Speaker,Accessories,South,5,367.93,68.9
2026-07-05,Laptop,Electronics,North,1,4121.32,251.41
2026-06-19,Mouse,Accessories,North,2,2186.09,468.07
2026-07-04,Camera,Electronics,North,1,693.84,54.65
2026-07-02,Laptop,Electronics,West,6,2040.54,228.11
2026-07-04,Mouse,Accessories,West,7,2470.57,231.46
2026-06-21,Mouse,Accessories,North,1,1051.15,74.23
2026-06-16,Laptop,Electronics,North,5,3820.36,664.85
2026-06-27,Tablet,Electronics,West,4,1588.34,212.84
2026-06-19,Camera,Electronics,West,3,290.24,74.21
2026-06-21,Mouse,Accessories,West,2,366.65,108.17
2026-07-07,Mouse,Accessories,North,3,3982.47,799.88
2026-06-20,Printer,Office,West,1,1352.68,100.56
2026-07-10,Keyboard,Accessories,East,6,1082.7,189.16
2026-06-28,Printer,Office,South,3,1220.27,87.42
2026-06-20,Printer,Office,East,1,3650.75,524.85
2026-07-04,Mouse,Accessories,South,2,3253.55,382.01
2026-06-30,Camera,Electronics,West,4,4716.75,253.87
2026-06-15,Keyboard,Accessories,North,9,893.88,122.07
2026-06-21,Keyboard,Accessories,South,9,3221.52,403.55
2026-07-05,Headphones,Accessories,South,5,4982.7,1014.24
2026-06-15,Printer,Office,South,10,1637.03,240.83
2026-07-08,Printer,Office,North,4,1450.91,415.22
2026-07-11,Laptop,Electronics,South,5,1878.03,271.66
2026-07-05,Keyboard,Accessories,East,3,4274.43,908.86
2026-06-25,Printer,Office,North,2,1889.69,139.45
2026-06-13,Keyboard,Accessories,North,1,2719.81,409.52
2026-07-08,Mobile,Electronics,South,3,4003.66,989.43
2026-06-12,Speaker,Accessories,West,3,3929.26,944.95
2026-06-27,Camera,Electronics,East,4,698.49,205.96
2026-06-14,Keyboard,Accessories,North,1,1420.34,94.04
2026-06-24,Camera,Electronics,West,10,650.99,129.88
2026-06-15,Laptop,Electronics,South,3,2191.84,558.96
2026-07-04,Camera,Electronics,West,10,482.36,127.43
2026-06-25,Tablet,Electronics,West,6,2279.83,547.28
2026-07-02,Mobile,Electronics,West,4,600.96,153.17
2026-07-08,Tablet,Electronics,North,5,175.54,35.58
2026-06-29,Headphones,Accessories,West,9,4315.31,1084.9
2026-07-11,Keyboard,Accessories,East,1,3050.24,595.32
2026-07-08,Monitor,Electronics,East,6,850.87,170.09
2026-06-22,Printer,Office,East,2,4120.12,299.72
2026-07-10,Mouse,Accessories,North,8,643.29,191.5
2026-07-12,Headphones,Accessories,East,2,2178.28,473.71
2026-07-10,Headphones,Accessories,South,2,4881.64,280.98
2026-06-29,Monitor,Electronics,West,1,2643.12,711.75
2026-07-05,Laptop,Electronics,West,9,2262.89,222.73
2026-07-02,Mouse,Accessories,North,2,4967.72,656.01
2026-06-20,Mouse,Accessories,East,1,2104.49,116.65
2026-06-27,Printer,Office,North,7,1649.65,425.07
2026-06-18,Tablet,Electronics,South,3,2811.5,153.35
2026-06-12,Monitor,Electronics,West,8,1900.89,469.45
2026-07-04,Mouse,Accessories,West,9,1432.49,385.15
2026-07-06,Keyboard,Accessories,South,9,1125.52,221.26
2026-07-08,Headphones,Accessories,East,1,4297.26,1067.04
2026-06-16,Keyboard,Accessories,West,1,4501.71,929.16
2026-06-15,Monitor,Electronics,North,1,1570.68,325.26
2026-06-18,Headphones,Accessories,South,2,1147.64,77.68
2026-07-02,Laptop,Electronics,North,3,3816.57,394.22
2026-07-03,Laptop,Electronics,North,10,1685.82,265.47
2026-06-20,Headphones,Accessories,East,8,3266.92,878.35
2026-07-03,Laptop,Electronics,East,9,1921.21,570.74
2026-06-30,Tablet,Electronics,East,10,2150.99,452.44
2026-06-30,Printer,Office,West,6,3856.39,1068.12
2026-06-29,Printer,Office,East,2,4115.58,226.08
2026-06-25,Laptop,Electronics,South,6,2383.76,195.66
2026-07-01,Speaker,Accessories,North,2,3974.04,783.55
2026-07-06,Keyboard,Accessories,North,3,1025.26,194.21
2026-06-18,Mouse,Accessories,West,2,1130.21,101.76
2026-07-08,Printer,Office,West,2,1252.87,214.4
2026-07-10,Speaker,Accessories,West,8,1648.66,368.46
2026-07-10,Headphones,Accessories,West,4,4140.96,253.01
2026-06-15,Camera,Electronics,West,9,1281.06,307.07
2026-06-16,Headphones,Accessories,North,5,1726.56,274.25
2026-06-29,Mobile,Electronics,South,8,3888.74,335.81
2026-07-08,Headphones,Accessories,South,5,1009.95,266.44
2026-06-30,Printer,Office,South,3,4042.42,500.79
2026-06-12,Mobile,Electronics,East,1,427.82,34.97
2026-06-25,Keyboard,Accessories,North,8,857.49,187.75
2026-07-03,Monitor,Electronics,East,10,975.11,58.92
2026-07-02,Headphones,Accessories,West,5,2598.05,376.06
2026-06-24,Tablet,Electronics,West,7,3138.2,332.84
2026-06-29,Mobile,Electronics,North,10,2149.92,216.14
2026-06-25,Monitor,Electronics,North,8,4134.97,805.76
2026-06-29,Printer,Office,North,4,3875.98,1026.99
2026-06-12,Laptop,Electronics,South,2,723.39,103.99
2026-07-06,Speaker,Accessories,North,6,2082.05,539.63
2026-07-10,Monitor,Electronics,East,1,176.69,13.05
2026-06-23,Headphones,Accessories,South,7,3295.39,813.25
2026-06-24,Keyboard,Accessories,South,3,1254.32,269.0
2026-07-12,Mouse,Accessories,South,8,420.87,107.04
2026-06-14,Speaker,Accessories,North,8,1220.36,188.2
2026-07-03,Monitor,Electronics,North,4,4779.44,432.84
2026-07-03,Monitor,Electronics,North,6,4518.18,1308.72
2026-06-22,Mouse,Accessories,West,5,1710.92,331.37
2026-07-10,Mouse,Accessories,West,7,3395.04,965.11
2026-06-27,Speaker,Accessories,West,10,447.96,123.12
2026-07-12,Printer,Office,East,10,2796.5,673.91
2026-06-17,Printer,Office,North,7,411.79,26.32
2026-07-12,Keyboard,Accessories,South,2,2925.37,522.66
2026-07-04,Camera,Electronics,East,6,3968.93,320.51
2026-06-12,Headphones,Accessories,North,7,4483.71,975.22
2026-07-01,Mouse,Accessories,East,9,4648.12,1317.28
2026-06-26,Mobile,Electronics,South,8,186.07,34.44
2026-06-25,Mouse,Accessories,North,10,3682.86,346.35
2026-06-24,Mobile,Electronics,North,7,3133.98,512.9
2026-06-30,Monitor,Electronics,West,3,498.01,57.94
2026-07-11,Tablet,Electronics,South,10,4547.14,1098.08
2026-06-24,Headphones,Accessories,South,6,4344.68,851.91
2026-06-30,Tablet,Electronics,South,4,3901.92,822.28
2026-07-07,Speaker,Accessories,West,3,3257.98,842.66
2026-06-30,Tablet,Electronics,North,5,3615.26,487.27
2026-06-23,Speaker,Accessories,West,9,1788.06,153.4
2026-06-24,Printer,Office,North,6,3278.38,510.46
2026-06-24,Headphones,Accessories,North,8,3064.55,544.13
2026-06-25,Speaker,Accessories,East,2,2367.65,299.56
2026-06-23,Keyboard,Accessories,West,6,1724.98,278.47
2026-06-13,Printer,Office,North,2,438.7,30.37
2026-06-13,Laptop,Electronics,West,7,1210.51,251.89
2026-06-16,Mouse,Accessories,East,7,2404.95,306.1
2026-06-21,Monitor,Electronics,South,1,1098.51,184.8
2026-06-29,Camera,Electronics,North,2,1320.1,182.57
2026-06-26,Tablet,Electronics,West,9,174.28,50.26
2026-06-19,Mouse,Accessories,North,7,4691.45,763.48
2026-06-15,Mobile,Electronics,East,6,4055.94,408.77
2026-06-29,Tablet,Electronics,South,2,2536.66,646.34
2026-07-02,Keyboard,Accessories,West,4,3065.41,622.44
2026-06-26,Camera,Electronics,South,9,1571.03,424.54
2026-06-14,Camera,Electronics,North,1,2666.35,735.94
2026-06-15,Camera,Electronics,North,9,2557.07,340.52
2026-06-17,Mobile,Electronics,West,8,1080.87,90.12
2026-07-11,Printer,Office,East,9,3710.91,1024.07
2026-06-20,Mobile,Electronics,East,10,1697.24,333.23
2026-06-23,Headphones,Accessories,South,8,2849.23,835.64
2026-06-15,Speaker,Accessories,North,5,3269.72,883.9
2026-07-05,Monitor,Electronics,West,9,663.85,102.98
2026-07-07,Mobile,Electronics,South,6,3234.61,403.69
2026-07-01,Printer,Office,South,10,1551.32,140.17
2026-06-15,Tablet,Electronics,East,6,3233.38,405.59
2026-06-19,Keyboard,Accessories,South,10,588.38,62.47
2026-06-14,Keyboard,Accessories,South,2,4671.79,379.88
2026-06-19,Camera,Electronics,West,2,3167.09,808.47
2026-07-11,Keyboard,Accessories,East,8,2071.93,107.94
2026-07-01,Camera,Electronics,South,10,1742.38,337.07
2026-07-12,Headphones,Accessories,West,9,1298.08,385.95
2026-07-10,Mouse,Accessories,West,7,3993.1,270.78
2026-07-09,Laptop,Electronics,West,3,3180.68,669.06
2026-06-19,Keyboard,Accessories,South,3,2806.94,666.03
2026-07-05,Keyboard,Accessories,South,7,2423.08,631.48
2026-06-27,Keyboard,Accessories,North,3,1766.15,132.43
2026-07-03,Speaker,Accessories,North,8,1094.53,161.09
2026-06-26,Headphones,Accessories,North,6,4061.44,725.84
2026-06-13,Printer,Office,North,8,548.92,152.34
2026-06-28,Speaker,Accessories,South,6,3999.31,1017.93
2026-06-30,Mouse,Accessories,East,4,1641.63,82.64
2026-07-01,Camera,Electronics,East,10,1623.2,203.28
2026-06-13,Speaker,Accessories,North,3,4866.42,362.2
2026-06-21,Keyboard,Accessories,West,6,3463.94,657.03
2026-06-19,Printer,Office,West,3,3393.76,594.74
2026-06-25,Printer,Office,East,6,677.62,192.85
2026-06-28,Printer,Office,East,9,1915.69,259.17
2026-07-04,Printer,Office,South,9,4921.77,1429.88
2026-07-03,Mouse,Accessories,West,3,228.83,26.19
2026-06-21,Monitor,Electronics,East,1,226.85,36.78
2026-07-11,Printer,Office,North,3,2453.06,718.18
2026-06-12,Tablet,Electronics,North,3,1920.74,178.08
2026-06-19,Tablet,Electronics,South,9,1987.55,409.49
2026-07-12,Camera,Electronics,West,2,1835.67,315.26
2026-06-19,Mouse,Accessories,West,8,775.83,67.26
2026-06-28,Printer,Office,South,5,2320.32,514.17
2026-06-15,Keyboard,Accessories,West,1,912.26,103.35
2026-06-27,Tablet,Electronics,East,2,611.31,178.85
2026-06-28,Mobile,Electronics,North,4,3248.64,942.2
2026-07-06,Mouse,Accessories,East,2,4474.77,1205.13
2026-07-06,Mobile,Electronics,East,8,4604.76,317.09
2026-06-30,Mouse,Accessories,North,2,4552.89,814.4
2026-06-29,Camera,Electronics,South,4,1485.07,427.87
2026-06-18,Camera,Electronics,North,3,3852.69,1045.5
2026-07-09,Printer,Office,West,1,1506.1,428.29
2026-07-06,Speaker,Accessories,North,9,3878.12,1044.68
2026-06-25,Headphones,Accessories,South,8,4516.58,896.6
2026-06-27,Printer,Office,South,8,1512.11,140.41
2026-07-09,Tablet,Electronics,East,1,261.69,47.76
2026-06-17,Laptop,Electronics,South,7,1000.12,66.71
2026-06-12,Printer,Office,West,2,672.7,38.06
2026-07-08,Keyboard,Accessories,West,2,4631.95,1372.2
2026-06-16,Mobile,Electronics,North,8,2578.85,322.15
2026-06-27,Monitor,Electronics,East,2,3987.07,238.56
2026-07-07,Monitor,Electronics,South,7,4972.84,391.31
2026-07-01,Printer,Office,South,2,4971.49,1375.66
2026-06-27,Tablet,Electronics,South,4,509.06,88.1
2026-07-04,Mobile,Electronics,East,4,197.24,28.96
2026-07-04,Monitor,Electronics,South,7,403.01,92.05
2026-06-21,Mouse,Accessories,East,10,796.01,74.21
2026-06-14,Laptop,Electronics,West,4,848.75,169.7
2026-06-18,Speaker,Accessories,West,2,2967.53,491.67
2026-06-12,Camera,Electronics,East,9,3922.51,758.98
2026-07-06,Tablet,Electronics,East,10,212.02,13.03
2026-06-16,Headphones,Accessories,East,4,596.55,114.34
2026-06-16,Camera,Electronics,North,5,333.9,49.05
2026-06-15,Monitor,Electronics,South,4,3812.57,886.29
2026-07-01,Laptop,Electronics,West,2,1931.24,513.02
2026-07-09,Mouse,Accessories,North,1,426.03,116.51
2026-06-13,Monitor,Electronics,West,7,4416.78,304.55
2026-07-12,Printer,Office,East,1,2872.39,524.7
2026-07-09,Mobile,Electronics,East,10,2586.31,172.53
2026-06-30,Laptop,Electronics,South,6,4342.23,931.09
2026-07-01,Speaker,Accessories,East,6,4837.95,1306.5
2026-06-24,Keyboard,Accessories,East,6,4369.97,748.21
2026-06-14,Camera,Electronics,East,1,4563.53,660.4
2026-07-09,Camera,Electronics,South,4,2397.57,272.64
2026-07-01,Mouse,Accessories,East,6,3476.48,761.54
2026-06-30,Camera,Electronics,South,10,4089.03,467.09
2026-07-06,Headphones,Accessories,West,9,3224.69,294.42
2026-07-11,Headphones,Accessories,West,4,354.54,39.63
2026-07-03,Printer,Office,South,7,2295.17,444.46
2026-07-01,Tablet,Electronics,West,4,602.33,168.64
2026-06-12,Laptop,Electronics,North,4,2903.86,363.96
2026-06-12,Laptop,Electronics,West,8,2105.0,205.53
2026-06-25,Printer,Office,East,10,1468.06,260.49
2026-06-19,Mobile,Electronics,West,8,3836.39,844.44
2026-07-02,Laptop,Electronics,East,7,670.98,108.54
2026-06-21,Mouse,Accessories,South,3,648.37,35.63
2026-06-15,Speaker,Accessories,West,3,4655.08,1282.29
2026-06-26,Laptop,Electronics,East,10,1760.72,483.69
2026-06-18,Keyboard,Accessories,North,3,2231.74,176.14
2026-07-08,Keyboard,Accessories,South,9,2796.72,394.25
2026-07-04,Mobile,Electronics,West,4,1852.56,507.73
2026-07-06,Printer,Office,East,4,3161.23,885.86
2026-06-21,Mobile,Electronics,North,4,1911.44,242.69
2026-06-17,Camera,Electronics,North,6,2550.77,403.48
2026-06-21,Printer,Office,East,5,3165.82,699.02
2026-07-08,Mouse,Accessories,West,2,3843.83,720.21
2026-06-23,Keyboard,Accessories,East,3,2048.26,406.21
2026-06-12,Mobile,Electronics,South,9,3918.83,1051.94
2026-07-01,Monitor,Electronics,South,4,1532.24,411.88
2026-07-07,Mouse,Accessories,South,5,3675.19,591.57
2026-06-23,Headphones,Accessories,West,4,2232.73,232.91
2026-06-17,Speaker,Accessories,West,1,3494.65,201.03
2026-07-05,Mouse,Accessories,South,7,2637.28,506.48
2026-07-06,Printer,Office,North,7,1137.62,188.22
2026-07-10,Keyboard,Accessories,East,9,1379.49,189.25
2026-06-23,Mobile,Electronics,East,2,3014.7,189.31
2026-06-26,Tablet,Electronics,East,2,4548.33,862.98
2026-06-17,Keyboard,Accessories,West,2,1728.59,452.81
2026-06-29,Mobile,Electronics,East,5,4239.05,1097.15
2026-06-12,Mouse,Accessories,South,6,385.58,66.65
2026-07-11,Tablet,Electronics,South,3,696.73,102.87
2026-07-12,Mobile,Electronics,North,5,955.72,64.25
2026-07-10,Headphones,Accessories,North,7,4418.94,903.25
2026-06-12,Mobile,Electronics,West,5,3269.6,656.49
2026-06-27,Mouse,Accessories,South,10,3884.75,1114.26
2026-06-17,Tablet,Electronics,South,8,3212.64,319.47
2026-07-07,Headphones,Accessories,North,4,4843.87,1263.03
2026-07-07,Headphones,Accessories,North,5,1646.9,476.36
2026-07-01,Laptop,Electronics,South,7,3817.53,191.76
2026-06-17,Keyboard,Accessories,West,3,4651.02,1366.74
2026-07-10,Camera,Electronics,West,6,621.76,106.0
2026-06-13,Keyboard,Accessories,South,2,4058.37,561.88
2026-07-10,Printer,Office,South,4,2119.46,113.63
2026-06-13,Mobile,Electronics,North,5,1634.1,486.48
2026-06-16,Printer,Office,East,9,3410.89,668.41
2026-06-22,Mobile,Electronics,West,9,3664.46,992.12
2026-07-08,Printer,Office,East,4,4550.53,379.64
2026-07-02,Laptop,Electronics,East,5,3181.34,814.75
2026-06-16,Headphones,Accessories,North,3,2435.75,668.7
2026-06-12,Speaker,Accessories,North,4,177.48,9.71
2026-06-18,Mouse,Accessories,East,7,3018.52,218.35
2026-07-06,Monitor,Electronics,West,8,2156.58,241.07
2026-06-25,Keyboard,Accessories,East,8,4328.02,886.91
2026-06-12,Keyboard,Accessories,North,2,214.24,30.1
2026-06-23,Mobile,Electronics,South,8,438.05,31.57
2026-07-10,Monitor,Electronics,North,8,220.46,20.12
2026-07-05,Laptop,Electronics,West,3,2561.67,623.24
2026-06-17,Tablet,Electronics,East,4,392.91,39.82
2026-06-25,Keyboard,Accessories,South,8,3289.49,860.53
2026-06-25,Printer,Office,East,3,3990.73,919.96
2026-07-10,Laptop,Electronics,North,7,2159.37,277.91
2026-06-12,Mouse,Accessories,West,1,3948.1,426.89
2026-07-10,Mobile,Electronics,East,4,2175.58,611.84
2026-06-23,Laptop,Electronics,East,5,2822.37,221.96
2026-07-08,Camera,Electronics,West,9,3994.86,479.07
2026-06-22,Laptop,Electronics,North,8,3913.55,859.52
2026-06-25,Laptop,Electronics,West,10,2250.84,494.68
2026-06-15,Laptop,Electronics,West,1,3667.19,1000.5
2026-06-14,Headphones,Accessories,South,6,4071.3,1220.26
2026-07-11,Mouse,Accessories,East,1,3304.33,514.85
2026-06-27,Printer,Office,West,7,3374.84,541.9
2026-06-26,Mouse,Accessories,North,7,2575.64,713.64
2026-06-25,Speaker,Accessories,West,8,2878.67,571.77
2026-06-29,Camera,Electronics,West,5,410.4,40.62
2026-07-06,Camera,Electronics,West,8,425.28,106.31
2026-07-03,Mouse,Accessories,South,1,1669.68,329.1
2026-06-13,Speaker,Accessories,East,4,3401.68,1001.82
2026-06-27,Mouse,Accessories,East,7,1384.59,160.87
2026-06-14,Speaker,Accessories,East,5,2682.57,182.67
2026-06-19,Monitor,Electronics,North,7,3655.75,1076.95
2026-07-08,Monitor,Electronics,West,9,1696.65,155.9
2026-06-22,Printer,Office,West,1,3966.21,370.6
2026-06-18,Laptop,Electronics,East,6,568.76,44.81
2026-06-26,Keyboard,Accessories,South,8,1507.14,416.34
2026-06-25,Mobile,Electronics,East,10,1694.23,374.06
2026-07-05,Laptop,Electronics,North,3,728.05,82.47
2026-06-16,Speaker,Accessories,South,10,4468.02,1293.78
2026-07-03,Speaker,Accessories,West,5,2646.71,765.25
2026-06-15,Monitor,Electronics,North,1,356.11,73.04
2026-06-29,Tablet,Electronics,North,5,3184.63,514.57
2026-06-20,Headphones,Accessories,South,3,3522.48,217.09
2026-06-25,Speaker,Accessories,East,3,1516.43,411.95
2026-06-19,Tablet,Electronics,North,4,630.21,144.97
2026-07-08,Tablet,Electronics,North,4,871.61,175.35
2026-07-04,Keyboard,Accessories,West,5,2336.87,561.85
2026-06-16,Headphones,Accessories,South,2,411.43,28.09
2026-06-25,Speaker,Accessories,East,3,1792.11,171.19
2026-07-09,Monitor,Electronics,South,10,1431.97,309.72
2026-06-29,Laptop,Electronics,South,8,2580.18,708.28
2026-06-16,Headphones,Accessories,West,3,302.81,59.73
2026-07-01,Mouse,Accessories,West,7,4574.02,899.02
2026-06-28,Headphones,Accessories,North,10,2461.55,730.74
2026-07-11,Laptop,Electronics,South,3,691.21,60.62
2026-07-07,Printer,Office,North,4,2872.07,246.38
2026-07-04,Camera,Electronics,South,8,2196.16,225.76
2026-06-12,Laptop,Electronics,South,7,2020.07,188.11
2026-06-19,Laptop,Electronics,North,8,1923.53,389.23
2026-07-02,Laptop,Electronics,East,6,2277.81,170.15
2026-06-29,Speaker,Accessories,West,3,2800.86,484.3
2026-06-28,Speaker,Accessories,North,4,1527.31,114.4
2026-07-01,Speaker,Accessories,East,10,1252.71,275.46
2026-07-05,Headphones,Accessories,South,7,161.84,13.98
2026-06-27,Monitor,Electronics,South,2,2853.32,557.39
2026-06-23,Keyboard,Accessories,North,5,3521.72,187.18
2026-06-22,Headphones,Accessories,North,9,569.07,107.74
2026-07-09,Tablet,Electronics,South,4,4699.08,318.19
2026-06-26,Keyboard,Accessories,South,8,1758.69,353.17
2026-06-15,Printer,Office,West,1,1505.74,346.49
2026-06-17,Laptop,Electronics,South,7,1639.01,311.84
2026-06-13,Mobile,Electronics,West,3,4377.17,423.9
2026-06-30,Printer,Office,East,6,1329.41,324.33
2026-06-28,Monitor,Electronics,West,1,3226.41,369.14
2026-06-27,Laptop,Electronics,West,1,2982.78,415.23
2026-06-20,Tablet,Electronics,North,2,3498.85,343.05
2026-07-09,Keyboard,Accessories,North,6,2788.97,473.42
2026-07-03,Camera,Electronics,East,9,119.71,10.46
2026-06-20,Laptop,Electronics,West,4,852.16,52.09
2026-06-18,Tablet,Electronics,West,3,2414.27,180.05
2026-07-07,Speaker,Accessories,East,8,2310.9,138.81
2026-06-19,Keyboard,Accessories,North,5,4895.48,1265.0
2026-06-20,Speaker,Accessories,North,8,284.86,22.26
2026-06-20,Headphones,Accessories,West,9,4658.66,289.24
2026-06-15,Laptop,Electronics,North,1,4539.99,262.56
2026-07-04,Keyboard,Accessories,North,10,2266.98,297.39
2026-07-11,Mobile,Electronics,West,8,4824.3,931.92
2026-07-10,Monitor,Electronics,South,7,130.58,29.58
2026-06-19,Mouse,Accessories,East,6,1484.66,159.63
2026-06-23,Keyboard,Accessories,South,10,1446.75,313.65
2026-07-07,Mouse,Accessories,North,10,2721.81,809.37
2026-07-06,Camera,Electronics,South,1,616.82,37.99
2026-07-03,Speaker,Accessories,North,4,2778.84,324.73
2026-06-29,Headphones,Accessories,South,6,3209.39,542.47
2026-06-12,Headphones,Accessories,South,3,2537.15,356.85
2026-07-08,Camera,Electronics,South,10,2408.95,190.76
2026-07-04,Printer,Office,South,5,4467.42,823.95
2026-07-02,Headphones,Accessories,West,9,1319.48,381.33
2026-06-23,Keyboard,Accessories,East,8,3286.96,354.71
2026-07-12,Mouse,Accessories,North,7,1854.18,305.76
2026-07-07,Mobile,Electronics,West,4,356.58,102.65
2026-06-13,Speaker,Accessories,South,9,2904.27,737.64
2026-07-01,Mobile,Electronics,South,4,1706.27,401.1
2026-06-20,Mouse,Accessories,West,7,2864.31,837.68
2026-07-03,Speaker,Accessories,West,1,1039.76,228.56
2026-07-12,Headphones,Accessories,East,4,4132.49,1077.59
2026-07-10,Speaker,Accessories,West,8,2271.94,185.8
2026-06-26,Mobile,Electronics,North,2,1919.39,433.07
2026-07-10,Monitor,Electronics,South,8,552.26,53.76
2026-07-04,Keyboard,Accessories,West,8,948.37,130.14
2026-07-12,Tablet,Electronics,East,9,4323.87,1167.08
2026-07-08,Headphones,Accessories,North,2,2200.49,237.02
2026-06-21,Mobile,Electronics,North,4,102.6,16.82
2026-06-24,Headphones,Accessories,South,2,3710.17,513.68
2026-06-28,Speaker,Accessories,North,3,3572.1,962.49
2026-07-08,Keyboard,Accessories,South,5,1285.14,209.14
2026-07-07,Camera,Electronics,East,5,3149.53,582.83
2026-06-15,Printer,Office,East,1,1357.84,250.64
2026-07-12,Printer,Office,South,10,2726.2,810.47
2026-06-15,Headphones,Accessories,West,5,4039.01,625.8
2026-07-03,Mouse,Accessories,North,7,2678.16,469.34
2026-06-16,Printer,Office,West,7,4375.65,798.52
2026-06-28,Speaker,Accessories,East,6,2883.98,687.61
2026-07-06,Tablet,Electronics,South,5,2320.2,602.99
2026-06-22,Mouse,Accessories,North,10,3852.78,865.84
2026-06-27,Tablet,Electronics,West,6,3530.92,857.77
2026-07-10,Mobile,Electronics,West,10,1937.86,364.64
2026-06-24,Camera,Electronics,South,1,3518.55,922.79
2026-06-17,Keyboard,Accessories,West,2,1099.34,237.43
2026-06-17,Monitor,Electronics,North,7,4466.32,688.16
2026-06-12,Mobile,Electronics,East,4,3091.15,305.56
2026-06-19,Speaker,Accessories,East,6,1559.56,400.45
2026-06-17,Tablet,Electronics,East,2,203.88,26.97
2026-06-21,Laptop,Electronics,East,10,3722.95,934.77
2026-07-05,Headphones,Accessories,West,2,4576.53,927.65
2026-06-26,Headphones,Accessories,West,7,1852.42,516.35
2026-07-12,Speaker,Accessories,West,5,720.96,150.52
2026-06-12,Printer,Office,West,1,1772.77,321.13
2026-07-09,Headphones,Accessories,West,9,2029.86,489.62
2026-06-23,Speaker,Accessories,West,3,1086.49,305.31
2026-06-25,Speaker,Accessories,South,5,3337.89,975.08
2026-07-08,Mobile,Electronics,West,9,861.0,82.87
2026-06-23,Laptop,Electronics,South,7,4965.4,468.24
2026-06-13,Camera,Electronics,North,10,2149.67,551.09
2026-07-10,Mobile,Electronics,North,10,4880.45,264.59
2026-07-03,Laptop,Electronics,South,1,1864.71,391.75
2026-06-24,Speaker,Accessories,West,7,2663.0,169.04
2026-06-24,Monitor,Electronics,North,6,4068.72,1160.22
2026-07-09,Monitor,Electronics,West,8,3655.72,472.44
2026-06-25,Camera,Electronics,East,5,1596.02,322.46
2026-06-30,Mouse,Accessories,East,9,3218.36,232.33
2026-07-10,Mouse,Accessories,North,4,4174.74,256.02
2026-07-06,Laptop,Electronics,South,5,960.83,157.75
2026-06-15,Mouse,Accessories,South,6,1401.84,379.37
2026-06-18,Laptop,Electronics,South,8,3724.85,844.55
2026-07-10,Speaker,Accessories,East,6,209.13,35.73
2026-06-18,Laptop,Electronics,East,4,993.66,171.35
2026-06-30,Camera,Electronics,South,3,4529.38,1275.77
2026-06-20,Tablet,Electronics,East,7,2788.36,787.64
2026-07-01,Keyboard,Accessories,North,1,1984.37,568.31
2026-07-03,Mobile,Electronics,East,2,3225.3,266.77
2026-06-25,Camera,Electronics,South,1,4565.43,1234.77
2026-07-04,Headphones,Accessories,North,3,1121.23,242.74
2026-07-07,Speaker,Accessories,North,7,2934.61,794.31
2026-06-30,Printer,Office,South,6,3302.57,583.67
2026-07-02,Tablet,Electronics,South,2,2742.95,223.21
2026-07-04,Printer,Office,East,10,647.1,110.67
2026-07-03,Camera,Electronics,West,10,3137.23,658.92
2026-06-20,Laptop,Electronics,North,5,908.51,57.5
2026-06-19,Monitor,Electronics,East,8,2744.15,755.76
2026-06-27,Camera,Electronics,East,4,3903.27,457.15
2026-06-25,Tablet,Electronics,East,5,4331.58,650.85
2026-06-24,Monitor,Electronics,East,1,1182.7,164.12
2026-07-08,Printer,Office,South,1,3547.72,314.9
2026-07-08,Camera,Electronics,West,9,1670.07,188.3
2026-06-16,Laptop,Electronics,North,5,723.7,158.96
2026-07-03,Speaker,Accessories,North,3,1481.83,224.56
2026-06-18,Camera,Electronics,North,9,3858.27,792.43
2026-06-16,Printer,Office,West,1,3708.51,218.27
2026-06-14,Printer,Office,South,1,1418.44,237.04
2026-06-14,Speaker,Accessories,North,2,607.09,126.91
2026-06-26,Keyboard,Accessories,West,9,1844.35,327.57
2026-06-15,Mobile,Electronics,South,5,668.29,46.81
2026-06-21,Mobile,Electronics,West,6,3412.06,321.37
2026-07-12,Keyboard,Accessories,South,2,4431.25,802.67
2026-07-11,Laptop,Electronics,East,6,4458.85,723.22
2026-07-12,Printer,Office,North,6,1695.84,369.71
2026-06-26,Printer,Office,West,6,3079.48,353.91
2026-07-01,Laptop,Electronics,North,10,4355.43,995.98
2026-07-01,Laptop,Electronics,South,9,1322.44,387.62
2026-07-02,Printer,Office,South,2,4106.81,652.54
2026-06-30,Camera,Electronics,East,8,736.55,217.94
2026-06-27,Speaker,Accessories,East,9,3212.35,487.02
2026-06-17,Speaker,Accessories,East,2,142.12,30.81
2026-06-16,Tablet,Electronics,North,10,4670.93,1232.86
2026-06-23,Headphones,Accessories,East,5,135.14,9.21
2026-06-22,Printer,Office,East,9,4910.14,300.31
2026-06-24,Camera,Electronics,South,9,3496.25,785.55
2026-06-21,Speaker,Accessories,West,3,4203.12,754.48
2026-07-01,Headphones,Accessories,North,2,1818.27,233.95
2026-07-06,Printer,Office,South,3,951.95,179.78
2026-06-29,Keyboard,Accessories,North,1,4256.7,1127.06
2026-06-25,Laptop,Electronics,East,6,4559.08,422.35
2026-06-23,Laptop,Electronics,East,8,3902.44,256.19
2026-06-29,Laptop,Electronics,South,2,3181.09,907.09
2026-07-09,Tablet,Electronics,East,9,1239.68,126.65
2026-06-14,Camera,Electronics,West,9,4803.12,873.54
2026-06-28,Laptop,Electronics,East,6,3336.26,979.83
2026-07-09,Speaker,Accessories,West,7,2783.65,434.32
2026-07-08,Headphones,Accessories,East,3,2106.56,465.15
2026-07-09,Printer,Office,West,8,3989.48,342.13
2026-07-03,Camera,Electronics,North,6,3082.43,535.36
2026-07-01,Headphones,Accessories,East,10,2278.08,386.15
2026-06-17,Keyboard,Accessories,West,6,2333.44,480.58
2026-06-19,Printer,Office,South,10,2705.37,732.68
2026-07-06,Camera,Electronics,East,4,3799.2,761.67
2026-06-30,Mouse,Accessories,North,7,4486.56,1055.92
2026-06-21,Laptop,Electronics,North,8,934.4,91.01
2026-06-28,Speaker,Accessories,North,3,1069.17,317.36
2026-07-04,Mobile,Electronics,North,10,1335.29,224.53
2026-07-01,Laptop,Electronics,West,4,903.34,190.52
2026-06-14,Speaker,Accessories,East,7,3669.57,385.02
2026-06-30,Printer,Office,East,3,195.94,28.0
2026-06-25,Printer,Office,East,4,3231.32,778.87
2026-06-27,Mobile,Electronics,West,3,152.3,9.93
2026-06-15,Camera,Electronics,North,7,1734.39,377.17
2026-07-11,Tablet,Electronics,West,3,3598.67,576.44
2026-07-08,Keyboard,Accessories,South,7,1358.33,341.74
2026-06-30,Headphones,Accessories,West,4,2674.09,671.05
2026-06-15,Tablet,Electronics,South,3,913.87,268.59
2026-06-18,Camera,Electronics,East,4,598.05,56.16
2026-06-23,Headphones,Accessories,South,2,448.72,117.95
2026-07-07,Keyboard,Accessories,East,2,4090.99,378.18
2026-06-30,Camera,Electronics,South,5,842.22,152.2
2026-06-23,Mouse,Accessories,West,8,2636.47,574.97
2026-06-22,Monitor,Electronics,North,5,4220.18,1182.14
2026-06-22,Headphones,Accessories,North,10,3098.71,824.08
2026-07-12,Mouse,Accessories,South,5,808.53,186.99
2026-07-02,Mouse,Accessories,East,6,1220.67,270.44
2026-07-10,Laptop,Electronics,West,3,4774.78,808.4
2026-06-27,Printer,Office,West,6,359.84,75.86
2026-06-26,Speaker,Accessories,North,7,4053.2,831.22
2026-06-16,Tablet,Electronics,South,8,1109.54,231.01
2026-06-16,Mobile,Electronics,East,10,1879.91,154.51
2026-06-21,Keyboard,Accessories,North,2,3268.74,837.23
2026-06-13,Mouse,Accessories,North,3,3316.2,741.46
2026-07-10,Mobile,Electronics,East,8,143.05,19.02
2026-06-30,Laptop,Electronics,North,1,4139.27,571.77
2026-07-11,Printer,Office,East,10,938.83,197.12
2026-06-14,Laptop,Electronics,North,4,1739.09,146.21
2026-06-28,Tablet,Electronics,South,5,768.59,120.43
2026-06-22,Mouse,Accessories,East,7,3369.48,378.91
2026-06-25,Tablet,Electronics,East,2,1267.61,377.32
2026-06-24,Mouse,Accessories,East,2,1143.69,145.59
2026-06-21,Speaker,Accessories,East,1,1588.36,438.82
2026-06-23,Speaker,Accessories,North,2,1051.5,110.06
2026-06-14,Laptop,Electronics,East,10,4022.75,831.31
2026-07-12,Tablet,Electronics,East,4,952.61,275.13
2026-07-01,Mouse,Accessories,East,8,3374.06,511.04
2026-07-10,Speaker,Accessories,North,1,3154.59,798.1
2026-06-29,Mobile,Electronics,North,8,1087.18,203.49
2026-06-25,Mouse,Accessories,West,2,2474.25,707.91
2026-07-05,Printer,Office,South,4,3366.46,690.72
2026-07-08,Keyboard,Accessories,North,1,178.01,51.49
2026-06-27,Keyboard,Accessories,East,5,975.77,273.93
2026-06-18,Laptop,Electronics,South,3,4898.92,899.52
2026-06-24,Monitor,Electronics,South,7,2315.92,560.59
2026-07-08,Camera,Electronics,South,4,3367.51,976.74
2026-06-21,Printer,Office,South,9,1802.02,533.05
2026-06-14,Speaker,Accessories,South,6,4295.08,969.05
2026-06-16,Monitor,Electronics,West,1,209.96,31.61
2026-06-20,Keyboard,Accessories,West,3,272.14,39.88
2026-06-25,Camera,Electronics,South,6,547.52,147.45
2026-06-29,Mouse,Accessories,West,10,2283.84,604.57
2026-06-13,Camera,Electronics,East,9,1126.49,145.77
2026-06-29,Monitor,Electronics,South,1,2943.72,169.98
2026-07-02,Laptop,Electronics,East,10,2762.7,256.04
2026-07-06,Headphones,Accessories,West,8,1228.13,150.2
2026-07-02,Mouse,Accessories,West,6,4749.78,1135.64
2026-06-19,Camera,Electronics,East,9,243.14,48.07
2026-07-04,Headphones,Accessories,East,5,3175.3,732.56
2026-07-04,Headphones,Accessories,South,5,2480.12,621.74
2026-07-07,Monitor,Electronics,South,1,3421.23,698.88
2026-06-21,Printer,Office,South,9,3737.54,561.71
2026-07-11,Tablet,Electronics,West,4,2235.77,529.62
2026-07-10,Mouse,Accessories,East,9,3956.42,886.35
2026-06-29,Mobile,Electronics,West,6,4496.41,721.03
2026-06-17,Headphones,Accessories,North,1,364.31,40.7
2026-06-12,Monitor,Electronics,South,8,4414.98,1097.31
2026-06-13,Camera,Electronics,North,7,3207.69,772.14
2026-07-12,Headphones,Accessories,East,8,3750.19,464.08
2026-07-12,Laptop,Electronics,South,4,1881.08,199.32
2026-06-27,Printer,Office,West,10,2231.97,407.19
2026-06-14,Mouse,Accessories,South,9,3087.6,644.4
2026-07-04,Monitor,Electronics,North,10,4830.39,885.95
2026-06-28,Camera,Electronics,North,4,1154.87,231.41
2026-07-10,Headphones,Accessories,East,8,285.01,70.35
2026-07-11,Speaker,Accessories,East,7,3460.99,254.86
2026-06-20,Mouse,Accessories,South,10,691.45,40.05
2026-06-26,Keyboard,Accessories,East,3,4246.54,435.27
2026-07-07,Mobile,Electronics,North,6,1718.26,132.13
2026-06-29,Mobile,Electronics,South,8,1263.44,213.95
2026-06-15,Laptop,Electronics,West,7,3165.25,938.56
2026-07-09,Camera,Electronics,East,4,469.07,34.71
2026-07-12,Speaker,Accessories,South,7,3528.07,1012.14
2026-07-12,Speaker,Accessories,North,10,4518.54,880.01
2026-06-22,Mobile,Electronics,South,9,3892.05,1138.52
2026-06-24,Printer,Office,South,5,1351.62,300.19
2026-07-05,Keyboard,Accessories,West,5,333.58,44.21
2026-06-12,Tablet,Electronics,North,8,2824.21,748.58
2026-07-02,Monitor,Electronics,South,6,2958.04,197.49
2026-07-10,Mouse,Accessories,North,8,3736.47,1090.89
2026-06-13,Headphones,Accessories,North,9,1607.58,198.99
2026-07-03,Mobile,Electronics,South,2,4405.93,1098.13
2026-06-12,Mobile,Electronics,East,5,4175.02,278.07
2026-07-07,Laptop,Electronics,East,10,389.49,104.2
2026-06-12,Mouse,Accessories,North,4,1617.09,409.67
2026-07-03,Tablet,Electronics,North,7,890.43,203.92
2026-06-16,Mouse,Accessories,North,3,3134.79,321.14
2026-07-01,Keyboard,Accessories,South,8,2205.09,643.21
2026-06-13,Speaker,Accessories,South,7,4952.21,711.75
2026-06-15,Tablet,Electronics,West,5,3192.75,928.66
2026-07-11,Monitor,Electronics,East,10,3208.0,843.66
2026-06-24,Camera,Electronics,South,10,3621.89,370.81
2026-06-27,Speaker,Accessories,East,4,4555.46,307.31
2026-07-08,Mouse,Accessories,North,3,3094.84,333.68
2026-06-22,Speaker,Accessories,East,2,2087.65,146.16
2026-07-10,Laptop,Electronics,West,9,1714.32,388.38
2026-06-29,Keyboard,Accessories,South,2,1044.81,191.56
2026-06-14,Mobile,Electronics,North,4,1116.5,248.67
2026-07-07,Headphones,Accessories,West,10,1376.84,347.61
2026-07-05,Headphones,Accessories,East,2,1538.84,384.97
2026-06-13,Tablet,Electronics,West,4,1015.3,140.92
2026-07-02,Printer,Office,North,8,868.34,72.35
2026-06-12,Monitor,Electronics,North,8,4061.36,994.14
2026-06-18,Printer,Office,West,2,1871.2,496.76
2026-06-21,Tablet,Electronics,West,7,3150.86,465.38
2026-06-22,Monitor,Electronics,North,2,4336.87,460.84
2026-06-16,Printer,Office,South,9,2386.67,715.7
2026-06-25,Printer,Office,South,10,4896.86,626.31
2026-07-03,Laptop,Electronics,North,7,419.16,115.32
2026-06-18,Monitor,Electronics,South,3,1545.2,446.66
2026-06-26,Tablet,Electronics,North,2,1202.1,155.83
2026-07-11,Laptop,Electronics,West,8,487.3,37.11
2026-06-28,Headphones,Accessories,South,1,4293.26,847.38
2026-06-16,Laptop,Electronics,North,1,1333.98,81.62
2026-06-18,Headphones,Accessories,North,5,3861.01,478.95
2026-06-22,Tablet,Electronics,South,6,2485.46,355.11
2026-06-16,Camera,Electronics,South,6,2514.72,186.09
2026-06-28,Keyboard,Accessories,South,2,407.09,53.28
2026-06-13,Monitor,Electronics,South,3,3127.59,879.19
2026-06-17,Keyboard,Accessories,South,9,2113.76,227.85
2026-07-01,Keyboard,Accessories,South,4,4955.05,1472.85
2026-07-12,Speaker,Accessories,North,6,1028.88,159.52
2026-07-03,Printer,Office,West,6,3625.61,1040.71
2026-06-17,Camera,Electronics,East,8,3348.29,555.53
2026-07-03,Speaker,Accessories,South,4,3281.57,340.45
2026-07-09,Camera,Electronics,West,10,620.58,58.09
2026-06-30,Mouse,Accessories,East,6,4844.51,516.98
2026-07-03,Monitor,Electronics,North,5,322.18,41.99
2026-07-05,Headphones,Accessories,North,6,1750.08,464.21
2026-06-13,Keyboard,Accessories,South,4,2097.62,279.03
2026-07-06,Tablet,Electronics,South,2,4218.74,1071.07
2026-06-16,Monitor,Electronics,East,7,1633.65,101.17
2026-06-16,Monitor,Electronics,North,7,481.51,94.59
2026-06-19,Monitor,Electronics,West,9,2808.55,588.71
2026-06-25,Speaker,Accessories,North,3,4305.5,812.04
2026-06-16,Tablet,Electronics,East,9,1034.64,280.75
2026-07-04,Keyboard,Accessories,West,9,1082.47,184.4
2026-07-06,Camera,Electronics,South,4,883.62,199.74
2026-06-20,Monitor,Electronics,West,4,1894.19,178.02
2026-06-29,Headphones,Accessories,South,4,3299.35,902.23
2026-06-22,Tablet,Electronics,North,9,4253.76,1051.34
2026-06-27,Mobile,Electronics,East,5,1287.93,242.54
2026-06-21,Keyboard,Accessories,West,1,4490.71,1008.39
2026-06-28,Speaker,Accessories,West,4,2759.47,632.49
2026-06-22,Mobile,Electronics,West,8,3591.9,995.21
2026-06-23,Speaker,Accessories,West,9,2588.43,534.28
2026-06-26,Keyboard,Accessories,South,2,1551.49,225.47
2026-06-23,Monitor,Electronics,North,6,501.93,84.16
2026-07-11,Camera,Electronics,East,9,3852.72,680.57
2026-06-29,Headphones,Accessories,East,3,4397.4,1264.07
2026-07-11,Laptop,Electronics,North,8,4886.18,1431.39
2026-07-06,Monitor,Electronics,North,6,2340.21,584.74
2026-07-12,Keyboard,Accessories,North,2,3700.16,1072.55
2026-07-06,Tablet,Electronics,East,3,3711.43,673.6
2026-06-18,Mouse,Accessories,West,8,4357.98,581.91
2026-06-27,Camera,Electronics,South,7,3704.38,240.44
2026-06-24,Laptop,Electronics,South,3,1935.91,213.07
2026-06-30,Tablet,Electronics,East,9,2219.5,512.53
2026-07-06,Headphones,Accessories,West,2,2100.9,545.64
2026-06-14,Printer,Office,North,8,3964.12,452.69
2026-07-03,Camera,Electronics,South,4,2603.78,706.92
2026-06-15,Printer,Office,West,6,1784.37,125.03
2026-06-21,Monitor,Electronics,East,7,2150.38,551.68
2026-06-21,Keyboard,Accessories,North,10,4675.99,791.24
2026-06-28,Mouse,Accessories,East,6,3307.76,888.14
2026-06-16,Mobile,Electronics,South,8,1097.99,246.69
2026-06-30,Headphones,Accessories,North,4,1703.95,169.67
2026-06-22,Keyboard,Accessories,South,3,4798.78,805.48
2026-07-04,Tablet,Electronics,South,2,1794.24,506.14
2026-06-18,Headphones,Accessories,South,8,2436.59,277.53
2026-07-09,Mouse,Accessories,West,4,3748.12,1114.52
2026-07-04,Mouse,Accessories,North,6,135.12,7.19
2026-06-30,Headphones,Accessories,East,9,4338.17,488.73
2026-06-20,Keyboard,Accessories,East,2,4447.18,567.61
2026-06-30,Mouse,Accessories,South,10,848.09,148.97
2026-06-28,Laptop,Electronics,North,6,4255.9,362.38
2026-07-07,Headphones,Accessories,South,3,1793.72,492.2
2026-06-28,Tablet,Electronics,South,7,3752.15,355.81
2026-06-15,Keyboard,Accessories,West,7,2333.2,325.93
2026-07-01,Mobile,Electronics,North,5,3225.91,828.45
2026-07-08,Headphones,Accessories,East,9,579.01,70.75
2026-07-05,Keyboard,Accessories,North,7,2042.16,513.45
2026-06-21,Speaker,Accessories,East,2,1292.8,235.56
2026-06-30,Camera,Electronics,North,8,2809.53,304.95
2026-07-03,Headphones,Accessories,North,8,2315.84,424.89
2026-07-03,Printer,Office,South,1,656.38,182.19
2026-06-13,Speaker,Accessories,North,4,2157.38,414.79
2026-06-12,Monitor,Electronics,North,4,1636.92,111.35
2026-06-16,Monitor,Electronics,East,7,1544.11,386.89
2026-06-25,Mouse,Accessories,North,9,3662.02,197.94
2026-07-07,Printer,Office,East,1,651.24,161.03
2026-06-15,Headphones,Accessories,South,9,2723.44,774.88
2026-06-17,Mouse,Accessories,East,8,847.68,110.85
2026-06-28,Mouse,Accessories,West,5,1009.92,280.34
2026-06-30,Laptop,Electronics,North,9,621.12,53.28
2026-07-08,Printer,Office,East,6,1294.32,219.46
2026-06-29,Mouse,Accessories,North,9,1262.4,227.41
2026-06-19,Headphones,Accessories,North,9,2382.44,596.81
2026-06-27,Camera,Electronics,East,5,1652.36,439.63
2026-07-08,Tablet,Electronics,East,7,4576.42,1118.27
2026-07-04,Tablet,Electronics,North,5,426.85,38.52
2026-06-30,Mouse,Accessories,East,1,3092.44,785.18
2026-06-19,Speaker,Accessories,South,1,1759.47,340.16
2026-07-06,Speaker,Accessories,North,8,1820.33,307.0
2026-06-23,Headphones,Accessories,East,9,973.0,273.74
2026-07-05,Monitor,Electronics,South,6,3210.28,471.05
2026-07-05,Speaker,Accessories,South,5,3172.78,186.09
2026-06-13,Mouse,Accessories,East,1,228.95,26.95
2026-06-16,Keyboard,Accessories,South,4,4027.26,393.73
2026-06-27,Mobile,Electronics,East,4,1381.77,364.93
2026-06-24,Printer,Office,South,3,2906.85,674.33
2026-06-29,Monitor,Electronics,West,6,3438.28,984.12
2026-06-22,Monitor,Electronics,East,8,3090.56,629.99
2026-06-20,Printer,Office,North,9,1727.12,276.07
2026-07-02,Keyboard,Accessories,West,6,4526.02,480.15
2026-07-07,Laptop,Electronics,West,9,771.83,224.48
2026-07-05,Tablet,Electronics,North,1,4113.86,347.97
2026-06-15,Mobile,Electronics,North,10,4657.3,553.2
2026-07-03,Speaker,Accessories,East,9,823.23,110.18
2026-06-16,Printer,Office,North,6,3590.84,582.09
2026-07-07,Headphones,Accessories,North,7,317.85,82.6
2026-06-29,Printer,Office,East,8,3713.72,807.92
2026-07-07,Mouse,Accessories,South,5,2835.97,579.62
2026-07-07,Tablet,Electronics,East,10,2311.16,243.05
2026-07-07,Tablet,Electronics,West,5,279.4,76.86
2026-07-12,Speaker,Accessories,South,4,195.36,10.16
2026-07-05,Speaker,Accessories,South,5,1630.01,275.09
2026-07-08,Speaker,Accessories,West,1,2136.69,549.37
2026-06-17,Headphones,Accessories,North,3,3611.94,698.8
2026-07-12,Camera,Electronics,East,10,4625.39,721.02
2026-06-27,Speaker,Accessories,South,2,1129.55,128.07
2026-07-03,Mouse,Accessories,West,3,4523.66,1005.56
2026-06-23,Keyboard,Accessories,East,8,4323.02,717.84
2026-06-26,Headphones,Accessories,West,3,4235.73,771.25
2026-06-29,Mobile,Electronics,North,10,3463.62,914.79
2026-06-26,Camera,Electronics,North,4,1190.55,294.69
2026-07-08,Printer,Office,North,4,2756.62,386.04
2026-06-25,Tablet,Electronics,West,1,981.97,76.49
2026-06-21,Mouse,Accessories,East,7,3457.38,975.86
2026-06-28,Printer,Office,West,7,1382.18,379.17
2026-07-06,Printer,Office,North,6,4891.02,742.17
2026-06-16,Tablet,Electronics,East,5,770.95,210.23
2026-07-06,Printer,Office,East,9,2990.28,559.68
2026-06-19,Speaker,Accessories,North,9,1134.68,168.08
2026-06-17,Headphones,Accessories,West,7,1371.41,402.97
2026-07-07,Laptop,Electronics,East,9,3442.92,577.54
2026-06-28,Mouse,Accessories,South,6,4122.19,792.81
2026-07-07,Monitor,Electronics,South,1,4833.01,483.06
2026-06-25,Camera,Electronics,North,8,2907.13,715.92
2026-06-19,Printer,Office,North,1,3256.85,367.5
2026-06-17,Keyboard,Accessories,South,8,1999.53,542.93
2026-07-10,Mouse,Accessories,East,7,355.56,66.72
2026-06-19,Tablet,Electronics,South,9,3020.48,855.27
2026-06-21,Mobile,Electronics,North,5,4373.15,788.53
2026-07-03,Laptop,Electronics,West,3,4640.89,1014.02
2026-07-02,Speaker,Accessories,West,7,4414.15,515.87
2026-06-21,Laptop,Electronics,East,8,3850.78,993.94
2026-07-09,Monitor,Electronics,North,4,1133.03,163.72
2026-07-09,Mouse,Accessories,West,2,159.7,35.48
2026-06-19,Keyboard,Accessories,South,3,1534.24,335.42
2026-07-03,Printer,Office,East,8,2578.03,487.49
2026-06-26,Camera,Electronics,East,6,1696.49,427.14
2026-06-12,Tablet,Electronics,South,2,2920.27,873.12
2026-06-27,Headphones,Accessories,East,8,3065.86,913.38
2026-06-24,Headphones,Accessories,North,9,4887.87,776.15
2026-07-12,Laptop,Electronics,South,1,4585.8,1222.18
2026-06-20,Camera,Electronics,East,1,421.25,47.55
2026-06-19,Headphones,Accessories,South,10,743.41,182.7
2026-07-01,Tablet,Electronics,North,7,1500.27,85.15
2026-06-28,Printer,Office,South,1,4132.9,238.97
2026-06-20,Camera,Electronics,West,9,2158.71,169.03
2026-06-27,Headphones,Accessories,West,10,2144.82,337.76
2026-06-17,Laptop,Electronics,West,2,1326.2,80.6
2026-07-04,Mouse,Accessories,West,1,1046.96,148.31
2026-06-17,Mobile,Electronics,West,5,2714.08,467.77
2026-07-08,Tablet,Electronics,North,6,1606.75,251.45
2026-06-20,Laptop,Electronics,North,2,1745.39,210.46
2026-07-03,Printer,Office,North,2,3328.38,796.88
2026-07-11,Monitor,Electronics,North,7,2776.95,212.53
2026-06-15,Mobile,Electronics,East,3,3392.01,771.39
2026-06-17,Tablet,Electronics,West,3,1292.41,363.2
2026-06-29,Mobile,Electronics,North,9,1869.73,284.14
2026-06-26,Speaker,Accessories,South,4,3448.27,706.43
2026-07-01,Mobile,Electronics,North,3,1789.36,173.35
2026-06-30,Mouse,Accessories,South,5,3708.54,389.55
2026-06-28,Headphones,Accessories,South,7,284.83,24.99
2026-07-06,Laptop,Electronics,East,4,4242.46,595.97
2026-07-07,Mouse,Accessories,West,8,2754.53,711.71
2026-06-28,Tablet,Electronics,West,1,3527.07,698.68
2026-07-08,Printer,Office,West,3,3654.6,600.73
2026-07-06,Monitor,Electronics,North,3,4463.52,657.25
2026-06-30,Headphones,Accessories,West,1,4267.21,1108.6
2026-06-27,Mobile,Electronics,East,7,1110.5,119.74
2026-06-21,Tablet,Electronics,West,1,4305.26,799.31
2026-07-09,Keyboard,Accessories,West,6,2559.31,608.67
2026-07-09,Camera,Electronics,South,3,3238.39,442.36
2026-06-20,Keyboard,Accessories,North,10,4697.11,1302.51
2026-06-25,Laptop,Electronics,East,3,3401.84,915.75
2026-06-14,Monitor,Electronics,South,1,1670.04,363.77
2026-07-02,Keyboard,Accessories,North,8,4377.19,775.27
2026-06-26,Mouse,Accessories,South,9,1132.59,230.33
2026-06-28,Printer,Office,East,8,2768.85,526.39
2026-07-12,Monitor,Electronics,North,2,3443.16,658.71
2026-07-10,Speaker,Accessories,South,5,4829.11,513.79
2026-06-12,Camera,Electronics,South,1,1916.38,293.15
2026-06-18,Keyboard,Accessories,North,2,1495.13,390.04
2026-07-08,Speaker,Accessories,East,5,2512.41,437.01
2026-06-27,Printer,Office,West,10,2322.36,559.98
2026-07-06,Mouse,Accessories,North,4,4160.51,1206.54
2026-06-12,Keyboard,Accessories,West,2,1904.56,331.76
2026-06-15,Mobile,Electronics,West,7,4123.14,390.95
2026-06-25,Mobile,Electronics,East,5,2329.75,591.38
2026-07-04,Speaker,Accessories,East,6,322.52,24.95
2026-06-27,Monitor,Electronics,North,4,3794.05,282.02
2026-07-07,Keyboard,Accessories,North,10,2381.08,194.79
2026-06-21,Camera,Electronics,South,7,2604.16,717.89
2026-07-01,Mouse,Accessories,East,5,2850.89,296.42
2026-06-24,Keyboard,Accessories,North,10,2136.87,365.92
2026-07-02,Camera,Electronics,South,2,4266.65,507.85
2026-06-30,Speaker,Accessories,West,9,649.3,192.27
2026-06-23,Printer,Office,North,10,647.86,110.08
2026-07-03,Mouse,Accessories,East,5,277.34,65.01
2026-07-12,Monitor,Electronics,East,1,4310.97,416.94
2026-06-19,Monitor,Electronics,West,3,2174.45,125.38
2026-07-11,Keyboard,Accessories,East,2,804.15,134.82
2026-06-12,Keyboard,Accessories,North,5,3821.35,943.12
2026-06-26,Speaker,Accessories,North,5,1984.94,578.36
2026-07-12,Camera,Electronics,East,6,721.93,42.86
2026-06-19,Mobile,Electronics,West,5,4717.72,600.37
2026-07-04,Printer,Office,North,1,1755.65,506.72
2026-07-03,Mobile,Electronics,East,5,1341.15,280.53
2026-06-26,Printer,Office,West,4,3832.5,808.09
2026-07-11,Speaker,Accessories,North,5,1634.59,143.03
2026-06-25,Keyboard,Accessories,West,1,1837.2,272.65
2026-06-16,Laptop,Electronics,West,3,2563.0,211.07
2026-06-20,Printer,Office,South,5,1553.55,361.18
2026-07-04,Monitor,Electronics,West,10,4781.62,523.34
2026-06-22,Laptop,Electronics,East,10,2083.66,462.18
2026-07-09,Headphones,Accessories,West,7,3541.21,893.07
2026-06-16,Laptop,Electronics,East,10,4280.47,1158.73
2026-07-11,Mouse,Accessories,East,4,4894.68,650.96
2026-07-10,Laptop,Electronics,East,3,3616.9,826.52
2026-06-14,Speaker,Accessories,East,8,2329.98,586.34
2026-06-25,Headphones,Accessories,East,8,1315.95,350.39
2026-06-20,Printer,Office,East,3,1989.25,571.63
2026-06-14,Headphones,Accessories,West,3,912.77,62.26
2026-06-19,Laptop,Electronics,East,1,569.59,100.11
2026-07-02,Monitor,Electronics,East,5,4558.29,1004.38
2026-06-15,Tablet,Electronics,East,8,2760.5,261.56
2026-06-18,Mouse,Accessories,East,6,4704.42,342.93
2026-06-22,Headphones,Accessories,North,10,4784.37,245.1
2026-06-14,Mobile,Electronics,West,2,637.87,70.58
2026-07-07,Mobile,Electronics,North,5,674.51,46.7
2026-06-19,Mobile,Electronics,South,8,3392.81,666.5
2026-06-27,Keyboard,Accessories,North,8,4491.47,652.04
2026-07-10,Camera,Electronics,South,1,707.12,208.39
2026-06-20,Keyboard,Accessories,South,4,1674.33,235.25
2026-06-19,Camera,Electronics,North,5,4351.82,302.03
2026-07-08,Keyboard,Accessories,East,6,3125.28,739.55
2026-06-14,Mouse,Accessories,North,5,888.49,122.2
2026-06-16,Camera,Electronics,West,10,3132.71,592.85
2026-06-16,Monitor,Electronics,East,10,4065.05,808.6
2026-07-12,Laptop,Electronics,East,7,1374.96,224.42
2026-06-16,Tablet,Electronics,East,2,1558.5,223.88
2026-07-11,Monitor,Electronics,South,5,1547.2,294.74
2026-07-04,Keyboard,Accessories,West,7,3994.11,956.81
2026-06-21,Keyboard,Accessories,East,4,1494.04,205.64
2026-06-23,Monitor,Electronics,East,9,2172.41,476.83
2026-07-10,Laptop,Electronics,West,2,4343.45,614.82
2026-06-25,Camera,Electronics,East,4,3405.82,804.61
2026-06-22,Mouse,Accessories,West,5,1783.04,261.8
2026-06-24,Speaker,Accessories,North,8,3017.76,657.12
2026-06-19,Speaker,Accessories,North,7,3589.91,518.68
2026-06-14,Mobile,Electronics,West,4,1880.03,189.84
2026-06-24,Tablet,Electronics,North,5,3302.12,168.71
2026-07-11,Printer,Office,North,2,1996.72,196.58
2026-07-01,Mouse,Accessories,South,3,3443.63,563.07
2026-07-09,Keyboard,Accessories,East,6,2100.49,153.69
2026-06-29,Printer,Office,South,4,3771.69,394.28
2026-07-08,Printer,Office,North,1,2481.43,211.86
2026-06-22,Monitor,Electronics,South,6,4914.35,1247.09
2026-06-16,Mouse,Accessories,East,10,1817.57,532.01
2026-06-28,Camera,Electronics,West,3,921.11,77.29
2026-06-25,Keyboard,Accessories,West,3,1234.73,205.08
2026-06-29,Mobile,Electronics,West,3,1917.25,271.16
2026-07-11,Tablet,Electronics,North,7,4704.35,418.78
2026-06-20,Tablet,Electronics,North,8,4146.47,258.71
2026-07-08,Keyboard,Accessories,East,3,4499.76,991.95
2026-06-29,Laptop,Electronics,North,3,1036.13,91.71
2026-07-08,Printer,Office,South,7,4091.82,350.72
2026-06-19,Headphones,Accessories,North,5,843.15,157.11
2026-06-15,Headphones,Accessories,East,2,1389.03,376.52
2026-07-04,Laptop,Electronics,West,10,4963.54,1470.84
2026-06-14,Headphones,Accessories,East,10,404.31,86.85
2026-06-16,Speaker,Accessories,North,7,3518.12,800.13
2026-06-13,Tablet,Electronics,East,10,2575.29,190.17
2026-06-19,Mouse,Accessories,South,7,4115.42,594.72
2026-06-17,Keyboard,Accessories,West,9,2466.52,274.65
2026-06-23,Monitor,Electronics,West,7,4349.97,787.12
2026-06-30,Camera,Electronics,North,9,1136.53,240.32
2026-07-01,Printer,Office,North,6,570.03,79.38
2026-07-11,Mobile,Electronics,West,6,2236.58,493.61
2026-06-26,Printer,Office,East,1,3477.91,580.54
2026-06-20,Speaker,Accessories,North,9,3750.37,678.03
2026-07-05,Monitor,Electronics,West,4,1643.87,236.76
2026-06-20,Camera,Electronics,North,6,4221.91,914.6
2026-06-16,Laptop,Electronics,South,5,2305.14,176.04
2026-07-12,Keyboard,Accessories,East,3,1876.32,486.5
2026-06-19,Mobile,Electronics,West,5,1516.21,311.1
2026-07-04,Tablet,Electronics,South,10,4332.39,1192.52
2026-06-13,Keyboard,Accessories,South,9,1606.19,181.69
2026-06-22,Laptop,Electronics,East,3,2689.67,217.72
2026-06-19,Monitor,Electronics,East,2,2795.3,141.3
2026-06-14,Mouse,Accessories,West,1,3706.61,280.1
2026-07-07,Monitor,Electronics,South,9,2518.23,374.57
2026-06-19,Keyboard,Accessories,East,8,3644.29,664.89
2026-07-03,Laptop,Electronics,North,9,3496.47,739.83
2026-06-15,Mobile,Electronics,West,9,3288.28,685.25
2026-07-12,Mobile,Electronics,North,4,1365.77,69.55
2026-06-30,Printer,Office,North,10,945.03,148.97
2026-07-10,Speaker,Accessories,South,1,1599.95,221.15
2026-07-09,Speaker,Accessories,West,1,3473.38,403.31
2026-06-30,Mouse,Accessories,East,5,2084.62,360.35
2026-06-30,Speaker,Accessories,North,10,1425.62,299.37
2026-07-02,Camera,Electronics,North,2,1525.49,405.41
2026-06-14,Printer,Office,South,1,4917.98,680.58
2026-07-05,Mouse,Accessories,West,9,544.67,158.66
2026-07-06,Mouse,Accessories,North,5,339.52,33.12
2026-07-08,Laptop,Electronics,West,10,1766.5,172.06
2026-06-12,Keyboard,Accessories,West,4,3626.39,993.97
2026-07-01,Mobile,Electronics,South,7,1017.46,124.94
2026-06-16,Speaker,Accessories,East,10,4239.3,982.89
2026-07-07,Monitor,Electronics,South,10,3475.95,182.8
2026-07-04,Laptop,Electronics,North,2,4114.49,824.41
2026-06-16,Mouse,Accessories,South,4,4047.54,238.06
2026-06-19,Printer,Office,North,4,112.09,31.38
2026-06-13,Headphones,Accessories,East,4,3173.19,391.84
2026-06-23,Laptop,Electronics,West,1,1482.31,443.62
2026-06-13,Laptop,Electronics,East,4,1714.67,429.29
2026-06-26,Mouse,Accessories,South,10,1548.38,77.94
2026-06-27,Speaker,Accessories,West,2,3397.0,867.55
2026-07-06,Headphones,Accessories,West,1,3134.96,931.9
2026-06-28,Printer,Office,West,2,2557.22,579.62
2026-06-13,Printer,Office,North,8,2404.91,626.96
2026-06-14,Camera,Electronics,East,6,4337.09,1050.8
2026-06-22,Mobile,Electronics,South,2,3225.76,929.14
2026-07-08,Speaker,Accessories,East,7,270.18,50.86
2026-06-14,Printer,Office,East,9,2967.02,605.77
2026-06-20,Tablet,Electronics,South,10,1795.69,459.4
2026-07-06,Laptop,Electronics,West,2,352.72,58.4
2026-06-24,Mobile,Electronics,East,10,2246.63,569.67
2026-06-12,Keyboard,Accessories,South,6,1405.06,318.23
2026-07-05,Printer,Office,West,8,553.58,82.75
2026-07-05,Camera,Electronics,West,7,311.72,20.89
2026-07-11,Headphones,Accessories,North,9,4378.01,1275.3
2026-06-23,Laptop,Electronics,East,7,3871.93,312.9
2026-06-29,Mobile,Electronics,North,5,3665.54,644.88
2026-06-21,Monitor,Electronics,North,8,111.82,19.13
2026-06-19,Keyboard,Accessories,North,10,2004.41,589.57
2026-06-19,Printer,Office,South,2,3883.52,848.99
2026-06-30,Keyboard,Accessories,North,4,3311.53,203.21
2026-06-17,Laptop,Electronics,East,8,455.25,80.02
2026-07-06,Headphones,Accessories,South,8,4054.62,547.95
2026-06-26,Printer,Office,East,10,896.26,137.24
2026-06-23,Mobile,Electronics,South,3,566.55,160.75
2026-06-22,Keyboard,Accessories,South,7,4159.87,701.08
2026-06-16,Speaker,Accessories,North,10,850.71,250.43
2026-07-06,Printer,Office,South,10,758.25,183.34
2026-06-24,Tablet,Electronics,East,5,335.43,70.2
2026-07-09,Mobile,Electronics,South,9,2755.36,240.66
2026-06-28,Camera,Electronics,East,8,3995.83,872.51
2026-07-02,Headphones,Accessories,East,2,1038.77,104.48
2026-06-26,Mobile,Electronics,East,7,690.15,58.49
2026-06-12,Tablet,Electronics,North,8,1924.67,139.88
2026-07-07,Mobile,Electronics,West,2,4344.51,1031.19
2026-07-04,Keyboard,Accessories,East,9,4919.43,618.77
2026-06-23,Headphones,Accessories,East,1,4098.18,1005.39
2026-06-28,Tablet,Electronics,South,2,4001.21,492.28
2026-06-22,Mobile,Electronics,South,7,4063.51,1015.54
2026-07-03,Monitor,Electronics,West,1,2635.61,712.92
2026-07-10,Mobile,Electronics,West,7,533.19,108.61
2026-07-10,Mouse,Accessories,South,4,1236.78,128.21
2026-06-12,Speaker,Accessories,South,5,4162.32,865.61
2026-06-13,Speaker,Accessories,West,7,1138.08,312.17
2026-07-08,Headphones,Accessories,North,6,1557.94,228.49
2026-06-27,Camera,Electronics,West,8,3959.26,1148.63
2026-07-10,Laptop,Electronics,South,1,4149.41,857.26
2026-06-20,Printer,Office,North,8,2617.75,643.13
2026-06-28,Laptop,Electronics,South,7,3373.19,890.12
2026-06-16,Mobile,Electronics,North,1,3554.59,408.59
2026-06-21,Camera,Electronics,West,7,2443.66,604.32
2026-06-13,Camera,Electronics,East,3,4003.33,719.24
2026-06-13,Tablet,Electronics,East,6,1851.81,382.94
2026-07-04,Laptop,Electronics,South,5,1994.77,385.28
2026-07-08,Keyboard,Accessories,West,3,2974.7,355.48
2026-06-26,Mobile,Electronics,South,4,1411.91,299.4
2026-06-30,Speaker,Accessories,East,1,4516.79,230.78
2026-07-10,Tablet,Electronics,East,6,3435.24,432.25
2026-07-11,Monitor,Electronics,East,6,427.34,118.43
2026-07-11,Mobile,Electronics,West,3,518.39,117.87
2026-06-15,Keyboard,Accessories,East,10,1539.17,201.92
2026-07-05,Laptop,Electronics,South,4,1690.61,197.15
2026-06-17,Speaker,Accessories,North,9,2379.01,320.36
2026-07-05,Keyboard,Accessories,South,7,4105.1,1034.06
2026-07-10,Keyboard,Accessories,South,3,2450.58,371.46
2026-06-14,Headphones,Accessories,East,9,477.71,65.83
2026-07-02,Mouse,Accessories,West,2,1016.63,149.92
2026-06-13,Camera,Electronics,East,8,4358.14,1073.58
2026-07-12,Printer,Office,South,10,2348.15,504.77
2026-07-09,Keyboard,Accessories,North,5,2887.71,544.0
2026-07-07,Tablet,Electronics,East,6,3961.17,736.09
2026-07-02,Camera,Electronics,West,6,1705.56,291.92
2026-06-16,Camera,Electronics,South,5,2310.42,624.98
2026-06-23,Camera,Electronics,East,4,4802.96,1131.14
2026-07-10,Mobile,Electronics,South,7,3140.4,612.22
2026-07-06,Monitor,Electronics,East,6,2638.26,599.26
2026-06-16,Laptop,Electronics,West,9,2817.74,712.14
2026-07-02,Speaker,Accessories,West,5,2500.48,501.36
2026-07-05,Monitor,Electronics,North,4,816.27,74.01
2026-06-26,Printer,Office,East,8,3969.87,643.05
2026-06-28,Tablet,Electronics,West,9,2100.97,204.37
2026-06-29,Printer,Office,West,10,3106.37,922.42
2026-06-13,Tablet,Electronics,South,9,4515.99,483.5
2026-06-25,Headphones,Accessories,South,6,4346.53,1139.39
2026-06-15,Keyboard,Accessories,South,2,3297.47,689.52
2026-06-28,Tablet,Electronics,North,3,984.46,164.56
2026-06-12,Mobile,Electronics,West,3,3964.15,963.03
2026-06-25,Camera,Electronics,East,5,4948.35,1152.82
2026-06-25,Tablet,Electronics,West,1,435.54,77.04
2026-06-27,Headphones,Accessories,South,6,4480.82,1090.51
2026-07-09,Printer,Office,West,5,1946.31,523.05
2026-06-29,Printer,Office,South,5,2857.83,573.11
2026-06-20,Tablet,Electronics,East,5,1586.71,224.92
2026-06-23,Camera,Electronics,North,7,2101.7,370.15
2026-07-10,Monitor,Electronics,South,1,1255.75,192.43
2026-07-01,Monitor,Electronics,South,9,4904.6,1171.48
2026-07-10,Monitor,Electronics,North,6,460.25,61.91
2026-07-10,Keyboard,Accessories,North,6,3228.64,868.02
2026-06-26,Mobile,Electronics,South,3,3104.45,807.21
2026-06-22,Camera,Electronics,West,9,4085.49,395.97
2026-07-11,Tablet,Electronics,East,9,204.76,24.89
2026-07-02,Monitor,Electronics,West,4,4782.46,1269.93
2026-07-03,Camera,Electronics,West,7,1058.91,176.49
2026-07-07,Tablet,Electronics,East,8,2985.0,848.79
2026-07-08,Camera,Electronics,West,8,4436.7,433.61
2026-06-24,Keyboard,Accessories,North,3,2097.47,284.66
2026-06-16,Mobile,Electronics,North,6,2886.11,812.67
2026-06-26,Tablet,Electronics,North,4,2097.32,369.73
2026-07-12,Monitor,Electronics,South,1,1634.15,334.29
2026-06-26,Mouse,Accessories,North,1,3402.4,511.93
2026-06-30,Laptop,Electronics,West,2,715.78,49.78
2026-06-13,Headphones,Accessories,East,9,1447.22,357.4
2026-06-19,Keyboard,Accessories,East,1,4361.54,356.58
2026-06-24,Headphones,Accessories,West,9,3358.54,787.65
2026-07-01,Keyboard,Accessories,South,1,2870.71,587.47
2026-07-10,Camera,Electronics,North,4,4329.56,1220.65
2026-06-25,Printer,Office,West,9,2543.04,690.16
2026-06-27,Keyboard,Accessories,North,10,1476.75,343.81
2026-07-03,Mouse,Accessories,North,7,3813.81,617.15
2026-07-08,Mouse,Accessories,North,2,2913.94,609.52
2026-06-22,Monitor,Electronics,South,3,1719.73,305.22
2026-06-25,Headphones,Accessories,East,3,2868.82,590.11
2026-06-26,Laptop,Electronics,East,4,504.68,146.1
2026-06-27,Mouse,Accessories,South,1,601.46,45.82
2026-06-23,Printer,Office,East,1,4149.74,928.44
2026-07-10,Speaker,Accessories,West,2,2466.8,589.47
2026-06-17,Headphones,Accessories,East,2,1171.96,328.42
2026-06-13,Mobile,Electronics,South,6,1923.33,437.22
2026-07-10,Mobile,Electronics,South,2,1340.37,274.13
2026-07-11,Tablet,Electronics,East,2,2632.91,419.3
2026-07-09,Mouse,Accessories,East,10,4288.08,342.95
2026-07-11,Monitor,Electronics,North,3,3767.63,279.64
2026-06-16,Printer,Office,East,3,1985.87,329.57
2026-07-04,Monitor,Electronics,North,3,2754.57,432.72
2026-07-09,Headphones,Accessories,North,10,1451.74,197.84
2026-07-11,Mobile,Electronics,North,4,2047.67,171.47
2026-06-20,Headphones,Accessories,West,8,3894.31,448.25
2026-06-29,Mobile,Electronics,South,9,1876.28,528.36
2026-06-21,Laptop,Electronics,West,4,923.9,136.93
2026-06-24,Headphones,Accessories,East,2,490.17,50.27
2026-06-14,Mouse,Accessories,East,1,740.52,129.76
2026-07-09,Mouse,Accessories,North,1,2207.49,353.39
2026-06-14,Speaker,Accessories,West,9,3627.14,785.48
2026-06-13,Keyboard,Accessories,East,10,3897.41,372.1
2026-06-14,Speaker,Accessories,West,4,4929.63,1311.46
2026-06-30,Camera,Electronics,North,9,3420.73,928.89
2026-06-28,Tablet,Electronics,South,10,3232.74,787.52
2026-06-29,Speaker,Accessories,West,10,3658.93,600.15
2026-07-09,Tablet,Electronics,East,6,535.11,34.19
2026-07-06,Mobile,Electronics,East,10,238.21,50.05
2026-07-02,Headphones,Accessories,East,6,3531.25,569.16
2026-07-05,Tablet,Electronics,East,8,3118.47,826.27
2026-07-08,Speaker,Accessories,South,9,3130.2,728.34
2026-06-29,Monitor,Electronics,East,2,4065.33,1141.58
2026-07-07,Speaker,Accessories,West,1,2834.36,457.24
2026-06-23,Camera,Electronics,West,6,1238.61,153.87
2026-06-16,Monitor,Electronics,East,5,1766.42,349.38
2026-06-12,Monitor,Electronics,East,2,2127.78,188.53
2026-07-06,Speaker,Accessories,North,2,3969.92,1067.92
2026-07-12,Laptop,Electronics,North,4,953.64,137.83
2026-06-14,Monitor,Electronics,West,4,3090.2,911.67
2026-06-16,Printer,Office,South,10,1988.3,478.95
2026-07-02,Mobile,Electronics,West,1,1315.7,151.26
2026-07-04,Camera,Electronics,East,3,471.87,52.35
2026-07-06,Printer,Office,East,1,3915.95,807.18
2026-06-17,Headphones,Accessories,East,1,1538.97,114.95
2026-06-16,Laptop,Electronics,North,5,517.95,127.43
2026-06-13,Laptop,Electronics,East,3,2016.2,194.12
2026-06-29,Printer,Office,South,2,4824.41,864.99
2026-06-24,Mobile,Electronics,South,10,4719.57,1175.92
2026-06-14,Tablet,Electronics,North,2,443.23,100.63
2026-07-05,Keyboard,Accessories,South,1,4922.23,571.0
2026-07-08,Speaker,Accessories,North,5,2849.23,592.49
2026-06-29,Speaker,Accessories,North,2,4142.38,273.2
2026-06-19,Mobile,Electronics,North,4,1550.13,186.64
2026-06-28,Headphones,Accessories,North,10,477.18,35.01
2026-06-30,Headphones,Accessories,South,8,2158.06,636.76
2026-06-18,Mobile,Electronics,East,1,754.15,144.65
2026-07-07,Speaker,Accessories,East,3,4146.31,1052.96
2026-06-13,Monitor,Electronics,East,3,1947.21,411.3
2026-06-12,Keyboard,Accessories,West,7,4522.78,228.4
2026-06-23,Keyboard,Accessories,North,7,1257.05,340.99
2026-06-25,Headphones,Accessories,North,5,1367.43,282.77
2026-06-19,Tablet,Electronics,South,2,3609.16,409.73
2026-06-22,Printer,Office,South,4,391.55,113.79
2026-07-08,Mobile,Electronics,North,2,3634.91,567.04
2026-06-23,Camera,Electronics,South,6,3659.98,240.79
2026-06-26,Mobile,Electronics,South,2,4132.87,410.96
2026-07-10,Headphones,Accessories,North,2,464.21,76.99
2026-06-30,Mouse,Accessories,South,8,2039.03,286.22
2026-06-13,Mobile,Electronics,South,5,3760.39,1022.94
2026-06-26,Laptop,Electronics,South,9,1915.66,384.08
2026-06-16,Monitor,Electronics,East,6,2092.16,520.79
2026-06-13,Monitor,Electronics,North,10,842.48,62.78
2026-07-12,Monitor,Electronics,East,4,572.53,131.22
2026-06-23,Camera,Electronics,South,2,925.83,185.19
2026-06-21,Camera,Electronics,North,7,2858.82,689.93
2026-07-03,Tablet,Electronics,East,8,752.85,104.52
2026-06-13,Speaker,Accessories,East,5,3185.19,910.78
2026-07-03,Camera,Electronics,East,10,4939.23,1068.94
2026-06-17,Headphones,Accessories,West,8,4682.47,1325.8
2026-07-03,Keyboard,Accessories,West,4,2916.37,146.78
2026-06-12,Speaker,Accessories,West,6,4994.18,1388.5
2026-06-16,Speaker,Accessories,East,8,4618.01,809.28
2026-06-26,Mouse,Accessories,West,8,3639.63,984.19
2026-06-18,Mouse,Accessories,North,4,1061.28,135.36
2026-06-27,Speaker,Accessories,South,9,4276.3,351.55
2026-07-08,Mobile,Electronics,North,7,298.37,37.67
2026-07-05,Camera,Electronics,South,7,4243.25,1053.94
2026-07-04,Headphones,Accessories,North,6,276.56,71.35
2026-06-23,Headphones,Accessories,East,4,4758.12,292.98
2026-06-30,Mobile,Electronics,West,5,2404.88,558.18
2026-07-07,Printer,Office,South,2,3109.05,179.91
2026-06-15,Mobile,Electronics,East,4,3040.51,646.0
2026-07-11,Mobile,Electronics,South,8,3361.77,1007.7
2026-06-27,Monitor,Electronics,South,8,1746.96,264.08
2026-07-08,Monitor,Electronics,South,10,3891.3,909.86
2026-07-08,Monitor,Electronics,East,1,2062.95,357.61
2026-06-30,Laptop,Electronics,West,10,3958.1,828.88
2026-07-08,Speaker,Accessories,North,2,1991.63,135.37
2026-07-10,Headphones,Accessories,South,4,4342.55,1094.75
2026-07-03,Keyboard,Accessories,North,1,3024.41,845.42
2026-06-20,Tablet,Electronics,West,4,4890.7,274.36
2026-07-02,Tablet,Electronics,South,6,136.08,14.82
2026-07-11,Headphones,Accessories,North,1,2330.18,371.54
2026-06-15,Monitor,Electronics,North,2,4083.86,873.85
2026-06-20,Speaker,Accessories,North,10,536.1,157.01
2026-06-23,Printer,Office,North,2,1488.65,316.04
2026-06-25,Mobile,Electronics,North,5,722.86,84.66
2026-06-13,Tablet,Electronics,East,7,2009.87,426.31
2026-06-15,Headphones,Accessories,West,4,1091.75,81.16
2026-06-12,Mouse,Accessories,North,8,4714.57,497.0
2026-06-26,Mouse,Accessories,South,6,4199.24,1068.62
2026-06-21,Headphones,Accessories,South,6,1585.69,198.45
2026-07-06,Printer,Office,West,7,793.69,150.72
2026-06-17,Printer,Office,East,3,904.15,77.87
2026-07-08,Keyboard,Accessories,West,3,3345.84,800.0
2026-06-20,Headphones,Accessories,East,5,1966.07,114.19
2026-06-19,Camera,Electronics,North,6,1228.71,300.81
2026-06-14,Keyboard,Accessories,North,3,3597.47,760.98
2026-07-08,Keyboard,Accessories,North,1,4202.82,1149.09
2026-07-07,Mobile,Electronics,West,9,417.5,41.96
2026-06-18,Keyboard,Accessories,East,7,2668.19,210.71
2026-06-26,Keyboard,Accessories,East,7,3110.65,160.53
2026-07-03,Mobile,Electronics,North,10,1654.16,290.38
2026-07-09,Monitor,Electronics,West,3,1896.91,124.39
2026-06-16,Camera,Electronics,West,4,4123.53,1028.1
2026-07-02,Keyboard,Accessories,West,4,905.69,197.4
2026-06-22,Tablet,Electronics,West,10,3207.76,592.89
2026-07-04,Printer,Office,South,7,4468.36,955.78
2026-07-05,Mobile,Electronics,East,2,4747.53,297.14
2026-06-25,Camera,Electronics,East,4,2099.54,530.67
2026-07-04,Mouse,Accessories,East,8,1501.79,187.32
2026-06-24,Keyboard,Accessories,West,3,4786.86,484.58
2026-06-28,Keyboard,Accessories,South,1,507.89,89.93
2026-07-05,Tablet,Electronics,West,9,2506.76,475.17
2026-06-25,Mouse,Accessories,North,2,2647.7,481.56
2026-07-06,Laptop,Electronics,East,7,2497.38,186.76
2026-07-01,Tablet,Electronics,East,3,4765.61,898.16
2026-07-03,Camera,Electronics,East,9,520.18,89.25
2026-06-15,Monitor,Electronics,West,9,1704.2,146.69
2026-07-02,Mobile,Electronics,North,1,4218.23,722.33
2026-06-24,Monitor,Electronics,North,2,3251.64,374.48
2026-06-12,Mouse,Accessories,West,5,2732.61,482.05
2026-07-05,Headphones,Accessories,North,7,2141.14,426.66
2026-06-22,Speaker,Accessories,West,6,4226.95,463.9
2026-06-22,Mobile,Electronics,North,7,2529.88,192.72
2026-07-09,Tablet,Electronics,South,9,4501.0,800.14
2026-06-28,Mobile,Electronics,North,7,4954.04,1266.91
2026-07-11,Monitor,Electronics,West,8,3848.72,216.13
2026-06-21,Headphones,Accessories,West,6,1739.23,144.24
2026-06-18,Speaker,Accessories,North,10,208.19,22.35
2026-07-12,Printer,Office,East,6,2935.75,870.95
2026-06-16,Mobile,Electronics,South,4,2586.69,342.98
2026-06-28,Tablet,Electronics,North,2,1492.04,405.32
2026-07-07,Keyboard,Accessories,North,10,4933.92,1451.33
2026-06-21,Speaker,Accessories,West,6,749.64,79.16
2026-06-25,Keyboard,Accessories,West,9,4436.0,854.3
2026-06-14,Printer,Office,North,8,275.56,67.87
2026-07-08,Laptop,Electronics,North,9,1159.78,125.41
2026-06-12,Headphones,Accessories,North,5,4448.83,827.01
2026-06-15,Monitor,Electronics,North,1,4197.19,1205.0
2026-07-10,Headphones,Accessories,West,5,1654.39,448.85
2026-07-05,Laptop,Electronics,West,3,4066.29,222.11
2026-06-20,Keyboard,Accessories,West,5,3600.95,206.18
2026-06-12,Headphones,Accessories,West,3,3636.99,625.25
2026-06-26,Speaker,Accessories,East,2,1450.39,174.72
2026-06-14,Tablet,Electronics,North,10,3601.38,620.4
2026-06-23,Mobile,Electronics,West,4,3338.23,567.4
2026-06-21,Mouse,Accessories,North,9,1401.14,209.61
2026-06-23,Mobile,Electronics,South,2,3915.17,881.15
2026-07-01,Laptop,Electronics,West,6,3152.12,753.78
2026-07-01,Tablet,Electronics,East,7,4461.85,666.58
2026-06-14,Keyboard,Accessories,South,10,1094.79,226.97
2026-06-27,Speaker,Accessories,North,7,2611.42,661.06
2026-06-23,Camera,Electronics,West,8,2951.41,182.1
2026-06-16,Mouse,Accessories,East,5,4111.94,541.36
2026-07-05,Monitor,Electronics,North,6,3241.48,378.57
2026-07-10,Speaker,Accessories,West,7,1479.01,432.37
2026-06-27,Speaker,Accessories,East,7,4768.06,756.98
2026-07-04,Headphones,Accessories,East,4,611.61,151.65
2026-06-30,Monitor,Electronics,East,2,1263.6,326.81
2026-06-19,Camera,Electronics,South,3,3119.43,793.72
2026-06-23,Mouse,Accessories,West,8,4631.5,277.25
2026-07-12,Camera,Electronics,West,4,3056.4,161.52
2026-06-15,Laptop,Electronics,West,9,1536.72,200.26
2026-07-05,Printer,Office,North,10,3615.57,756.64
2026-06-25,Mobile,Electronics,South,7,2391.72,243.99
2026-07-10,Keyboard,Accessories,East,2,2183.41,265.44
2026-06-14,Speaker,Accessories,North,10,3967.45,426.54
2026-06-23,Laptop,Electronics,West,2,3690.67,1013.34
2026-06-24,Printer,Office,East,2,4969.75,1103.03
2026-06-23,Laptop,Electronics,South,7,3793.76,758.61
2026-07-02,Tablet,Electronics,North,2,1182.52,287.4
2026-06-16,Mobile,Electronics,North,10,3303.37,639.0
2026-06-22,Keyboard,Accessories,North,7,4007.9,770.74
2026-07-08,Mobile,Electronics,North,10,4716.69,801.36
2026-07-04,Speaker,Accessories,South,2,4866.37,1346.6
2026-07-02,Tablet,Electronics,South,10,4757.92,671.46
2026-06-16,Camera,Electronics,South,8,3100.59,900.17
2026-07-09,Monitor,Electronics,East,2,1456.99,262.01
2026-06-29,Tablet,Electronics,North,5,945.3,150.81
2026-06-21,Monitor,Electronics,South,6,3363.58,839.03
2026-07-04,Laptop,Electronics,East,6,430.54,126.68
2026-06-19,Camera,Electronics,North,1,1292.43,304.82
2026-06-14,Camera,Electronics,West,2,4753.77,396.48
2026-06-13,Laptop,Electronics,South,4,1064.75,76.21
2026-06-15,Laptop,Electronics,East,1,4283.34,1263.48
2026-06-15,Tablet,Electronics,West,1,1527.41,208.06
2026-07-01,Mobile,Electronics,South,5,2169.52,125.7
2026-06-29,Tablet,Electronics,East,10,2187.2,500.51
2026-06-27,Laptop,Electronics,North,7,3173.93,746.78
2026-06-29,Mouse,Accessories,North,4,3975.95,827.13
2026-06-28,Monitor,Electronics,South,3,2033.02,426.38
2026-07-07,Tablet,Electronics,East,10,2336.92,210.35
2026-07-07,Mobile,Electronics,West,1,3122.44,307.15
2026-06-29,Printer,Office,East,1,1562.09,131.86
2026-07-02,Printer,Office,East,7,4537.07,688.85
2026-07-04,Tablet,Electronics,West,5,755.34,149.26
2026-06-29,Camera,Electronics,West,4,4367.14,900.55
2026-06-15,Mouse,Accessories,South,8,1389.27,109.79
2026-06-28,Mobile,Electronics,South,9,3327.04,220.96
2026-06-19,Keyboard,Accessories,North,3,1515.18,97.92
2026-07-01,Monitor,Electronics,South,2,4171.81,1012.01
2026-07-08,Printer,Office,South,9,2231.55,312.52
2026-06-29,Printer,Office,West,9,197.14,45.9
2026-06-17,Printer,Office,North,3,1379.12,307.26
2026-06-21,Laptop,Electronics,East,4,2421.39,135.03
2026-06-13,Tablet,Electronics,North,7,1677.08,262.62
2026-06-17,Monitor,Electronics,West,10,1378.85,401.44
2026-06-21,Mobile,Electronics,South,6,4503.17,395.32
2026-06-21,Tablet,Electronics,West,2,1738.03,331.34
2026-06-28,Monitor,Electronics,East,8,3804.95,421.6
2026-06-15,Mobile,Electronics,South,5,3223.87,740.18
2026-07-06,Headphones,Accessories,West,5,807.84,208.19
2026-06-27,Keyboard,Accessories,South,1,1561.08,317.72
2026-06-20,Monitor,Electronics,North,8,1304.09,266.08
2026-06-22,Laptop,Electronics,North,9,3852.15,422.81
2026-06-17,Tablet,Electronics,East,6,830.82,158.88
2026-06-14,Keyboard,Accessories,South,10,1222.55,63.05
2026-06-24,Keyboard,Accessories,West,4,4592.52,774.02
2026-07-05,Camera,Electronics,West,7,4646.37,890.51
2026-07-03,Headphones,Accessories,West,2,2296.85,158.91
2026-07-03,Keyboard,Accessories,East,5,4509.71,1308.74
2026-06-14,Keyboard,Accessories,West,5,2276.71,584.16
2026-06-12,Tablet,Electronics,South,3,4628.81,1123.56
2026-06-20,Monitor,Electronics,East,6,203.11,17.26
2026-06-20,Keyboard,Accessories,North,5,902.72,117.91
2026-06-16,Printer,Office,West,2,2874.3,295.01
2026-06-14,Speaker,Accessories,North,4,1495.76,357.59
2026-07-02,Laptop,Electronics,West,9,3748.92,443.04
2026-07-10,Mouse,Accessories,West,3,4983.49,1035.57
2026-07-11,Monitor,Electronics,East,6,1401.18,73.71
2026-07-09,Mouse,Accessories,West,3,2425.44,284.34
2026-06-28,Camera,Electronics,South,8,433.57,83.09
2026-06-27,Laptop,Electronics,North,3,3477.13,772.85
2026-06-24,Keyboard,Accessories,South,4,2195.47,556.57
2026-07-06,Speaker,Accessories,West,10,2868.24,165.27
2026-07-10,Laptop,Electronics,South,4,3418.65,336.73
2026-06-30,Printer,Office,South,4,815.41,111.4
2026-07-12,Mobile,Electronics,South,7,3600.46,879.52
2026-06-19,Mobile,Electronics,North,9,3352.28,523.48
2026-07-07,Mobile,Electronics,West,1,2311.69,599.2
2026-07-03,Mobile,Electronics,South,7,4317.06,1228.96
2026-06-13,Monitor,Electronics,West,8,715.32,133.7
2026-06-25,Speaker,Accessories,West,6,1241.4,350.68
2026-06-20,Mouse,Accessories,West,8,4706.14,942.89
2026-07-08,Mobile,Electronics,South,10,1990.12,199.6
2026-07-04,Camera,Electronics,West,7,1101.73,197.43
2026-06-25,Printer,Office,South,6,1761.65,386.59
2026-07-03,Mouse,Accessories,East,9,2693.87,607.33
2026-07-01,Speaker,Accessories,West,4,4982.44,1056.19
2026-07-01,Speaker,Accessories,West,7,4589.29,1186.19
2026-07-08,Mobile,Electronics,West,10,2070.9,200.41
2026-07-02,Headphones,Accessories,South,5,4626.58,425.04
2026-06-24,Keyboard,Accessories,West,4,3689.34,1025.07
2026-06-22,Laptop,Electronics,North,10,2883.82,585.66
2026-06-23,Keyboard,Accessories,South,1,2485.95,299.56
2026-06-17,Tablet,Electronics,South,1,3113.51,528.8
2026-06-21,Keyboard,Accessories,South,6,352.47,35.81
2026-07-04,Laptop,Electronics,South,1,3099.5,744.01
2026-07-11,Mouse,Accessories,South,9,3729.39,677.97
2026-06-12,Laptop,Electronics,South,10,641.7,186.0
2026-06-23,Laptop,Electronics,East,10,811.19,189.38
2026-06-25,Camera,Electronics,East,10,2154.77,629.73
2026-07-01,Mobile,Electronics,East,2,2403.55,467.02
2026-07-03,Headphones,Accessories,East,3,1357.76,300.48
2026-06-13,Printer,Office,West,1,1178.49,206.03
2026-07-12,Headphones,Accessories,South,10,1726.5,193.54
2026-06-28,Mouse,Accessories,West,1,3773.27,690.19
2026-07-06,Camera,Electronics,South,3,1631.18,352.46
2026-07-07,Printer,Office,South,7,1510.35,131.04
2026-06-29,Speaker,Accessories,West,3,2144.96,580.01
2026-06-13,Laptop,Electronics,East,7,2744.9,810.23
2026-06-18,Printer,Office,West,3,3739.04,283.96
2026-06-19,Mobile,Electronics,North,8,4915.09,884.12
2026-07-04,Laptop,Electronics,East,10,3020.97,863.48
2026-06-26,Laptop,Electronics,East,4,3973.55,1094.95
2026-06-21,Tablet,Electronics,West,6,2507.79,235.29
2026-06-29,Monitor,Electronics,South,6,3081.12,381.28
2026-06-20,Keyboard,Accessories,North,8,1947.87,420.32
2026-06-12,Monitor,Electronics,South,6,4879.23,1444.36
2026-06-21,Printer,Office,West,3,3614.59,465.75
2026-07-05,Headphones,Accessories,East,9,1665.65,117.93
2026-06-24,Laptop,Electronics,South,6,2092.52,259.95
2026-06-23,Camera,Electronics,South,1,616.82,73.56
2026-06-21,Monitor,Electronics,West,9,4148.36,905.17
2026-06-17,Camera,Electronics,East,2,1713.52,381.91
2026-06-30,Laptop,Electronics,North,8,4896.97,511.39
2026-06-21,Camera,Electronics,East,2,3825.7,718.63
2026-06-24,Tablet,Electronics,South,3,2506.1,147.7
2026-06-22,Mobile,Electronics,North,9,552.67,61.74
2026-06-22,Printer,Office,West,5,4368.86,265.72
2026-07-11,Mobile,Electronics,West,2,2798.58,226.46
2026-06-30,Printer,Office,South,6,3490.93,896.81
2026-07-03,Mobile,Electronics,East,4,995.13,206.24
2026-07-12,Mouse,Accessories,East,7,2879.37,734.12
2026-06-15,Headphones,Accessories,East,4,654.68,144.74
2026-06-22,Mouse,Accessories,South,6,2596.53,138.73
2026-07-10,Tablet,Electronics,East,3,118.63,26.0
2026-06-27,Printer,Office,North,6,2826.27,719.42
2026-06-19,Mobile,Electronics,West,6,654.35,72.52
2026-06-29,Speaker,Accessories,West,9,113.74,28.15
2026-07-09,Printer,Office,South,5,958.51,245.83
2026-07-11,Tablet,Electronics,East,4,1591.56,155.66
2026-06-19,Headphones,Accessories,South,6,551.66,129.02
2026-06-14,Speaker,Accessories,South,2,700.36,133.77
2026-06-12,Laptop,Electronics,East,7,854.44,252.84
2026-07-02,Mobile,Electronics,West,10,491.98,112.67
2026-07-01,Mobile,Electronics,East,10,247.0,73.13
2026-06-12,Speaker,Accessories,North,3,2068.17,223.8
2026-06-21,Camera,Electronics,East,10,784.61,112.48
2026-06-22,Camera,Electronics,West,9,4035.44,1046.56
2026-07-06,Speaker,Accessories,East,9,2160.97,631.11
2026-07-05,Mobile,Electronics,South,9,1225.77,187.98
2026-07-11,Mouse,Accessories,West,8,3272.34,369.03
2026-06-29,Mobile,Electronics,North,1,2469.49,471.05
2026-07-09,Laptop,Electronics,North,5,1433.77,261.77
2026-07-09,Printer,Office,West,8,3958.37,1184.2
2026-07-11,Laptop,Electronics,South,10,2002.25,324.57
2026-06-24,Speaker,Accessories,East,3,2446.62,438.46
2026-06-21,Printer,Office,East,5,298.72,63.44
2026-06-16,Monitor,Electronics,North,3,253.2,41.2
2026-06-19,Printer,Office,West,5,2502.84,349.74
2026-07-09,Monitor,Electronics,East,1,3726.71,854.94
2026-07-03,Monitor,Electronics,South,1,2843.77,406.08
2026-06-27,Camera,Electronics,South,6,298.27,15.82
2026-07-06,Camera,Electronics,South,5,1960.79,548.82
2026-07-04,Printer,Office,East,10,1180.97,222.61
2026-07-09,Mouse,Accessories,South,5,831.91,200.77
2026-07-12,Laptop,Electronics,East,7,2606.49,519.39
2026-07-04,Monitor,Electronics,North,7,1593.38,138.38
2026-06-26,Tablet,Electronics,West,1,1100.03,150.96
2026-07-07,Mouse,Accessories,North,9,3079.37,155.95
2026-06-22,Headphones,Accessories,West,1,4775.5,1356.21
2026-06-19,Speaker,Accessories,South,9,4528.6,396.57
2026-07-03,Mouse,Accessories,North,8,201.46,29.58
2026-07-06,Keyboard,Accessories,East,4,1369.99,330.85
2026-06-18,Monitor,Electronics,South,1,3824.33,660.7
2026-07-10,Monitor,Electronics,West,7,2676.47,162.01
2026-06-17,Speaker,Accessories,North,3,1551.52,215.95
2026-07-07,Tablet,Electronics,West,1,4552.36,955.44
2026-06-28,Mobile,Electronics,South,3,876.47,246.24
2026-06-16,Mouse,Accessories,North,2,2810.12,301.13
2026-06-18,Mouse,Accessories,North,7,3454.23,316.25
2026-06-19,Mobile,Electronics,West,2,328.02,55.61
2026-06-14,Printer,Office,West,5,3684.12,640.82
2026-07-07,Mouse,Accessories,East,9,4213.02,1106.68
2026-06-25,Mobile,Electronics,South,2,1239.09,90.1
2026-06-21,Keyboard,Accessories,West,6,2417.54,486.07
2026-07-03,Laptop,Electronics,South,5,3808.73,823.7
2026-06-13,Printer,Office,South,7,2023.85,593.1
2026-06-24,Tablet,Electronics,North,8,3039.62,538.21
2026-06-23,Headphones,Accessories,North,2,1298.37,129.14
2026-06-26,Mouse,Accessories,East,3,1770.92,326.57
2026-07-02,Keyboard,Accessories,North,9,2191.28,291.12
2026-06-15,Speaker,Accessories,North,4,1415.16,156.49
2026-07-01,Mouse,Accessories,South,10,4265.01,1034.1
2026-06-26,Camera,Electronics,East,10,1448.68,361.66
2026-06-12,Headphones,Accessories,East,2,4491.57,454.33
2026-07-02,Printer,Office,North,4,1104.62,303.79
2026-07-10,Keyboard,Accessories,East,1,4796.61,1230.34
2026-06-15,Tablet,Electronics,East,8,4679.72,316.64
2026-07-12,Keyboard,Accessories,South,7,3507.76,956.16
2026-07-11,Mouse,Accessories,South,6,2027.36,342.45
2026-06-18,Printer,Office,South,2,4155.96,913.41
2026-07-04,Tablet,Electronics,East,7,487.61,54.58
2026-06-17,Speaker,Accessories,East,3,4638.33,315.71
2026-07-07,Printer,Office,East,5,1956.21,481.35
2026-07-04,Laptop,Electronics,South,5,2034.5,543.11
2026-06-12,Speaker,Accessories,East,5,3545.07,218.85
2026-06-22,Mobile,Electronics,South,1,794.26,80.84
2026-06-13,Printer,Office,West,4,1559.87,266.38
2026-06-30,Monitor,Electronics,West,4,3499.86,650.18
2026-06-28,Monitor,Electronics,East,9,883.83,104.25
2026-06-13,Keyboard,Accessories,North,5,1575.27,362.79
2026-06-21,Headphones,Accessories,East,2,3360.3,392.14
2026-06-12,Laptop,Electronics,West,1,959.58,108.06
2026-07-06,Speaker,Accessories,South,10,1297.55,96.34
2026-07-12,Tablet,Electronics,North,5,3327.09,600.89
2026-06-29,Camera,Electronics,South,2,1806.94,186.9
2026-06-22,Mobile,Electronics,South,5,2588.67,470.05
2026-06-23,Laptop,Electronics,East,5,1604.89,303.82
2026-06-18,Speaker,Accessories,South,4,4146.89,1043.24
2026-06-24,Tablet,Electronics,North,9,1745.57,161.74
2026-06-24,Mouse,Accessories,South,8,4839.12,1023.66
2026-07-02,Mouse,Accessories,North,8,4553.42,1305.08
2026-06-26,Camera,Electronics,South,1,1976.31,109.37
2026-06-23,Laptop,Electronics,South,7,1311.1,233.55
2026-07-10,Headphones,Accessories,East,4,3567.26,950.85
2026-07-11,Monitor,Electronics,West,9,3837.65,416.17
2026-06-24,Mobile,Electronics,South,7,4378.68,1296.24
2026-07-04,Mouse,Accessories,North,4,4423.64,691.76
2026-07-02,Printer,Office,South,9,214.08,29.9
2026-07-12,Monitor,Electronics,East,5,3223.36,772.25
2026-07-03,Speaker,Accessories,South,6,4183.4,449.83
2026-07-07,Tablet,Electronics,South,7,2948.77,752.87
2026-06-21,Monitor,Electronics,South,7,549.2,41.79
2026-07-09,Mouse,Accessories,South,7,2492.22,289.07
2026-07-11,Mouse,Accessories,North,10,2176.05,570.11
2026-06-29,Printer,Office,North,3,3515.97,751.23
2026-06-24,Mobile,Electronics,West,7,919.58,217.94
2026-06-21,Camera,Electronics,North,9,3592.28,807.58
2026-06-22,Keyboard,Accessories,West,2,671.98,64.6
2026-07-06,Headphones,Accessories,East,3,1834.19,426.62
2026-07-03,Printer,Office,East,9,1233.76,237.15
2026-06-25,Printer,Office,South,10,3943.9,326.56
2026-07-01,Speaker,Accessories,North,10,385.18,22.81
2026-06-28,Mouse,Accessories,East,1,1771.11,344.77
2026-06-25,Mobile,Electronics,East,1,3562.3,639.7
2026-07-04,Camera,Electronics,South,8,4634.33,923.22
2026-06-26,Laptop,Electronics,South,3,1393.94,79.34
2026-06-13,Keyboard,Accessories,West,7,2830.21,772.18
2026-06-13,Camera,Electronics,South,1,3877.23,433.31
2026-07-10,Camera,Electronics,North,1,4703.43,1092.46
2026-07-10,Laptop,Electronics,North,8,705.3,182.11
2026-06-27,Mobile,Electronics,East,8,169.48,14.46
2026-07-12,Speaker,Accessories,South,4,3587.31,877.35
2026-06-14,Mobile,Electronics,East,8,2491.33,383.23
2026-07-11,Mouse,Accessories,West,6,4249.57,627.11
2026-06-13,Printer,Office,East,3,2066.23,488.17
2026-07-08,Mouse,Accessories,North,4,1380.37,77.36
2026-06-16,Tablet,Electronics,South,2,758.81,212.48
2026-06-18,Monitor,Electronics,South,10,1398.93,229.74
2026-07-05,Mobile,Electronics,North,8,1278.9,247.68
2026-06-18,Mobile,Electronics,South,8,3813.78,852.1
2026-06-17,Camera,Electronics,East,10,2671.68,394.23
2026-06-15,Camera,Electronics,West,2,1787.56,470.84
2026-06-20,Laptop,Electronics,North,4,2111.76,290.44
2026-07-04,Speaker,Accessories,South,4,804.47,44.06
2026-06-29,Monitor,Electronics,East,4,1216.12,201.41
2026-06-13,Mobile,Electronics,East,4,4225.77,805.53
2026-07-03,Monitor,Electronics,West,8,3883.55,432.66
2026-06-21,Mouse,Accessories,South,8,2753.98,546.16
2026-07-02,Mobile,Electronics,East,5,4246.55,819.75
2026-07-12,Mouse,Accessories,West,10,1208.11,350.15
2026-07-11,Mouse,Accessories,South,5,4534.58,408.06
2026-06-15,Headphones,Accessories,East,9,3849.29,498.81
2026-07-09,Mobile,Electronics,West,1,2002.39,333.66
2026-06-18,Tablet,Electronics,East,2,4680.18,779.04
2026-06-14,Mouse,Accessories,West,1,1049.46,165.04
2026-06-16,Headphones,Accessories,South,9,1283.29,278.52
2026-07-06,Printer,Office,South,1,2061.87,223.53
2026-07-03,Tablet,Electronics,North,4,110.8,15.22
2026-06-18,Tablet,Electronics,North,8,4214.97,1167.69
2026-06-27,Monitor,Electronics,North,1,3147.54,898.72
2026-06-27,Tablet,Electronics,West,9,1009.71,103.16
2026-06-19,Laptop,Electronics,South,7,395.33,26.41
2026-06-13,Printer,Office,North,5,405.3,48.75
2026-07-02,Camera,Electronics,South,5,1334.6,364.43
2026-06-30,Tablet,Electronics,East,7,811.41,110.64
2026-07-08,Printer,Office,East,2,4319.68,1030.87
2026-06-27,Monitor,Electronics,East,2,1220.59,139.07
2026-06-16,Monitor,Electronics,East,5,1771.08,158.53
2026-06-13,Mobile,Electronics,South,5,1006.08,214.31
2026-07-01,Camera,Electronics,South,10,1771.64,473.53
2026-06-19,Monitor,Electronics,West,4,154.66,26.21
2026-07-09,Mouse,Accessories,North,5,4991.69,1174.0
2026-07-02,Printer,Office,South,8,4509.92,1341.71
2026-07-10,Mouse,Accessories,East,1,1638.67,240.52
2026-07-09,Keyboard,Accessories,South,6,2652.24,729.68
2026-07-03,Laptop,Electronics,East,5,4650.64,1352.73
2026-06-26,Keyboard,Accessories,West,9,3674.02,1073.28
2026-07-08,Speaker,Accessories,East,1,4528.63,1133.13
2026-06-26,Keyboard,Accessories,North,10,3416.8,803.44
2026-06-19,Mouse,Accessories,North,7,588.97,99.86
2026-06-24,Tablet,Electronics,North,10,3651.93,854.85
2026-06-18,Speaker,Accessories,North,5,2123.95,158.45
2026-06-16,Laptop,Electronics,North,6,3768.29,763.6
2026-06-18,Laptop,Electronics,West,8,1014.87,151.1
2026-07-01,Monitor,Electronics,West,6,328.6,17.03
2026-07-05,Keyboard,Accessories,West,10,3741.2,390.22
2026-07-07,Printer,Office,West,1,797.13,140.85
2026-06-27,Laptop,Electronics,North,2,2230.89,362.04
2026-06-18,Laptop,Electronics,North,4,3498.64,436.9
2026-06-16,Keyboard,Accessories,West,3,3511.32,886.24
2026-07-01,Monitor,Electronics,South,2,4958.66,658.69
2026-07-06,Camera,Electronics,North,2,4361.03,515.31
2026-07-06,Headphones,Accessories,North,4,1053.56,224.18
2026-06-25,Camera,Electronics,North,8,1690.42,309.04
2026-06-17,Keyboard,Accessories,North,9,1471.25,221.65
2026-06-21,Mouse,Accessories,North,10,3040.56,855.48
2026-06-16,Printer,Office,East,2,1130.82,100.52
2026-06-13,Laptop,Electronics,North,6,3310.13,543.52
2026-06-14,Monitor,Electronics,North,8,4452.48,522.16
2026-06-23,Laptop,Electronics,West,8,3723.05,794.77
2026-06-25,Monitor,Electronics,South,8,4683.37,359.03
2026-06-20,Printer,Office,West,8,2418.17,395.14
2026-07-11,Monitor,Electronics,East,5,4037.82,1040.78
2026-06-18,Camera,Electronics,South,10,3633.69,1072.5
2026-06-29,Mouse,Accessories,West,4,1834.66,196.49
2026-06-22,Monitor,Electronics,West,5,4548.45,254.61
2026-07-08,Mouse,Accessories,North,6,2111.57,483.08
2026-07-07,Mobile,Electronics,South,2,363.72,18.95
2026-07-01,Mobile,Electronics,South,9,994.48,224.46
2026-06-13,Laptop,Electronics,West,4,4661.82,1021.15
2026-07-01,Headphones,Accessories,North,3,3486.74,880.12
2026-07-06,Keyboard,Accessories,North,9,3926.8,597.43
2026-07-01,Printer,Office,West,10,2735.5,382.48
2026-06-29,Printer,Office,North,2,381.98,94.23
2026-07-06,Camera,Electronics,East,9,3646.02,981.23
2026-07-03,Mouse,Accessories,North,7,4299.2,1037.08
2026-06-19,Camera,Electronics,West,7,655.96,85.79
2026-07-08,Laptop,Electronics,South,2,335.02,41.11
2026-06-27,Printer,Office,South,4,4059.6,373.2
2026-06-16,Laptop,Electronics,West,3,3420.26,355.38
2026-06-23,Monitor,Electronics,South,4,4464.12,1171.6
2026-06-20,Mobile,Electronics,East,10,3225.98,450.37
2026-06-30,Headphones,Accessories,South,2,2284.46,563.86
2026-07-09,Laptop,Electronics,South,5,4592.74,966.97
2026-06-23,Mobile,Electronics,West,9,4194.98,789.27
2026-07-12,Mouse,Accessories,South,3,445.36,117.58
2026-06-12,Monitor,Electronics,North,10,3222.04,533.12
2026-07-02,Mobile,Electronics,West,3,3941.1,1096.91
2026-06-20,Mouse,Accessories,West,9,2781.14,716.12
2026-06-12,Headphones,Accessories,South,4,3812.43,566.34
2026-06-25,Mobile,Electronics,South,4,3212.97,279.49
2026-06-13,Mobile,Electronics,East,5,2090.86,140.45
2026-06-15,Laptop,Electronics,South,6,2350.72,615.68
2026-06-22,Laptop,Electronics,East,4,3114.85,245.37
2026-06-19,Laptop,Electronics,East,1,3394.02,241.37
2026-06-21,Printer,Office,East,10,741.73,189.09
2026-07-04,Laptop,Electronics,West,7,1978.63,226.53
2026-06-23,Monitor,Electronics,West,1,641.84,92.33
2026-07-07,Headphones,Accessories,North,7,4418.12,448.03
2026-06-22,Mouse,Accessories,West,8,202.26,50.94
2026-07-09,Tablet,Electronics,East,6,3879.29,744.12
2026-06-13,Printer,Office,East,1,927.37,106.74
2026-06-25,Headphones,Accessories,West,2,2149.3,449.23
2026-07-12,Keyboard,Accessories,South,10,640.18,103.72
2026-06-30,Mobile,Electronics,South,3,2848.88,832.97
2026-06-14,Camera,Electronics,South,6,1050.1,265.36
2026-06-22,Camera,Electronics,East,6,4288.62,297.95
2026-06-23,Monitor,Electronics,North,1,4640.86,382.87
2026-06-24,Mobile,Electronics,South,3,4825.53,1364.68
2026-07-08,Keyboard,Accessories,East,9,3953.39,687.4
2026-06-27,Laptop,Electronics,West,7,1224.12,335.68
2026-07-05,Mobile,Electronics,South,2,3884.46,1075.91
2026-06-16,Printer,Office,South,7,3196.58,615.47
2026-06-25,Camera,Electronics,East,7,654.44,77.66
2026-06-14,Laptop,Electronics,North,10,2420.97,458.1
2026-06-29,Laptop,Electronics,East,7,3361.77,596.84
2026-06-25,Headphones,Accessories,North,8,2012.29,513.37
2026-07-12,Mobile,Electronics,West,8,837.29,74.42
2026-07-01,Headphones,Accessories,South,8,1823.13,249.25
2026-07-03,Keyboard,Accessories,West,8,3899.13,283.99
2026-06-26,Speaker,Accessories,East,4,3206.61,598.19
2026-06-27,Keyboard,Accessories,South,5,257.68,72.99
2026-06-12,Headphones,Accessories,North,3,1187.59,275.66
2026-07-05,Camera,Electronics,East,1,661.52,64.63
2026-07-02,Monitor,Electronics,North,2,2857.27,456.64
2026-06-15,Mouse,Accessories,North,4,4147.01,1092.69
2026-06-21,Speaker,Accessories,West,3,3013.41,599.23
2026-06-26,Mobile,Electronics,South,10,2880.24,298.27
2026-07-10,Keyboard,Accessories,North,9,537.64,149.61
2026-06-19,Printer,Office,North,1,3197.14,827.46
2026-06-26,Mobile,Electronics,North,8,773.11,115.76
2026-06-27,Monitor,Electronics,North,8,4614.83,571.44
2026-06-12,Keyboard,Accessories,North,5,151.96,38.67
2026-06-22,Tablet,Electronics,North,1,1134.32,306.87
2026-07-08,Speaker,Accessories,North,1,2000.37,360.52
2026-06-16,Laptop,Electronics,South,5,1104.73,138.11
2026-06-18,Monitor,Electronics,East,1,4814.94,1288.8
2026-06-29,Monitor,Electronics,West,2,4533.31,693.35
2026-07-04,Laptop,Electronics,West,2,4536.41,948.89
2026-06-25,Headphones,Accessories,West,3,1492.33,347.08
2026-07-09,Mobile,Electronics,East,4,3181.89,878.94
2026-06-22,Mobile,Electronics,East,8,2232.85,122.46
2026-06-14,Mobile,Electronics,South,8,3681.41,206.06
2026-06-27,Tablet,Electronics,South,1,4562.23,715.39
2026-07-11,Monitor,Electronics,West,8,368.39,93.83
2026-07-03,Mouse,Accessories,North,8,2853.86,635.52
2026-07-12,Headphones,Accessories,West,3,1721.87,445.89
2026-06-23,Printer,Office,West,9,404.24,35.67
2026-06-24,Mobile,Electronics,South,10,4592.91,474.32
2026-07-03,Mouse,Accessories,East,2,3033.59,572.87
2026-06-18,Tablet,Electronics,South,8,2289.68,559.26
2026-07-07,Speaker,Accessories,South,6,4415.87,1258.46
2026-07-04,Mouse,Accessories,East,1,2995.75,255.75
2026-06-17,Mobile,Electronics,West,10,779.2,193.19
2026-07-07,Tablet,Electronics,South,8,3884.85,572.01
2026-06-20,Keyboard,Accessories,West,4,1420.39,342.23
2026-07-09,Monitor,Electronics,West,4,1101.3,64.94
2026-06-27,Speaker,Accessories,South,6,537.54,131.15
2026-07-05,Keyboard,Accessories,South,10,3449.36,424.1
2026-07-12,Speaker,Accessories,South,1,3913.98,439.56
2026-07-07,Tablet,Electronics,West,2,1653.98,207.05
2026-07-07,Keyboard,Accessories,East,6,3224.48,260.34
2026-06-13,Printer,Office,West,9,1616.63,135.09
2026-06-14,Speaker,Accessories,North,9,2816.68,491.48
2026-06-19,Headphones,Accessories,West,8,1600.56,204.29
2026-06-14,Camera,Electronics,East,5,2713.44,499.23
2026-07-09,Laptop,Electronics,South,6,4528.84,1149.74
2026-07-06,Tablet,Electronics,South,6,1082.44,238.92
2026-07-07,Camera,Electronics,West,7,997.96,139.43
2026-06-17,Keyboard,Accessories,North,10,4372.8,679.92
2026-07-10,Keyboard,Accessories,West,1,2274.14,584.71
2026-06-18,Speaker,Accessories,East,9,4425.69,805.01
2026-07-02,Keyboard,Accessories,North,6,1734.33,152.17
2026-07-05,Mobile,Electronics,South,10,2061.36,239.43
2026-07-02,Mouse,Accessories,East,6,3970.54,259.02
2026-06-13,Tablet,Electronics,North,9,3413.83,314.13
2026-07-08,Printer,Office,East,3,3761.68,883.82
2026-06-23,Printer,Office,North,4,1553.16,175.87
2026-07-11,Monitor,Electronics,East,2,2301.96,607.79
2026-06-18,Speaker,Accessories,East,7,1669.74,441.67
2026-06-24,Tablet,Electronics,East,7,1274.91,253.5
2026-07-09,Camera,Electronics,West,5,2455.71,680.42
2026-07-04,Speaker,Accessories,South,1,2254.28,463.58
2026-06-20,Laptop,Electronics,West,2,3561.48,608.27
2026-06-21,Monitor,Electronics,South,2,901.02,122.34
2026-06-27,Mobile,Electronics,South,1,3846.49,357.91
2026-07-10,Headphones,Accessories,East,5,201.1,53.34
2026-07-11,Speaker,Accessories,South,4,3454.22,861.14
2026-07-12,Monitor,Electronics,West,10,241.55,39.43
2026-07-03,Laptop,Electronics,South,10,3637.22,266.94
2026-06-20,Mouse,Accessories,East,8,3073.1,575.03
2026-06-17,Tablet,Electronics,South,10,4019.9,238.54
2026-06-12,Laptop,Electronics,West,6,988.15,265.56
2026-06-28,Keyboard,Accessories,West,2,2001.88,138.77
2026-06-19,Speaker,Accessories,East,7,4020.96,1045.83
2026-06-21,Monitor,Electronics,West,9,2172.47,557.65
2026-06-14,Mobile,Electronics,East,9,281.38,62.83
2026-07-02,Headphones,Accessories,East,1,575.3,75.29
2026-06-17,Laptop,Electronics,West,3,4099.94,676.14
2026-06-21,Keyboard,Accessories,North,1,4419.61,493.84
2026-07-01,Speaker,Accessories,South,10,1892.98,231.04
2026-06-25,Tablet,Electronics,East,8,4458.31,828.02
2026-06-24,Camera,Electronics,South,7,4967.09,1215.51
2026-07-09,Speaker,Accessories,South,3,465.24,52.9
2026-06-23,Printer,Office,South,4,2464.81,651.24
2026-06-15,Mouse,Accessories,West,1,4447.1,941.57
2026-07-04,Printer,Office,West,6,937.5,276.16
2026-07-01,Headphones,Accessories,North,2,2320.22,315.81
2026-07-03,Printer,Office,West,6,324.72,37.37
2026-06-16,Mouse,Accessories,South,3,3221.02,660.6
2026-07-10,Tablet,Electronics,East,5,2036.21,351.88
2026-06-16,Keyboard,Accessories,West,6,1438.07,282.72
2026-06-19,Tablet,Electronics,West,9,2248.07,339.92
2026-07-06,Keyboard,Accessories,West,1,4413.62,473.49
2026-06-24,Mouse,Accessories,East,10,1921.28,538.54
2026-07-08,Tablet,Electronics,East,8,4012.78,695.49
2026-07-06,Laptop,Electronics,South,3,1996.9,573.36
2026-07-05,Monitor,Electronics,North,6,183.26,53.64
2026-07-01,Printer,Office,West,6,4570.6,586.56
2026-06-18,Keyboard,Accessories,East,4,393.82,113.77
2026-06-27,Camera,Electronics,South,4,1156.55,178.95
2026-07-02,Mouse,Accessories,East,6,155.51,32.93
2026-06-25,Mobile,Electronics,East,10,464.4,70.27
2026-07-06,Mobile,Electronics,West,3,4512.73,1297.55
2026-06-28,Speaker,Accessories,West,1,3776.04,933.79
2026-06-28,Headphones,Accessories,North,2,2927.57,848.01
2026-07-04,Mobile,Electronics,West,9,4196.17,866.9
2026-07-08,Headphones,Accessories,South,10,1613.36,257.44
2026-07-05,Monitor,Electronics,East,5,1007.67,198.13
2026-07-12,Laptop,Electronics,East,9,1453.69,295.83
2026-06-14,Keyboard,Accessories,South,1,809.46,158.38
2026-07-07,Camera,Electronics,South,5,170.52,31.14
2026-06-20,Monitor,Electronics,South,10,1108.25,116.99
2026-06-23,Laptop,Electronics,South,5,4906.53,715.27
2026-07-03,Camera,Electronics,North,1,1151.55,138.04
2026-06-26,Tablet,Electronics,East,9,3677.19,373.48
2026-06-16,Mouse,Accessories,East,9,2420.33,582.68
2026-07-09,Camera,Electronics,West,6,3694.35,397.97
2026-06-29,Speaker,Accessories,South,7,1288.68,100.85
2026-06-24,Keyboard,Accessories,West,10,1331.08,369.55
2026-07-08,Printer,Office,West,6,4664.67,690.91
2026-07-06,Keyboard,Accessories,South,2,4514.53,352.11
2026-06-16,Tablet,Electronics,East,9,2922.35,549.19
2026-06-22,Mouse,Accessories,West,5,3889.41,732.71
2026-06-16,Mobile,Electronics,East,7,4330.68,315.39
2026-07-09,Monitor,Electronics,East,8,3069.32,258.0
2026-07-02,Mouse,Accessories,East,9,1747.59,213.98
2026-06-18,Camera,Electronics,West,8,2373.85,687.83
2026-07-08,Printer,Office,West,1,1173.95,291.35
2026-07-10,Tablet,Electronics,South,8,1840.64,248.51
2026-06-29,Camera,Electronics,West,5,2490.54,604.41
2026-07-12,Headphones,Accessories,East,6,2902.84,697.47
2026-07-08,Tablet,Electronics,South,7,3823.4,408.21
2026-06-23,Keyboard,Accessories,South,8,1336.27,113.05
2026-06-30,Tablet,Electronics,East,2,1467.48,202.9
2026-06-22,Headphones,Accessories,South,6,1823.47,410.47
2026-07-01,Mouse,Accessories,West,9,4610.86,253.51
2026-06-24,Keyboard,Accessories,East,6,3851.54,924.76
2026-06-30,Keyboard,Accessories,North,6,349.4,92.55
2026-06-25,Mouse,Accessories,East,1,1388.18,383.48
2026-07-10,Keyboard,Accessories,East,8,4430.56,731.51
2026-06-25,Camera,Electronics,West,2,1378.7,359.32
2026-06-18,Laptop,Electronics,East,1,2622.31,590.65
2026-07-11,Camera,Electronics,North,9,3075.8,773.73
2026-07-05,Mobile,Electronics,East,4,4626.85,1306.74
2026-07-02,Laptop,Electronics,North,1,2669.47,583.65
2026-06-26,Camera,Electronics,West,9,260.18,46.19
2026-06-19,Monitor,Electronics,East,9,4128.92,967.22
2026-06-20,Camera,Electronics,South,8,3566.2,932.71
2026-07-05,Camera,Electronics,North,8,461.13,54.1
2026-07-02,Tablet,Electronics,West,3,4116.28,373.57
2026-06-13,Mobile,Electronics,South,8,4492.54,431.55
2026-07-08,Laptop,Electronics,North,6,2817.05,606.72
2026-06-12,Headphones,Accessories,West,5,193.01,27.73
2026-07-03,Keyboard,Accessories,West,8,250.69,16.39
2026-07-09,Monitor,Electronics,North,1,1697.93,117.9
2026-06-14,Mouse,Accessories,North,9,708.96,208.89
2026-06-15,Mouse,Accessories,North,3,3977.78,851.8
2026-06-16,Monitor,Electronics,West,2,4426.07,561.9
2026-06-13,Laptop,Electronics,West,8,3774.39,1071.0
2026-06-20,Mouse,Accessories,East,10,4292.06,971.37
2026-07-03,Laptop,Electronics,East,1,2076.32,426.79
2026-06-26,Monitor,Electronics,West,7,3527.58,723.38
2026-07-02,Speaker,Accessories,North,4,2543.69,474.08
2026-06-29,Tablet,Electronics,East,3,1040.55,280.29
2026-06-28,Speaker,Accessories,East,7,2495.56,404.25
2026-07-05,Laptop,Electronics,East,4,4248.19,712.97
2026-06-14,Headphones,Accessories,North,1,1282.71,66.62
2026-06-12,Mobile,Electronics,North,3,654.7,160.51
2026-07-11,Speaker,Accessories,South,5,1003.49,198.34
2026-06-14,Printer,Office,East,5,1855.9,303.45
2026-06-22,Mouse,Accessories,East,10,3539.59,761.6
2026-06-24,Laptop,Electronics,South,4,3479.56,712.58
2026-07-11,Monitor,Electronics,West,5,1247.94,218.63
2026-07-09,Printer,Office,North,4,1440.29,172.47
2026-06-26,Speaker,Accessories,South,1,4603.96,1077.76
2026-06-22,Laptop,Electronics,East,6,2184.15,288.08
2026-06-20,Headphones,Accessories,West,4,708.64,46.36
2026-07-11,Headphones,Accessories,North,5,4423.53,782.64
2026-07-12,Speaker,Accessories,East,1,514.27,56.69
2026-07-09,Headphones,Accessories,West,3,463.38,120.79
2026-07-03,Mobile,Electronics,North,3,1088.49,146.88
2026-07-01,Keyboard,Accessories,South,8,4041.78,1019.35
2026-06-12,Mouse,Accessories,South,10,462.06,99.78
2026-06-16,Tablet,Electronics,North,8,2933.54,512.64
2026-06-21,Tablet,Electronics,West,10,1436.2,279.71
2026-07-06,Keyboard,Accessories,East,9,1165.88,236.44
2026-07-01,Mouse,Accessories,West,4,4084.65,412.98
2026-06-26,Keyboard,Accessories,West,3,2603.58,161.83
2026-07-11,Speaker,Accessories,West,4,3989.92,493.23
2026-07-11,Monitor,Electronics,East,3,2099.29,226.43
2026-06-26,Laptop,Electronics,South,3,932.09,186.32
2026-06-24,Printer,Office,East,6,4350.96,343.83
2026-06-25,Speaker,Accessories,East,7,4773.16,1374.06
2026-06-22,Laptop,Electronics,South,1,3137.9,727.97
2026-07-05,Mobile,Electronics,North,5,3767.76,359.79
2026-06-24,Speaker,Accessories,East,6,1547.59,151.8
2026-06-21,Mouse,Accessories,North,1,3266.74,731.2
2026-07-10,Tablet,Electronics,East,2,2251.99,618.44
2026-06-27,Printer,Office,North,1,4396.53,1183.55
2026-07-05,Laptop,Electronics,West,2,2259.34,567.04
2026-06-24,Headphones,Accessories,South,3,1411.4,219.34
2026-06-23,Speaker,Accessories,South,4,2973.91,573.36
2026-07-12,Mobile,Electronics,North,7,3119.32,787.14
2026-07-04,Printer,Office,North,1,2811.64,171.33
2026-06-28,Camera,Electronics,South,9,196.48,18.06
2026-07-06,Printer,Office,West,5,455.71,90.06
2026-06-17,Printer,Office,North,10,2357.44,534.82
2026-06-24,Laptop,Electronics,West,7,1924.26,197.71
2026-06-16,Keyboard,Accessories,West,3,805.67,144.07
2026-06-13,Mouse,Accessories,East,3,3937.31,1157.72
2026-07-07,Mobile,Electronics,West,10,4358.73,1282.67
2026-06-27,Headphones,Accessories,South,3,3960.61,827.09
2026-06-28,Camera,Electronics,West,3,345.16,44.54
2026-06-16,Laptop,Electronics,North,3,3821.04,916.55
2026-06-21,Monitor,Electronics,North,4,4264.13,1028.96
2026-07-06,Monitor,Electronics,North,1,2268.86,348.15
2026-06-13,Headphones,Accessories,West,10,3493.19,764.53
2026-07-06,Speaker,Accessories,North,10,341.42,21.06
2026-06-24,Mouse,Accessories,North,1,4029.24,263.23
2026-07-07,Speaker,Accessories,South,8,2345.99,220.37
2026-07-11,Monitor,Electronics,North,3,4514.46,1073.91
2026-06-30,Mobile,Electronics,North,9,1359.27,242.77
2026-06-16,Keyboard,Accessories,North,2,2472.68,157.79
2026-07-12,Keyboard,Accessories,North,9,3346.83,461.75
2026-07-06,Headphones,Accessories,South,5,1336.4,221.8
2026-07-11,Printer,Office,South,6,2184.56,382.78
2026-07-10,Headphones,Accessories,West,3,3391.49,205.82
2026-06-17,Printer,Office,West,2,211.52,40.4
2026-06-17,Printer,Office,South,1,4642.09,1219.66
2026-06-14,Tablet,Electronics,South,7,2824.88,823.19
2026-07-11,Mobile,Electronics,North,10,4641.17,944.09
2026-06-14,Keyboard,Accessories,West,6,1730.97,327.35
2026-07-10,Keyboard,Accessories,East,8,2920.49,453.87
2026-06-25,Speaker,Accessories,West,7,2271.76,591.22
2026-06-21,Headphones,Accessories,North,5,4185.52,625.12
2026-07-09,Tablet,Electronics,West,6,1198.69,63.03
2026-06-28,Mobile,Electronics,North,6,1075.67,56.98
2026-06-15,Speaker,Accessories,North,1,1251.48,225.14
2026-06-20,Keyboard,Accessories,East,3,4626.86,1129.1
2026-06-14,Camera,Electronics,North,10,2022.03,368.73
2026-07-09,Mouse,Accessories,West,3,2331.91,194.94
2026-06-15,Mobile,Electronics,East,4,2018.42,598.05
2026-07-05,Printer,Office,North,7,2275.57,680.72
2026-06-22,Mouse,Accessories,South,1,1524.11,346.88
2026-06-25,Keyboard,Accessories,North,6,4244.91,807.5
2026-07-03,Keyboard,Accessories,South,9,805.06,191.72
2026-06-27,Headphones,Accessories,South,7,4483.72,764.18
2026-06-24,Tablet,Electronics,North,10,1320.7,130.54
2026-06-19,Mobile,Electronics,West,1,1896.23,331.43
2026-06-16,Mobile,Electronics,South,10,3314.46,684.28
2026-07-09,Laptop,Electronics,West,8,3902.47,435.74
2026-07-01,Headphones,Accessories,North,3,2825.34,568.69
2026-07-02,Camera,Electronics,South,1,2773.56,425.54
2026-07-01,Tablet,Electronics,North,7,1305.5,382.09
2026-07-07,Tablet,Electronics,North,2,649.33,88.06
2026-06-30,Monitor,Electronics,West,6,2861.13,763.54
2026-06-27,Headphones,Accessories,North,3,3304.39,394.84
2026-06-19,Tablet,Electronics,West,4,3265.16,687.92
2026-07-02,Printer,Office,South,7,2178.67,577.38
2026-06-27,Monitor,Electronics,South,7,3161.4,353.88
2026-07-07,Mobile,Electronics,North,6,268.52,59.26
2026-06-24,Keyboard,Accessories,West,9,3628.94,935.44
2026-06-23,Keyboard,Accessories,West,9,4189.25,748.45
2026-06-22,Printer,Office,East,3,2433.91,659.09
2026-06-15,Laptop,Electronics,East,2,1316.28,75.06
2026-06-26,Mouse,Accessories,East,10,3448.65,847.68
2026-06-30,Monitor,Electronics,West,1,4489.87,313.03
2026-07-07,Monitor,Electronics,South,1,429.29,43.46
2026-06-27,Mouse,Accessories,West,5,3108.94,823.02
2026-07-01,Speaker,Accessories,East,3,3210.91,618.82
2026-06-17,Printer,Office,West,3,2122.83,343.04
2026-06-13,Monitor,Electronics,West,9,4182.54,817.92
2026-06-30,Camera,Electronics,North,9,894.06,90.64
2026-07-10,Mouse,Accessories,West,9,1077.16,237.8
2026-07-09,Headphones,Accessories,East,9,776.7,187.59
2026-06-24,Laptop,Electronics,West,9,590.51,130.95
2026-07-12,Mobile,Electronics,North,1,2082.45,501.27
2026-06-14,Headphones,Accessories,North,2,1523.04,86.26
2026-07-02,Speaker,Accessories,West,8,2878.64,535.09
2026-07-01,Speaker,Accessories,East,6,2547.71,731.26
2026-06-23,Laptop,Electronics,East,3,3611.32,478.92
2026-06-16,Headphones,Accessories,North,6,3597.72,696.71
2026-07-02,Mouse,Accessories,East,2,3240.21,468.6
2026-06-24,Camera,Electronics,East,3,1359.49,181.43
2026-07-08,Keyboard,Accessories,North,6,2522.51,466.47
2026-07-10,Monitor,Electronics,North,7,522.58,45.02
2026-06-28,Camera,Electronics,South,10,4421.06,586.57
2026-06-25,Mobile,Electronics,South,2,271.32,47.06
2026-07-12,Camera,Electronics,West,10,644.67,69.68
2026-07-10,Laptop,Electronics,South,4,4727.06,712.33
2026-07-09,Mouse,Accessories,North,5,4802.26,923.19
2026-06-17,Speaker,Accessories,West,1,4008.5,462.37
2026-06-12,Tablet,Electronics,West,7,3747.09,269.42
2026-07-01,Laptop,Electronics,North,10,589.78,102.92
2026-06-18,Tablet,Electronics,West,2,2427.55,203.44
2026-06-27,Mobile,Electronics,West,10,1639.79,376.62
2026-06-24,Headphones,Accessories,East,3,2408.5,152.08
2026-06-19,Printer,Office,South,7,4179.38,1030.04
2026-06-21,Tablet,Electronics,South,8,3347.57,623.57
2026-07-06,Mobile,Electronics,South,6,4786.96,517.7
2026-06-13,Speaker,Accessories,West,7,4897.1,624.22
2026-06-28,Camera,Electronics,South,5,2926.07,478.63
2026-06-28,Monitor,Electronics,North,4,2006.64,233.14
2026-07-12,Laptop,Electronics,East,10,4285.38,341.55
2026-06-30,Keyboard,Accessories,West,4,4435.47,420.96
2026-06-30,Speaker,Accessories,North,9,2428.96,314.25
2026-06-17,Headphones,Accessories,East,8,976.25,245.89
2026-07-12,Speaker,Accessories,North,7,138.59,13.67
2026-06-16,Speaker,Accessories,West,8,2998.73,251.39
2026-06-16,Camera,Electronics,South,8,4533.32,275.21
2026-07-07,Mouse,Accessories,North,6,3413.88,834.23
2026-07-02,Tablet,Electronics,North,8,1693.15,289.76
2026-07-07,Speaker,Accessories,East,5,1798.84,193.78
2026-06-23,Laptop,Electronics,West,3,2046.72,309.52
2026-06-26,Keyboard,Accessories,South,9,1256.81,270.56
2026-06-25,Printer,Office,North,8,2078.75,592.15
2026-06-28,Tablet,Electronics,South,10,2272.16,200.38
2026-06-14,Speaker,Accessories,South,3,4607.27,259.93
2026-06-28,Headphones,Accessories,South,10,2468.02,699.47
2026-07-12,Mobile,Electronics,North,1,2926.75,670.23
2026-06-19,Printer,Office,South,4,2651.88,385.85
2026-06-30,Mobile,Electronics,West,1,2678.32,797.11
2026-07-11,Camera,Electronics,East,7,4596.69,556.82
2026-07-12,Monitor,Electronics,East,6,3972.28,1112.37
2026-06-14,Keyboard,Accessories,East,5,1984.71,508.76
2026-06-29,Keyboard,Accessories,East,7,1505.5,446.37
2026-06-13,Printer,Office,West,8,1905.35,150.51
2026-07-03,Laptop,Electronics,North,1,2620.0,668.2
2026-06-22,Headphones,Accessories,North,4,1883.05,255.45
2026-06-17,Printer,Office,South,5,3172.97,757.18
2026-06-26,Mobile,Electronics,South,4,4266.58,323.42
2026-06-18,Camera,Electronics,South,6,1693.85,460.44
2026-07-12,Headphones,Accessories,West,3,3062.33,524.27
2026-06-27,Keyboard,Accessories,West,1,1535.02,85.18
2026-06-16,Mouse,Accessories,West,4,2916.52,390.61
2026-07-11,Printer,Office,East,4,558.35,39.46
2026-06-17,Tablet,Electronics,West,1,2620.7,436.77
2026-07-12,Laptop,Electronics,North,9,641.67,78.84
2026-06-14,Monitor,Electronics,South,4,4717.11,420.38
2026-06-16,Laptop,Electronics,South,2,3997.45,1002.21
2026-07-09,Camera,Electronics,West,8,4105.04,946.35
2026-06-28,Printer,Office,East,5,1621.03,170.41
2026-06-16,Mouse,Accessories,West,8,2081.84,393.37
2026-06-14,Speaker,Accessories,West,7,4564.77,1348.07
2026-06-29,Mobile,Electronics,West,2,1915.74,423.56
2026-06-28,Speaker,Accessories,East,8,4959.65,451.69
2026-06-26,Mouse,Accessories,West,8,3612.63,638.64
2026-06-21,Headphones,Accessories,East,8,153.8,40.59
2026-06-12,Keyboard,Accessories,East,8,2164.43,530.29
2026-06-23,Mobile,Electronics,West,1,1707.45,124.08
2026-06-27,Camera,Electronics,South,6,1634.43,100.86
2026-07-07,Tablet,Electronics,East,4,1001.86,154.22
2026-06-28,Keyboard,Accessories,North,8,3346.87,477.61
2026-06-15,Mobile,Electronics,North,5,2413.76,594.66
2026-06-28,Tablet,Electronics,North,7,2042.13,162.04
2026-06-30,Printer,Office,East,9,248.61,53.13
2026-06-18,Headphones,Accessories,East,3,1086.38,317.34
2026-06-17,Mobile,Electronics,East,6,3466.79,247.76
2026-06-13,Keyboard,Accessories,East,7,744.96,118.75
2026-07-03,Mobile,Electronics,South,3,3237.29,912.04
2026-06-22,Mobile,Electronics,South,2,2286.63,315.35
2026-06-30,Headphones,Accessories,North,8,2266.37,658.42
2026-07-04,Monitor,Electronics,West,5,4310.92,250.11
2026-06-29,Mobile,Electronics,East,10,3611.85,1008.15
2026-06-25,Headphones,Accessories,North,8,4524.84,804.25
2026-06-15,Keyboard,Accessories,South,1,1638.73,270.63
2026-06-23,Headphones,Accessories,South,5,1670.78,207.09
2026-07-06,Printer,Office,West,5,1926.78,426.85
2026-07-08,Printer,Office,West,4,4156.64,621.81
2026-06-21,Mobile,Electronics,North,3,2292.6,278.44
2026-07-03,Mobile,Electronics,North,2,1022.65,205.34
2026-07-06,Keyboard,Accessories,North,5,4132.38,1050.56
2026-06-12,Headphones,Accessories,West,1,1958.91,303.0
2026-07-06,Mouse,Accessories,South,10,4967.55,265.38
2026-06-22,Monitor,Electronics,North,4,928.53,260.87
2026-07-05,Camera,Electronics,North,9,1803.69,227.03
2026-06-22,Camera,Electronics,North,3,216.89,35.97
2026-07-04,Printer,Office,South,1,3399.44,728.37
2026-07-09,Speaker,Accessories,North,7,133.71,27.48
2026-06-23,Tablet,Electronics,North,2,566.79,36.27
2026-06-29,Keyboard,Accessories,North,7,2191.22,135.14
2026-07-11,Mouse,Accessories,East,9,983.17,285.95
2026-07-04,Printer,Office,South,9,1628.5,149.07
2026-06-16,Speaker,Accessories,North,8,1526.1,246.98
2026-07-10,Laptop,Electronics,East,7,283.82,31.68
2026-07-07,Monitor,Electronics,West,9,4271.51,940.57
2026-06-17,Mobile,Electronics,South,9,952.23,250.61
2026-06-13,Mobile,Electronics,South,10,1489.65,146.28
2026-06-28,Headphones,Accessories,East,7,4123.68,860.59
2026-06-19,Headphones,Accessories,West,10,1914.08,234.49
2026-06-12,Tablet,Electronics,South,7,3113.51,562.94
2026-06-15,Speaker,Accessories,West,10,4154.2,530.28
2026-06-19,Laptop,Electronics,West,9,3196.3,252.91
2026-07-01,Headphones,Accessories,West,1,2289.33,333.04
2026-07-01,Monitor,Electronics,South,9,4261.13,1196.2
2026-07-08,Mobile,Electronics,West,8,2999.69,787.28
2026-07-03,Tablet,Electronics,South,6,3458.23,556.04
2026-07-03,Printer,Office,West,6,994.92,197.95
2026-07-04,Mobile,Electronics,West,2,3864.12,195.16
2026-07-09,Mouse,Accessories,West,7,4037.72,829.45
2026-06-24,Mobile,Electronics,West,7,3544.28,1014.88
2026-07-03,Headphones,Accessories,South,7,1923.66,487.43
2026-06-13,Laptop,Electronics,West,10,214.11,62.5
2026-06-15,Mobile,Electronics,East,6,3382.28,673.54
2026-07-10,Headphones,Accessories,South,6,3890.82,759.9
2026-06-27,Mobile,Electronics,West,8,2094.94,423.34
2026-06-24,Laptop,Electronics,North,10,3555.75,357.88
2026-07-11,Headphones,Accessories,East,10,1942.28,189.6
2026-06-26,Camera,Electronics,East,10,1396.29,328.06
2026-06-25,Headphones,Accessories,West,4,2311.65,200.94
2026-07-01,Monitor,Electronics,South,4,2094.17,574.75
2026-06-26,Printer,Office,South,7,1212.78,68.79
2026-06-21,Mobile,Electronics,East,10,1330.8,358.78
2026-07-06,Monitor,Electronics,West,2,486.51,106.76
2026-06-13,Printer,Office,West,1,578.47,108.06
2026-06-27,Keyboard,Accessories,North,8,2182.74,166.02
2026-06-20,Camera,Electronics,West,10,1529.49,274.26
2026-06-24,Mobile,Electronics,South,8,1678.54,461.02
2026-06-13,Headphones,Accessories,West,9,2504.33,414.41
2026-06-12,Monitor,Electronics,West,10,138.19,18.66
2026-06-12,Keyboard,Accessories,South,1,703.5,37.4
2026-06-30,Monitor,Electronics,North,5,1138.33,173.41
2026-07-09,Speaker,Accessories,South,5,3609.82,754.8
2026-07-09,Monitor,Electronics,North,7,2044.82,185.27
2026-06-22,Speaker,Accessories,East,9,558.15,66.19
2026-06-28,Mobile,Electronics,South,7,1162.89,153.33
2026-07-06,Printer,Office,South,3,1871.94,265.9
2026-07-10,Mouse,Accessories,South,6,4804.01,856.88
2026-06-12,Mobile,Electronics,West,3,1008.61,52.53
2026-06-12,Headphones,Accessories,East,9,3134.44,811.47
2026-06-17,Tablet,Electronics,South,3,1713.96,323.57
2026-07-06,Mouse,Accessories,South,4,4862.36,1135.29
2026-06-21,Tablet,Electronics,East,2,753.91,88.67
2026-06-16,Camera,Electronics,North,6,429.91,68.05
2026-06-12,Tablet,Electronics,North,3,2216.49,538.25
2026-06-16,Tablet,Electronics,East,6,1193.12,290.33
2026-06-18,Tablet,Electronics,South,2,1334.84,392.05
2026-06-17,Laptop,Electronics,South,3,731.84,131.33
2026-07-09,Headphones,Accessories,West,1,257.84,68.38
2026-06-14,Printer,Office,West,8,417.45,86.58
2026-06-13,Printer,Office,North,10,3359.89,942.99
2026-07-05,Speaker,Accessories,West,10,3727.27,918.6
2026-06-29,Camera,Electronics,South,5,1358.35,159.49
2026-06-23,Mobile,Electronics,West,3,2257.89,124.11
2026-07-01,Speaker,Accessories,East,6,810.69,192.84
2026-06-30,Keyboard,Accessories,East,1,2391.0,222.71
2026-06-25,Laptop,Electronics,North,10,2695.56,764.8
2026-07-11,Laptop,Electronics,East,6,185.95,39.54
2026-06-26,Headphones,Accessories,North,8,1221.64,321.93
2026-06-16,Monitor,Electronics,South,7,211.48,26.62
2026-07-03,Printer,Office,South,8,1336.98,291.39
2026-07-06,Laptop,Electronics,North,4,3256.99,401.87
2026-06-19,Printer,Office,South,6,858.19,77.23
2026-06-30,Speaker,Accessories,East,4,4924.95,897.15
2026-06-15,Laptop,Electronics,West,9,3586.69,408.52
2026-06-16,Headphones,Accessories,South,2,2918.62,187.13
2026-06-24,Speaker,Accessories,North,6,4278.14,675.68
2026-07-10,Camera,Electronics,East,1,3645.49,857.74
2026-06-26,Keyboard,Accessories,North,6,3569.53,754.03
2026-06-22,Mobile,Electronics,East,7,4350.19,912.85
2026-06-20,Headphones,Accessories,South,10,824.45,236.73
2026-06-14,Mobile,Electronics,East,8,1961.54,523.92
2026-07-07,Mouse,Accessories,North,9,1681.78,261.28
2026-06-25,Mouse,Accessories,West,1,701.2,199.7
2026-06-18,Printer,Office,South,2,293.47,32.04
2026-06-30,Mobile,Electronics,North,6,3621.38,765.94
2026-06-19,Headphones,Accessories,South,6,1228.87,115.91
2026-07-05,Laptop,Electronics,North,2,884.18,206.76
2026-06-28,Camera,Electronics,North,5,4158.38,1242.41
2026-07-04,Mouse,Accessories,North,9,1095.95,321.25
2026-06-12,Camera,Electronics,North,2,3092.15,369.52
2026-06-29,Mouse,Accessories,North,6,4131.12,444.85
2026-07-07,Mobile,Electronics,South,5,710.27,144.08
2026-06-18,Mouse,Accessories,East,4,2171.79,315.67
2026-06-25,Tablet,Electronics,South,1,2969.61,162.9
2026-07-11,Camera,Electronics,South,2,4031.45,1154.21
2026-07-02,Keyboard,Accessories,West,3,3882.04,234.99
2026-07-08,Tablet,Electronics,South,7,2516.0,702.07
2026-07-10,Camera,Electronics,North,10,2354.19,632.09
2026-07-12,Mobile,Electronics,East,4,4679.11,381.02
2026-06-18,Laptop,Electronics,West,7,1161.75,116.12
2026-07-04,Speaker,Accessories,East,4,4939.22,897.87
2026-06-29,Printer,Office,West,8,2871.97,387.92
2026-06-25,Monitor,Electronics,North,2,4099.85,1022.69
2026-06-29,Monitor,Electronics,West,5,1621.82,384.12
2026-06-28,Headphones,Accessories,West,8,2983.52,881.96
2026-06-24,Laptop,Electronics,South,9,4967.01,717.44
2026-07-12,Mobile,Electronics,East,6,217.27,53.06
2026-06-12,Headphones,Accessories,South,5,4032.55,478.55
2026-06-21,Laptop,Electronics,North,8,127.5,24.36
2026-07-12,Printer,Office,North,3,1514.17,231.55
2026-07-01,Tablet,Electronics,East,10,2339.27,393.21
2026-07-03,Tablet,Electronics,South,1,4764.04,784.7
2026-07-10,Headphones,Accessories,West,7,4416.18,507.23
2026-06-16,Monitor,Electronics,North,1,4555.76,510.51
2026-06-21,Laptop,Electronics,West,4,1670.02,345.11
2026-07-03,Monitor,Electronics,West,7,3729.16,557.17
2026-07-10,Speaker,Accessories,East,10,4985.31,1069.5
2026-06-22,Headphones,Accessories,South,9,2801.3,291.74
2026-07-12,Printer,Office,East,10,1646.28,226.29
2026-06-15,Laptop,Electronics,East,1,940.24,77.95
2026-07-10,Printer,Office,South,2,2723.48,357.36
2026-06-21,Mouse,Accessories,West,4,1966.08,258.84
2026-06-21,Mouse,Accessories,East,9,866.32,96.18
2026-07-10,Printer,Office,North,1,3007.14,529.97
2026-06-28,Keyboard,Accessories,West,5,1900.43,517.7
2026-06-24,Mobile,Electronics,North,1,475.68,75.63
2026-06-27,Monitor,Electronics,North,10,475.55,31.67
2026-06-14,Keyboard,Accessories,East,2,2992.96,472.49
2026-06-23,Tablet,Electronics,West,4,3907.31,532.89
2026-07-03,Monitor,Electronics,North,5,2030.76,582.66
2026-07-06,Tablet,Electronics,North,6,1862.86,273.08
2026-07-03,Mobile,Electronics,North,10,1148.89,130.23
2026-06-17,Mouse,Accessories,North,8,884.89,145.72
2026-07-11,Keyboard,Accessories,East,2,1753.88,327.15
2026-06-24,Printer,Office,North,1,2112.36,212.23
2026-07-03,Laptop,Electronics,South,10,4426.68,695.32
2026-06-12,Headphones,Accessories,South,4,800.46,159.71
2026-06-26,Mobile,Electronics,South,7,2529.76,612.17
2026-06-21,Tablet,Electronics,West,2,3984.23,980.26
2026-06-16,Monitor,Electronics,East,10,2970.72,737.07
2026-06-17,Printer,Office,South,1,903.99,230.85
2026-06-23,Tablet,Electronics,East,8,1708.45,228.64
2026-06-24,Printer,Office,West,8,4231.15,273.91
2026-07-04,Keyboard,Accessories,South,7,3891.47,989.56
2026-07-05,Printer,Office,East,8,2182.19,325.44
2026-07-05,Keyboard,Accessories,East,6,1710.84,178.31
2026-06-26,Headphones,Accessories,West,9,2927.42,638.9
2026-06-22,Tablet,Electronics,West,6,1900.61,417.78
2026-07-11,Keyboard,Accessories,South,5,3862.79,446.58
2026-06-25,Camera,Electronics,North,9,3283.47,631.41
2026-06-20,Printer,Office,North,2,981.04,267.09
2026-06-15,Speaker,Accessories,North,9,2683.18,413.16
2026-06-13,Laptop,Electronics,North,4,3868.68,424.14
2026-07-06,Mobile,Electronics,West,7,2213.54,638.71
2026-07-01,Laptop,Electronics,South,9,4224.73,1219.04
2026-06-23,Headphones,Accessories,North,4,1890.3,163.53
2026-06-30,Monitor,Electronics,North,10,1032.65,210.13
2026-06-20,Mobile,Electronics,South,8,3120.14,725.1
2026-06-28,Speaker,Accessories,East,2,1877.45,241.16
2026-06-27,Tablet,Electronics,East,4,1016.2,178.99
2026-06-13,Mobile,Electronics,South,6,2849.39,722.08
2026-07-01,Headphones,Accessories,East,10,1408.13,171.55
2026-06-22,Camera,Electronics,North,10,1970.1,421.77
2026-06-25,Mouse,Accessories,East,2,2841.98,381.16
2026-06-28,Camera,Electronics,West,1,2390.89,497.98
2026-06-16,Laptop,Electronics,South,4,1798.78,482.64
2026-07-02,Laptop,Electronics,East,5,425.5,94.0
2026-06-30,Camera,Electronics,East,2,4856.28,958.38
2026-07-09,Mouse,Accessories,North,6,1114.71,142.09
2026-06-22,Mouse,Accessories,West,9,3929.91,937.89
2026-07-01,Mobile,Electronics,East,6,926.03,83.87
2026-07-07,Tablet,Electronics,West,9,2964.47,253.27
2026-07-09,Laptop,Electronics,West,6,2439.93,304.95
2026-06-23,Speaker,Accessories,East,3,1729.74,439.6
2026-06-16,Laptop,Electronics,South,10,889.14,72.72
2026-06-23,Laptop,Electronics,West,6,4842.04,913.12
2026-06-27,Headphones,Accessories,North,10,4408.94,345.28
2026-07-11,Monitor,Electronics,North,9,4635.72,949.31
2026-06-14,Mobile,Electronics,West,6,1907.94,414.15
2026-06-12,Tablet,Electronics,West,1,4534.49,931.04
2026-06-13,Headphones,Accessories,East,7,2699.58,770.99
2026-06-27,Tablet,Electronics,West,8,3878.9,694.36
2026-07-08,Speaker,Accessories,South,8,2591.54,728.43
2026-07-08,Monitor,Electronics,West,3,875.72,167.08
2026-06-12,Printer,Office,East,3,2397.4,319.48
2026-07-05,Printer,Office,East,5,1289.25,360.27
2026-07-08,Speaker,Accessories,North,1,4370.27,324.86
2026-06-14,Laptop,Electronics,South,4,4522.61,250.05
2026-06-29,Speaker,Accessories,East,7,4253.65,560.13
2026-07-04,Laptop,Electronics,North,1,1503.55,428.63
2026-06-18,Headphones,Accessories,South,7,2641.46,214.71
2026-06-19,Tablet,Electronics,East,4,4187.05,805.16
2026-06-12,Headphones,Accessories,West,5,1057.61,212.28
2026-07-10,Mouse,Accessories,South,7,1784.5,266.32
2026-07-09,Laptop,Electronics,East,10,2285.2,289.95
2026-07-06,Printer,Office,East,1,1852.84,541.87
2026-06-30,Monitor,Electronics,West,1,4951.5,274.05
2026-06-13,Printer,Office,East,9,682.77,113.81
2026-07-01,Monitor,Electronics,East,7,1801.75,280.8
2026-06-12,Laptop,Electronics,South,1,2194.78,460.05
2026-07-08,Speaker,Accessories,North,3,4343.86,880.32
2026-06-18,Mouse,Accessories,North,7,1083.08,240.92
2026-07-01,Headphones,Accessories,East,8,4046.16,684.01
2026-06-19,Speaker,Accessories,North,3,3873.0,439.2
2026-06-25,Mouse,Accessories,West,5,4064.62,621.75
2026-06-15,Monitor,Electronics,North,3,3407.38,187.17
2026-06-17,Laptop,Electronics,East,2,307.23,72.14
2026-06-27,Printer,Office,North,6,4600.48,585.28
2026-06-16,Mobile,Electronics,East,4,3576.48,195.94
2026-06-16,Camera,Electronics,East,9,1307.23,233.2
2026-07-07,Keyboard,Accessories,South,9,1009.54,214.73
2026-06-12,Mouse,Accessories,North,9,4579.06,1017.95
2026-07-02,Speaker,Accessories,East,5,4899.14,915.66
2026-06-19,Monitor,Electronics,South,6,806.59,64.15
2026-07-12,Mouse,Accessories,South,5,1429.81,198.01
2026-07-07,Keyboard,Accessories,South,10,1256.49,210.67
2026-06-21,Mouse,Accessories,East,5,3839.63,439.49
2026-07-01,Camera,Electronics,South,3,817.89,71.73
2026-06-28,Laptop,Electronics,South,10,1364.67,196.26
2026-06-25,Speaker,Accessories,North,7,529.36,81.76
2026-07-02,Camera,Electronics,East,4,212.78,32.18
2026-06-14,Speaker,Accessories,West,6,3291.59,672.49
2026-06-17,Printer,Office,West,2,2567.97,131.16
2026-07-04,Speaker,Accessories,North,9,3185.47,534.38
2026-07-04,Mobile,Electronics,South,7,4271.78,584.8
2026-06-28,Printer,Office,West,4,3842.99,240.84
2026-07-11,Mouse,Accessories,South,3,648.39,191.65
2026-07-09,Keyboard,Accessories,North,10,2607.25,215.9
2026-06-15,Printer,Office,South,4,2165.67,377.25
2026-06-15,Printer,Office,East,6,516.69,107.39
2026-07-03,Tablet,Electronics,North,3,3837.96,299.16
2026-06-25,Monitor,Electronics,South,1,313.62,79.81
2026-06-30,Speaker,Accessories,East,7,264.68,33.29
2026-07-10,Monitor,Electronics,East,2,1798.74,179.57
2026-07-10,Printer,Office,South,5,2979.51,318.68
2026-07-02,Headphones,Accessories,North,3,4829.01,818.6
2026-06-18,Speaker,Accessories,South,4,4751.62,588.57
2026-06-25,Monitor,Electronics,West,6,296.21,53.74
2026-06-14,Mobile,Electronics,East,2,1750.98,492.72
2026-06-16,Printer,Office,East,4,845.04,107.86
2026-07-07,Mobile,Electronics,South,5,3497.16,350.86
2026-06-30,Mouse,Accessories,South,8,3401.24,794.35
2026-06-17,Headphones,Accessories,South,5,4481.07,1100.93
2026-07-07,Mobile,Electronics,South,2,4391.45,257.48
2026-07-06,Camera,Electronics,North,4,3629.06,1008.64
2026-06-30,Tablet,Electronics,South,7,1252.0,147.52
2026-07-10,Mobile,Electronics,North,9,4584.33,1167.53
2026-06-12,Printer,Office,South,6,4601.74,560.49
2026-07-10,Mobile,Electronics,East,1,2550.73,277.77
2026-06-30,Printer,Office,East,10,378.55,93.4
2026-06-25,Mouse,Accessories,South,9,2984.42,199.97
2026-07-02,Tablet,Electronics,South,9,298.45,35.29
2026-06-16,Monitor,Electronics,West,7,1966.82,543.79
2026-06-30,Printer,Office,South,4,262.05,13.84
2026-07-06,Laptop,Electronics,South,9,1777.84,196.05
2026-06-22,Keyboard,Accessories,North,7,1559.72,180.15
2026-06-12,Laptop,Electronics,East,3,419.96,48.39
2026-06-23,Monitor,Electronics,South,8,1494.01,177.87
2026-07-03,Tablet,Electronics,South,4,2842.5,517.56
2026-06-29,Laptop,Electronics,East,4,762.94,178.04
2026-06-21,Mobile,Electronics,North,1,1707.43,446.43
2026-07-03,Laptop,Electronics,North,5,3839.95,510.85
2026-07-01,Printer,Office,North,10,1041.05,113.52
2026-06-14,Headphones,Accessories,East,6,2725.62,159.92
2026-06-26,Keyboard,Accessories,East,2,3592.32,647.96
2026-06-16,Speaker,Accessories,West,8,3348.82,896.5
2026-06-21,Printer,Office,East,3,592.09,98.77
2026-06-25,Mobile,Electronics,East,10,3972.48,955.28
2026-07-09,Monitor,Electronics,South,2,3129.16,176.84
2026-07-08,Mobile,Electronics,East,1,4632.21,477.42
2026-06-19,Camera,Electronics,West,1,3742.08,486.59
2026-06-22,Laptop,Electronics,East,6,4124.83,367.56
2026-07-11,Keyboard,Accessories,South,7,4170.94,591.49
2026-06-23,Mobile,Electronics,North,6,876.45,71.68
2026-06-30,Headphones,Accessories,West,9,2616.22,456.41
2026-06-18,Mobile,Electronics,West,1,1177.9,229.47
2026-06-27,Tablet,Electronics,East,4,4235.04,434.11
2026-06-21,Printer,Office,South,9,196.71,31.3
2026-06-19,Mobile,Electronics,North,8,2685.25,677.34
2026-06-25,Mobile,Electronics,East,8,1225.12,100.2
2026-06-16,Printer,Office,East,8,3330.59,405.07
2026-06-13,Laptop,Electronics,South,4,1297.14,281.16
2026-06-27,Mouse,Accessories,North,6,1094.69,85.17
2026-06-27,Mouse,Accessories,South,3,2175.57,261.49
2026-07-05,Headphones,Accessories,West,7,4632.77,905.45
2026-06-18,Keyboard,Accessories,East,10,1377.28,369.88
2026-06-30,Printer,Office,South,2,572.19,129.55
2026-07-10,Camera,Electronics,West,10,3825.45,978.75
2026-06-22,Laptop,Electronics,East,6,2346.23,444.22
2026-06-16,Mouse,Accessories,South,10,1652.73,363.92
2026-06-24,Keyboard,Accessories,North,8,1358.42,296.19
2026-06-28,Keyboard,Accessories,West,3,2763.69,750.47
2026-06-17,Headphones,Accessories,West,8,1541.23,220.15
2026-06-26,Mouse,Accessories,West,7,4022.17,604.37
2026-06-28,Headphones,Accessories,South,9,3840.27,677.81
2026-07-06,Laptop,Electronics,South,4,4891.0,511.43
2026-06-25,Monitor,Electronics,East,6,2313.45,235.96
2026-07-04,Laptop,Electronics,East,4,1852.58,225.55
2026-06-23,Mouse,Accessories,South,1,3565.25,264.25
2026-07-10,Laptop,Electronics,East,9,2003.63,115.6
2026-07-05,Mouse,Accessories,North,10,1981.12,230.88
2026-07-05,Camera,Electronics,West,3,2662.54,709.57
2026-06-26,Camera,Electronics,South,6,1436.9,369.08
2026-06-14,Keyboard,Accessories,North,6,1218.53,122.03
2026-06-26,Speaker,Accessories,South,4,3938.03,584.67
2026-07-11,Headphones,Accessories,North,1,284.5,59.35
2026-07-07,Laptop,Electronics,North,9,1231.52,99.66
2026-07-10,Headphones,Accessories,East,6,2162.99,336.84
2026-07-03,Mobile,Electronics,North,8,540.29,76.68
2026-07-12,Mobile,Electronics,South,9,4587.68,953.5
2026-06-16,Tablet,Electronics,East,1,288.24,55.58
2026-07-07,Headphones,Accessories,North,4,244.03,53.38
2026-07-12,Camera,Electronics,South,2,325.69,89.54
2026-07-08,Tablet,Electronics,South,7,2813.34,556.04
2026-07-03,Mouse,Accessories,East,8,2998.31,301.5
2026-06-19,Printer,Office,South,8,1730.56,267.49
2026-06-20,Printer,Office,West,8,4760.89,369.18
2026-06-23,Speaker,Accessories,North,4,4291.53,290.35
2026-06-28,Speaker,Accessories,East,10,3723.66,703.78
2026-07-09,Tablet,Electronics,East,2,2416.18,537.43
2026-06-24,Laptop,Electronics,West,8,982.84,240.15
2026-07-09,Mobile,Electronics,West,5,2494.27,246.86
2026-06-22,Mouse,Accessories,West,1,935.92,85.21
2026-07-01,Mouse,Accessories,East,9,4096.62,1149.76
2026-07-11,Printer,Office,West,1,4497.05,698.39
2026-07-04,Camera,Electronics,West,5,2416.99,223.8
2026-07-03,Monitor,Electronics,West,10,2779.69,638.25
2026-07-01,Camera,Electronics,West,4,443.18,61.18
2026-06-22,Mouse,Accessories,North,1,3220.37,832.53
2026-06-16,Speaker,Accessories,South,9,2301.15,180.42
2026-06-26,Tablet,Electronics,South,1,3041.3,828.62
2026-06-28,Laptop,Electronics,East,4,4911.17,348.24
2026-07-12,Speaker,Accessories,North,7,4600.32,664.79
2026-06-15,Printer,Office,West,1,4293.19,302.25
2026-06-14,Camera,Electronics,West,8,3403.09,979.57
2026-06-20,Mouse,Accessories,North,6,1510.59,99.76
2026-07-10,Monitor,Electronics,South,2,2701.94,592.89
2026-07-04,Headphones,Accessories,North,10,839.92,132.73
2026-07-09,Camera,Electronics,South,4,4580.39,749.5
2026-06-19,Mouse,Accessories,West,2,3491.21,322.3
2026-07-11,Monitor,Electronics,South,4,1790.69,164.97
2026-06-20,Speaker,Accessories,North,3,1219.58,356.17
2026-06-13,Mouse,Accessories,North,4,1543.31,157.41
2026-06-20,Mouse,Accessories,East,1,471.68,96.69
2026-06-20,Tablet,Electronics,West,7,425.17,78.53
2026-06-15,Mobile,Electronics,West,7,4637.53,564.34
2026-06-15,Mobile,Electronics,West,1,3725.62,290.82
2026-06-18,Headphones,Accessories,East,2,3818.2,421.8
2026-06-26,Speaker,Accessories,East,8,4631.41,392.35
2026-07-06,Mobile,Electronics,West,3,4960.44,898.65
2026-06-20,Laptop,Electronics,South,9,2869.1,220.72
2026-07-03,Speaker,Accessories,West,8,3426.63,857.73
2026-07-10,Monitor,Electronics,South,7,377.52,73.98
2026-06-16,Printer,Office,South,6,3516.22,857.31
2026-07-10,Laptop,Electronics,North,6,3057.05,797.19
2026-06-22,Laptop,Electronics,East,9,3163.01,777.66
2026-07-07,Printer,Office,West,1,4083.49,566.64
2026-07-12,Monitor,Electronics,East,8,2630.29,571.66
2026-06-26,Mouse,Accessories,South,2,1723.3,229.18
2026-06-30,Headphones,Accessories,East,2,257.9,54.77
2026-06-22,Speaker,Accessories,East,1,1361.29,281.3
2026-07-04,Headphones,Accessories,East,5,1869.08,281.54
2026-06-19,Headphones,Accessories,East,5,3273.23,186.87
2026-07-07,Mouse,Accessories,East,7,1272.14,338.67
2026-07-08,Speaker,Accessories,West,4,1433.73,234.25
2026-07-01,Camera,Electronics,South,10,479.59,104.51
2026-06-22,Speaker,Accessories,South,3,2201.46,503.29
2026-07-12,Mouse,Accessories,South,5,255.73,25.08
2026-06-29,Camera,Electronics,West,10,938.62,171.05
2026-07-09,Mouse,Accessories,West,6,1164.16,226.95
2026-07-05,Headphones,Accessories,West,3,212.05,42.16
2026-07-09,Printer,Office,East,5,829.52,88.4
2026-06-16,Keyboard,Accessories,South,7,2248.18,150.92
2026-06-17,Printer,Office,North,5,303.36,26.37
2026-07-08,Mobile,Electronics,North,8,4601.29,551.08
2026-06-18,Headphones,Accessories,East,3,1918.77,527.66
2026-07-12,Keyboard,Accessories,East,9,4134.38,479.32
2026-06-21,Mobile,Electronics,East,4,1893.1,372.97
2026-06-19,Keyboard,Accessories,North,7,1312.1,311.04
2026-06-28,Laptop,Electronics,South,5,150.95,28.23
2026-07-07,Printer,Office,North,8,766.14,141.18
2026-06-26,Tablet,Electronics,South,3,1401.7,339.52
2026-07-08,Monitor,Electronics,South,1,4413.63,541.22
2026-06-22,Monitor,Electronics,East,10,2809.82,445.51
2026-07-09,Keyboard,Accessories,South,7,2604.06,237.49
2026-06-26,Speaker,Accessories,North,1,2858.18,394.38
2026-06-28,Mobile,Electronics,East,5,1609.4,125.35
2026-06-22,Speaker,Accessories,North,6,2109.64,119.58
2026-06-27,Camera,Electronics,East,9,1839.84,242.57
2026-07-10,Mouse,Accessories,East,9,2798.27,616.44
2026-07-04,Keyboard,Accessories,East,7,128.68,36.42
2026-07-02,Speaker,Accessories,South,10,422.53,120.9
2026-07-01,Mobile,Electronics,North,8,4622.74,1342.94
2026-06-23,Camera,Electronics,South,1,1013.05,149.74
2026-06-15,Speaker,Accessories,South,10,1524.49,356.85
2026-06-21,Headphones,Accessories,South,7,1091.96,279.34
2026-07-07,Laptop,Electronics,North,1,3139.21,787.73
2026-06-22,Monitor,Electronics,North,5,1643.48,206.54
2026-07-11,Laptop,Electronics,North,6,2572.29,388.47
2026-07-12,Mobile,Electronics,North,8,4384.41,846.97
2026-06-21,Mobile,Electronics,West,5,1268.11,365.22
2026-06-13,Monitor,Electronics,West,1,970.93,140.34
2026-06-23,Camera,Electronics,North,9,2555.47,688.31
2026-07-09,Mouse,Accessories,East,10,697.62,141.83
2026-07-03,Mouse,Accessories,West,3,4201.3,1230.61
2026-07-10,Mobile,Electronics,North,5,303.91,29.34
2026-07-01,Printer,Office,East,8,2029.99,167.95
2026-06-18,Keyboard,Accessories,East,5,1468.65,156.82
2026-07-05,Printer,Office,South,10,1867.93,370.44
2026-07-10,Monitor,Electronics,West,8,1211.55,302.41
2026-07-06,Laptop,Electronics,South,9,4616.03,1099.01
2026-07-08,Speaker,Accessories,West,3,2057.51,508.49
2026-07-09,Camera,Electronics,South,8,693.35,163.96
2026-06-12,Speaker,Accessories,West,10,4550.86,763.05
2026-06-26,Camera,Electronics,East,6,3127.09,254.26
2026-07-07,Speaker,Accessories,East,10,3268.01,655.94
2026-07-11,Speaker,Accessories,North,5,3773.59,190.2
2026-06-18,Printer,Office,North,10,4098.79,431.82
2026-06-12,Laptop,Electronics,North,4,1320.46,307.72
2026-06-29,Mouse,Accessories,West,10,3408.38,536.51
2026-06-16,Tablet,Electronics,South,7,3948.44,802.22
2026-07-07,Monitor,Electronics,South,2,3456.11,660.79
2026-07-07,Speaker,Accessories,South,8,2755.73,233.18
2026-07-06,Laptop,Electronics,East,10,2502.56,275.75
2026-07-10,Camera,Electronics,West,8,1913.14,287.91
2026-07-03,Speaker,Accessories,East,9,227.43,65.78
2026-06-27,Speaker,Accessories,South,5,1615.11,87.99
2026-06-28,Tablet,Electronics,North,1,4068.56,424.68
2026-07-02,Monitor,Electronics,East,6,3364.13,665.99
2026-06-26,Mobile,Electronics,South,9,4543.7,1303.31
2026-06-12,Mobile,Electronics,North,9,4823.69,997.99
2026-07-07,Laptop,Electronics,North,8,4595.95,564.32
2026-06-18,Mobile,Electronics,West,4,4883.92,269.2
2026-06-24,Tablet,Electronics,North,6,4338.4,1057.48
2026-07-04,Mouse,Accessories,East,4,240.28,58.2
2026-07-11,Laptop,Electronics,West,1,3101.17,904.38
2026-07-08,Keyboard,Accessories,North,1,1265.39,69.81
2026-07-09,Monitor,Electronics,East,10,2990.73,566.14
2026-06-25,Mobile,Electronics,West,10,2665.47,398.29
2026-07-04,Mobile,Electronics,North,7,1517.86,229.28
2026-06-18,Tablet,Electronics,East,5,1710.55,270.56
2026-07-01,Mouse,Accessories,North,9,1329.98,219.04
2026-06-16,Speaker,Accessories,West,5,345.52,103.14
2026-06-21,Laptop,Electronics,East,3,4165.86,1176.25
2026-07-08,Printer,Office,North,8,963.7,167.18
2026-06-22,Monitor,Electronics,East,8,1507.12,372.88
2026-06-13,Tablet,Electronics,South,3,2778.82,533.26
2026-06-29,Mouse,Accessories,South,10,4062.5,437.97
2026-06-13,Laptop,Electronics,South,7,4982.52,1463.14
2026-06-30,Camera,Electronics,North,10,762.66,72.86
2026-07-10,Headphones,Accessories,East,8,1440.31,401.62
2026-06-28,Mobile,Electronics,South,6,210.25,23.22
2026-06-19,Mobile,Electronics,West,6,459.79,34.58
2026-06-27,Laptop,Electronics,East,1,1331.33,216.88
2026-07-06,Tablet,Electronics,West,2,3682.04,895.83
2026-07-09,Monitor,Electronics,North,9,1009.24,234.21
2026-07-11,Keyboard,Accessories,East,7,862.29,160.18
2026-06-17,Printer,Office,South,10,1975.75,443.61
2026-06-13,Laptop,Electronics,South,8,2061.53,295.87
2026-06-12,Laptop,Electronics,South,7,1786.03,292.11
2026-06-24,Camera,Electronics,West,8,1567.67,145.49
2026-06-22,Keyboard,Accessories,East,5,4620.59,855.95
2026-07-09,Mobile,Electronics,North,10,4737.71,301.84
2026-06-27,Printer,Office,South,3,2547.56,162.45
2026-06-12,Keyboard,Accessories,South,7,673.23,93.03
2026-07-02,Laptop,Electronics,West,2,3046.74,200.68
2026-07-02,Speaker,Accessories,North,6,427.82,36.7
2026-06-13,Tablet,Electronics,East,7,4942.4,893.97
2026-07-03,Keyboard,Accessories,West,2,390.43,96.48
2026-07-04,Mouse,Accessories,East,3,3788.52,619.41
2026-07-07,Headphones,Accessories,East,9,2381.44,241.24
2026-07-03,Mouse,Accessories,South,6,1156.73,288.68
2026-07-10,Headphones,Accessories,North,5,2302.65,144.99
2026-06-29,Mouse,Accessories,West,4,2708.49,519.4
2026-06-28,Keyboard,Accessories,South,10,1669.73,97.06
2026-07-08,Tablet,Electronics,South,4,4865.13,784.82
2026-06-27,Mouse,Accessories,East,5,1005.93,281.9
2026-07-01,Speaker,Accessories,East,3,4204.52,828.07
2026-07-08,Mouse,Accessories,West,4,4665.03,334.67
2026-07-05,Speaker,Accessories,West,1,522.9,53.51
2026-06-20,Mobile,Electronics,West,2,799.28,186.29
2026-06-14,Camera,Electronics,North,7,4856.33,386.1
2026-07-06,Laptop,Electronics,West,7,2102.46,122.22
2026-07-03,Tablet,Electronics,South,3,1582.33,139.73
2026-06-15,Headphones,Accessories,North,8,3226.74,603.12
2026-06-29,Camera,Electronics,North,3,171.41,32.33
2026-06-19,Speaker,Accessories,South,9,1444.42,106.91
2026-06-22,Headphones,Accessories,East,5,4080.2,1103.03
2026-07-12,Monitor,Electronics,South,6,1590.54,375.54
2026-07-02,Speaker,Accessories,West,6,1019.72,228.38
2026-07-01,Tablet,Electronics,South,8,3165.94,574.85
2026-06-14,Keyboard,Accessories,South,4,2637.29,585.12
2026-06-18,Printer,Office,North,9,1844.05,242.4
2026-06-22,Headphones,Accessories,North,9,649.24,159.08
2026-07-02,Monitor,Electronics,West,8,2198.26,234.96
2026-07-09,Printer,Office,South,10,781.99,103.66
2026-06-17,Mobile,Electronics,North,10,3155.83,744.95
2026-06-27,Camera,Electronics,West,8,2365.37,477.52
2026-06-29,Tablet,Electronics,West,7,4930.17,1416.85
2026-06-13,Monitor,Electronics,South,9,195.54,53.61
2026-07-02,Mouse,Accessories,East,5,596.8,124.03
2026-06-14,Printer,Office,East,2,3658.71,587.85
2026-06-12,Headphones,Accessories,East,6,1524.56,177.98
2026-06-27,Keyboard,Accessories,South,3,1518.09,310.62
2026-06-28,Monitor,Electronics,South,5,2710.63,265.62
2026-06-24,Monitor,Electronics,West,8,1085.93,147.63
2026-06-24,Camera,Electronics,North,4,1236.0,317.91
2026-07-02,Headphones,Accessories,North,8,322.0,18.17
2026-06-15,Keyboard,Accessories,South,1,2592.64,637.0
2026-06-21,Monitor,Electronics,South,9,2995.48,751.53
2026-07-08,Mobile,Electronics,South,5,3450.29,247.3
2026-06-13,Printer,Office,South,3,4593.68,1324.46
2026-07-06,Mobile,Electronics,East,10,4049.11,1104.03
2026-07-06,Laptop,Electronics,West,6,1283.66,187.27
2026-06-21,Printer,Office,South,1,3470.11,265.83
2026-07-03,Monitor,Electronics,West,2,1097.45,257.34
2026-07-01,Printer,Office,West,3,379.68,82.44
2026-06-22,Speaker,Accessories,East,4,3977.11,316.75
2026-07-05,Printer,Office,South,7,2698.27,372.85
2026-07-11,Speaker,Accessories,South,8,1816.0,318.45
2026-07-04,Keyboard,Accessories,North,8,4457.32,1329.68
2026-07-04,Mouse,Accessories,North,5,2558.65,695.71
2026-06-15,Monitor,Electronics,East,3,1188.01,185.96
2026-06-19,Laptop,Electronics,East,10,2938.73,759.37
2026-07-12,Headphones,Accessories,South,1,4509.88,1342.93
2026-06-24,Tablet,Electronics,North,2,2504.22,719.86
2026-07-04,Laptop,Electronics,South,7,4777.58,1418.02
2026-06-25,Printer,Office,West,8,1331.26,198.79
2026-06-21,Speaker,Accessories,South,1,1272.38,141.77
2026-07-05,Laptop,Electronics,East,3,1861.95,451.34
2026-06-29,Keyboard,Accessories,South,6,3459.48,937.13
2026-06-27,Laptop,Electronics,East,10,453.43,100.4
2026-06-29,Tablet,Electronics,West,5,2629.23,210.55
2026-06-23,Speaker,Accessories,South,2,2856.02,830.8
2026-06-14,Mobile,Electronics,North,9,3408.49,1012.96
2026-07-10,Monitor,Electronics,East,1,2674.82,295.6
2026-06-21,Monitor,Electronics,South,6,3463.41,858.64
2026-07-05,Printer,Office,East,5,2809.87,558.01
2026-07-03,Mouse,Accessories,North,3,1754.89,343.89
2026-07-02,Keyboard,Accessories,North,5,3091.59,625.98
2026-07-10,Printer,Office,North,9,2428.37,169.11
2026-07-11,Mobile,Electronics,South,3,1837.16,219.28
2026-06-15,Camera,Electronics,East,4,4682.54,1234.75
2026-06-29,Laptop,Electronics,East,6,2807.49,537.94
2026-06-19,Speaker,Accessories,North,8,725.28,187.21
2026-06-23,Laptop,Electronics,East,10,2523.54,406.87
2026-06-26,Tablet,Electronics,East,10,3443.92,686.3
2026-06-26,Printer,Office,West,8,4780.76,1278.13
2026-06-18,Printer,Office,West,1,1477.82,196.04
2026-06-22,Mouse,Accessories,South,3,4622.86,587.22
2026-06-14,Speaker,Accessories,North,2,2483.47,501.71
2026-06-16,Camera,Electronics,East,9,3442.42,512.89
2026-06-20,Mouse,Accessories,North,4,977.58,80.47
2026-06-27,Keyboard,Accessories,West,8,1120.66,61.21
2026-07-03,Headphones,Accessories,North,7,2735.02,160.67
2026-07-10,Monitor,Electronics,West,6,1506.55,101.19
2026-06-13,Monitor,Electronics,South,3,2889.74,326.56
2026-06-17,Monitor,Electronics,South,8,4218.7,1059.41
2026-06-16,Monitor,Electronics,North,8,3668.43,539.48
2026-06-12,Mobile,Electronics,East,3,554.44,79.56
2026-07-05,Mouse,Accessories,West,8,438.82,119.08
2026-06-15,Mobile,Electronics,East,10,1095.98,295.06
2026-06-25,Keyboard,Accessories,North,1,3730.53,893.05
2026-07-08,Tablet,Electronics,West,4,2984.62,509.21
2026-07-10,Speaker,Accessories,East,8,3638.46,916.35
2026-06-21,Mouse,Accessories,West,10,1357.87,324.45
2026-06-26,Laptop,Electronics,North,10,2907.6,690.05
2026-06-24,Camera,Electronics,North,2,3812.66,279.2
2026-07-12,Camera,Electronics,East,8,3817.16,369.8
2026-06-17,Tablet,Electronics,West,2,1777.77,254.09
2026-07-10,Camera,Electronics,North,1,2212.14,623.64
2026-06-16,Camera,Electronics,East,6,2169.33,222.93
2026-06-28,Headphones,Accessories,East,5,1121.82,266.74
2026-06-14,Keyboard,Accessories,North,2,317.39,65.36
2026-06-14,Mobile,Electronics,East,3,2325.86,628.45
2026-06-29,Mobile,Electronics,West,4,2575.73,672.42
2026-06-18,Mouse,Accessories,West,3,605.5,119.34
2026-06-15,Keyboard,Accessories,North,1,3101.21,829.99
2026-06-21,Monitor,Electronics,East,2,3524.85,922.49
2026-06-30,Printer,Office,South,6,1498.02,164.29
2026-06-19,Camera,Electronics,East,9,1077.54,97.8
2026-06-19,Printer,Office,West,8,2470.0,503.98
2026-06-27,Headphones,Accessories,West,7,1001.4,75.25
2026-07-03,Camera,Electronics,North,9,1334.23,123.11
2026-07-06,Keyboard,Accessories,East,6,720.57,150.55
2026-07-10,Speaker,Accessories,East,2,4859.84,354.84
2026-07-12,Monitor,Electronics,North,7,2933.99,466.71
2026-07-09,Camera,Electronics,West,6,592.92,165.61
2026-06-14,Camera,Electronics,East,9,4851.85,1317.2
2026-06-24,Keyboard,Accessories,West,4,568.38,164.58
2026-06-30,Monitor,Electronics,North,4,3146.29,370.73
2026-06-28,Tablet,Electronics,North,4,1142.6,224.7
2026-06-18,Keyboard,Accessories,West,4,2701.23,739.56
2026-07-06,Mobile,Electronics,South,4,897.7,62.36
2026-07-06,Keyboard,Accessories,North,6,2850.72,496.82
2026-06-24,Monitor,Electronics,East,1,1951.2,299.2
2026-06-16,Speaker,Accessories,South,9,3216.86,359.11
2026-07-01,Printer,Office,West,6,4229.35,410.18
2026-07-07,Speaker,Accessories,South,5,3790.58,484.19
2026-06-19,Camera,Electronics,West,7,3774.53,548.03
2026-06-28,Camera,Electronics,South,10,3309.8,382.14
2026-06-24,Keyboard,Accessories,West,1,4040.5,626.54
2026-06-19,Headphones,Accessories,West,9,1061.81,295.45
2026-07-06,Mouse,Accessories,East,1,2829.39,654.71
2026-07-01,Mobile,Electronics,North,2,3263.62,654.7
2026-06-13,Speaker,Accessories,North,4,2482.31,648.58
2026-06-21,Keyboard,Accessories,North,9,3648.61,994.77
2026-06-19,Tablet,Electronics,North,6,1246.51,244.5
2026-06-19,Speaker,Accessories,South,3,665.26,156.82
2026-06-22,Camera,Electronics,West,10,773.58,219.19
2026-06-19,Monitor,Electronics,South,2,4064.86,672.72
2026-06-13,Headphones,Accessories,North,4,1918.48,359.13
2026-07-04,Speaker,Accessories,South,10,4571.53,945.84
2026-06-22,Printer,Office,West,10,2831.6,817.35
2026-06-12,Tablet,Electronics,East,6,4211.18,241.42
2026-06-12,Mobile,Electronics,East,1,3363.11,933.03
2026-07-03,Tablet,Electronics,East,8,4410.71,713.65
2026-06-26,Speaker,Accessories,South,3,2589.98,755.07
2026-06-24,Monitor,Electronics,West,4,3999.16,934.7
2026-06-23,Keyboard,Accessories,South,3,1467.7,300.28
2026-07-06,Headphones,Accessories,East,1,3340.78,798.98
2026-06-29,Speaker,Accessories,East,8,3997.24,674.0
2026-06-27,Printer,Office,South,7,4662.04,824.97
2026-06-30,Mouse,Accessories,East,2,4783.82,1286.61
2026-06-18,Printer,Office,East,1,2969.21,605.76
2026-07-03,Laptop,Electronics,South,10,1791.42,500.6
2026-06-28,Laptop,Electronics,North,3,2427.26,604.03
2026-06-26,Camera,Electronics,South,10,1848.31,289.34
2026-07-02,Mouse,Accessories,South,3,284.43,27.71
2026-06-30,Monitor,Electronics,South,8,2557.16,560.8
2026-07-12,Keyboard,Accessories,South,4,1626.87,90.23
2026-06-12,Headphones,Accessories,East,2,3266.52,933.6
2026-07-01,Mobile,Electronics,South,7,4488.4,926.26
2026-06-27,Keyboard,Accessories,West,2,344.67,88.61
2026-07-03,Keyboard,Accessories,West,5,1755.3,301.73
2026-06-14,Tablet,Electronics,East,1,4061.96,937.9
2026-06-17,Printer,Office,North,10,347.46,92.75
2026-07-03,Monitor,Electronics,North,7,3598.87,383.02
2026-06-25,Mouse,Accessories,South,5,2469.74,276.78
2026-06-20,Mouse,Accessories,West,3,1957.26,214.23
2026-07-06,Mouse,Accessories,North,2,886.86,158.6
2026-07-04,Camera,Electronics,East,2,885.43,184.96
2026-06-25,Printer,Office,South,2,4830.31,1011.66
2026-07-07,Headphones,Accessories,South,4,327.87,88.96
2026-06-30,Headphones,Accessories,South,9,4085.84,1135.46
2026-06-18,Mobile,Electronics,West,4,2628.56,622.95
2026-07-08,Camera,Electronics,North,4,2216.51,362.19
2026-06-21,Tablet,Electronics,West,5,4762.36,1366.03
2026-06-20,Monitor,Electronics,North,6,3519.08,625.92
2026-07-02,Mobile,Electronics,South,9,2703.34,451.89
2026-06-19,Mouse,Accessories,North,2,3137.65,243.64
2026-06-13,Headphones,Accessories,South,6,2828.37,191.71
2026-07-12,Speaker,Accessories,West,6,3351.64,685.46
2026-06-22,Keyboard,Accessories,East,2,4208.55,664.85
2026-06-30,Keyboard,Accessories,West,4,1587.03,315.68
2026-07-10,Tablet,Electronics,West,9,2061.28,124.11
2026-06-27,Keyboard,Accessories,West,8,1319.5,142.58
2026-06-26,Printer,Office,North,6,896.73,88.53
2026-07-04,Mobile,Electronics,West,1,2625.32,388.68
2026-06-29,Keyboard,Accessories,West,4,2019.04,104.11
2026-06-13,Keyboard,Accessories,East,6,1250.17,363.67
2026-07-12,Speaker,Accessories,West,8,988.28,134.64
2026-07-07,Headphones,Accessories,South,3,604.29,149.52
2026-06-21,Mobile,Electronics,North,7,4848.77,899.97
2026-07-06,Printer,Office,South,7,1436.83,138.92
2026-06-18,Speaker,Accessories,East,8,756.2,184.12
2026-07-12,Keyboard,Accessories,South,6,2526.15,145.82
2026-06-28,Speaker,Accessories,West,2,1338.7,143.38
2026-06-13,Camera,Electronics,North,4,596.51,47.44
2026-07-03,Mobile,Electronics,North,6,4878.28,714.86
2026-06-24,Keyboard,Accessories,East,4,2433.25,634.49
2026-06-16,Mouse,Accessories,East,5,3488.92,336.05
2026-07-10,Printer,Office,North,3,3258.35,746.42
2026-07-10,Laptop,Electronics,North,10,3601.07,235.05
2026-06-20,Headphones,Accessories,North,7,2458.81,600.63
2026-06-28,Laptop,Electronics,South,9,166.1,25.95
2026-07-11,Headphones,Accessories,West,4,1833.36,121.86
2026-06-22,Mobile,Electronics,East,1,1708.72,359.12
2026-06-25,Camera,Electronics,West,7,334.85,19.0
2026-06-18,Mobile,Electronics,West,7,4555.21,1274.43
2026-07-09,Mobile,Electronics,North,8,3853.5,1024.7
2026-06-12,Speaker,Accessories,North,7,3735.22,420.84
2026-07-08,Laptop,Electronics,South,4,2908.36,711.49
2026-07-08,Mobile,Electronics,South,5,4759.78,460.17
2026-06-23,Camera,Electronics,East,7,1947.12,520.66
2026-06-30,Tablet,Electronics,South,3,793.43,113.68
2026-06-15,Printer,Office,South,5,3119.28,642.07
2026-07-04,Camera,Electronics,South,2,1903.6,176.41
2026-07-07,Monitor,Electronics,East,5,4850.25,733.96
2026-06-20,Monitor,Electronics,East,10,3214.96,758.9
2026-06-30,Mobile,Electronics,East,5,3729.44,570.13
2026-07-08,Tablet,Electronics,South,10,1987.9,213.83
2026-07-01,Headphones,Accessories,South,4,3233.11,249.34
2026-06-25,Keyboard,Accessories,North,1,2156.67,602.9
2026-06-27,Laptop,Electronics,North,4,4017.8,1146.2
2026-06-14,Tablet,Electronics,West,1,1967.54,431.23
2026-06-12,Laptop,Electronics,West,5,2969.17,409.15
2026-06-20,Speaker,Accessories,West,8,274.39,50.26
2026-07-06,Laptop,Electronics,East,2,4037.91,1013.54
2026-07-02,Laptop,Electronics,East,2,462.84,30.49
2026-06-26,Monitor,Electronics,North,10,2620.0,282.31
2026-06-23,Laptop,Electronics,East,2,3216.0,336.08
2026-07-05,Speaker,Accessories,East,2,1585.19,132.17
2026-06-16,Speaker,Accessories,South,2,3745.55,1024.81
2026-06-15,Mobile,Electronics,West,4,1649.99,285.75
2026-06-14,Headphones,Accessories,West,1,3453.49,289.99
2026-06-23,Keyboard,Accessories,South,8,250.95,63.3
2026-07-10,Laptop,Electronics,West,8,3931.83,653.08
2026-06-22,Mobile,Electronics,North,10,1154.62,287.96
2026-07-07,Mouse,Accessories,East,8,359.04,39.0
2026-06-29,Mobile,Electronics,South,8,2755.69,228.85
2026-06-12,Speaker,Accessories,West,9,1765.52,370.93
2026-07-07,Camera,Electronics,East,1,704.26,98.23
2026-07-05,Laptop,Electronics,East,7,3424.8,507.97
2026-06-12,Tablet,Electronics,East,5,3281.72,756.76
2026-07-08,Tablet,Electronics,East,1,1381.38,308.95
2026-06-28,Speaker,Accessories,East,8,2954.35,227.26
2026-06-23,Laptop,Electronics,West,6,4875.27,1256.52
2026-06-30,Laptop,Electronics,North,9,1194.28,351.71
2026-07-08,Monitor,Electronics,East,10,182.38,35.12
2026-07-01,Headphones,Accessories,South,4,3103.8,479.18
2026-07-10,Monitor,Electronics,East,4,1652.71,120.53
2026-06-25,Tablet,Electronics,South,7,4487.86,614.65
2026-07-03,Mouse,Accessories,East,10,3160.72,666.72
2026-06-23,Keyboard,Accessories,East,8,4367.25,303.28
2026-06-13,Printer,Office,East,2,1418.67,114.72
2026-06-26,Mobile,Electronics,North,3,4445.95,1039.68
2026-06-29,Monitor,Electronics,East,4,728.16,83.73
2026-07-02,Speaker,Accessories,East,8,2518.01,335.53
2026-07-03,Keyboard,Accessories,North,1,1755.35,466.18
2026-06-12,Headphones,Accessories,West,2,4790.76,976.42
2026-06-28,Tablet,Electronics,South,5,4421.49,1083.93
2026-07-10,Mouse,Accessories,North,2,1383.86,398.26
2026-06-28,Camera,Electronics,West,6,4052.98,462.75
2026-07-02,Monitor,Electronics,West,6,3761.83,378.7
2026-06-15,Speaker,Accessories,South,5,4670.52,948.24
2026-07-11,Speaker,Accessories,North,7,4766.06,1259.08
2026-07-12,Camera,Electronics,South,1,4616.58,393.85
2026-06-22,Monitor,Electronics,East,6,353.21,104.44
2026-07-02,Keyboard,Accessories,North,9,1867.12,448.79
2026-07-01,Headphones,Accessories,East,5,4103.75,598.88
2026-06-24,Headphones,Accessories,North,7,4244.77,1063.34
2026-07-09,Tablet,Electronics,West,8,2360.8,124.62
2026-06-26,Tablet,Electronics,East,8,2817.99,475.86
2026-06-29,Camera,Electronics,South,6,2895.9,551.41
2026-07-09,Speaker,Accessories,East,8,4046.2,703.63
2026-06-28,Tablet,Electronics,West,2,2695.64,503.55
2026-07-07,Mouse,Accessories,North,9,2097.99,266.46
2026-07-04,Keyboard,Accessories,East,2,869.83,243.91
2026-06-28,Camera,Electronics,South,6,1724.27,227.56
2026-06-13,Monitor,Electronics,South,5,1003.64,60.74
2026-07-02,Laptop,Electronics,North,9,566.52,143.68
2026-07-03,Printer,Office,West,5,609.96,140.03
2026-07-03,Keyboard,Accessories,West,2,1830.37,405.9
2026-06-22,Mouse,Accessories,North,3,3544.46,595.22
2026-06-14,Tablet,Electronics,North,1,198.03,49.85
2026-07-12,Camera,Electronics,North,6,4263.07,354.23
2026-06-12,Headphones,Accessories,West,7,748.33,124.46
2026-06-15,Headphones,Accessories,South,7,1523.83,97.71
2026-07-02,Headphones,Accessories,North,4,3520.72,1053.2
2026-07-02,Tablet,Electronics,North,7,2291.79,293.99
2026-07-02,Camera,Electronics,West,3,4639.37,658.52
2026-07-02,Keyboard,Accessories,North,3,2565.59,496.72
2026-07-03,Laptop,Electronics,West,6,712.74,132.42
2026-07-04,Camera,Electronics,North,4,4638.78,382.17
2026-06-27,Mobile,Electronics,North,7,3572.0,847.35
2026-06-15,Keyboard,Accessories,North,3,3083.79,712.44
2026-06-18,Tablet,Electronics,North,10,2264.83,344.99
2026-06-15,Keyboard,Accessories,West,4,4647.82,556.45
2026-06-24,Printer,Office,North,9,4045.69,1054.05
2026-07-10,Mobile,Electronics,North,4,4536.33,814.94
2026-06-24,Monitor,Electronics,North,2,1103.31,327.67
2026-06-24,Camera,Electronics,North,4,4547.98,333.85
2026-06-20,Monitor,Electronics,West,9,880.88,84.64
2026-06-24,Keyboard,Accessories,West,4,4783.07,829.56
2026-06-23,Printer,Office,North,7,1147.97,190.4
2026-07-04,Keyboard,Accessories,West,2,4943.27,990.96
2026-06-29,Tablet,Electronics,South,2,1324.84,139.08
2026-07-02,Keyboard,Accessories,West,6,2178.33,556.47
2026-06-25,Camera,Electronics,West,1,3161.61,556.73
2026-06-26,Tablet,Electronics,East,4,165.18,22.32
2026-06-17,Camera,Electronics,South,9,2973.8,607.24
2026-06-23,Speaker,Accessories,East,8,861.38,145.31
2026-06-20,Speaker,Accessories,West,9,1800.9,195.1
2026-07-06,Speaker,Accessories,North,5,429.36,25.53
2026-06-19,Tablet,Electronics,East,1,4262.69,1032.38
2026-06-28,Monitor,Electronics,North,6,3513.54,914.25
2026-07-06,Keyboard,Accessories,East,10,4909.06,1302.39
2026-06-25,Mobile,Electronics,East,8,1477.93,286.7
2026-06-20,Monitor,Electronics,West,7,904.1,112.19
2026-07-05,Keyboard,Accessories,West,2,2537.47,177.41
2026-06-28,Speaker,Accessories,North,4,3856.22,730.72
2026-07-09,Keyboard,Accessories,West,10,4184.91,1136.09
2026-06-30,Headphones,Accessories,North,2,3512.65,1045.27
2026-06-28,Tablet,Electronics,East,5,3821.71,686.95
2026-06-12,Laptop,Electronics,North,10,2181.89,390.66
2026-07-03,Monitor,Electronics,North,2,4523.42,229.95
2026-06-12,Tablet,Electronics,South,9,2327.2,446.22
2026-06-27,Printer,Office,West,2,4790.78,1330.37
2026-06-24,Headphones,Accessories,East,8,759.84,128.6
2026-06-13,Tablet,Electronics,North,3,4215.59,1076.05
2026-07-11,Printer,Office,East,5,1462.5,280.59
2026-06-28,Speaker,Accessories,South,6,1111.1,303.19
2026-06-25,Mobile,Electronics,South,7,2476.16,387.25
2026-07-03,Tablet,Electronics,North,6,1175.44,59.69
2026-07-05,Camera,Electronics,West,3,1358.79,109.14
2026-06-20,Mouse,Accessories,North,3,391.92,82.38
2026-06-21,Laptop,Electronics,North,8,4465.54,956.14
2026-06-26,Printer,Office,West,10,3661.47,977.03
2026-07-06,Monitor,Electronics,North,6,4134.82,618.27
2026-06-16,Speaker,Accessories,North,7,4502.84,469.6
2026-07-01,Printer,Office,South,4,2939.59,375.5
2026-07-03,Printer,Office,East,2,1622.65,459.31
2026-06-19,Mouse,Accessories,North,5,3124.4,244.23
2026-06-25,Printer,Office,East,1,4326.72,1191.6
2026-07-10,Camera,Electronics,West,7,4469.21,936.97
2026-06-29,Speaker,Accessories,East,1,2663.21,683.62
2026-07-01,Tablet,Electronics,South,8,209.39,22.37
2026-07-12,Tablet,Electronics,North,8,2780.07,482.85
2026-06-17,Printer,Office,West,8,2263.61,137.51
2026-06-13,Laptop,Electronics,East,8,4794.52,1410.9
2026-06-12,Keyboard,Accessories,West,8,1975.0,264.97
2026-06-18,Laptop,Electronics,North,7,1317.06,80.41
2026-07-07,Headphones,Accessories,West,3,3661.28,184.64
2026-06-25,Keyboard,Accessories,East,3,4802.26,293.68
2026-06-23,Speaker,Accessories,East,10,3678.9,753.76
2026-07-04,Printer,Office,East,7,2519.23,198.18
2026-07-02,Headphones,Accessories,North,5,2707.41,769.63
2026-06-21,Laptop,Electronics,North,2,1490.8,369.55
2026-07-10,Mouse,Accessories,East,10,203.19,56.53
2026-07-08,Monitor,Electronics,North,7,891.94,64.26
2026-06-28,Mobile,Electronics,West,9,1348.18,204.77
2026-06-28,Speaker,Accessories,South,9,1359.1,299.44
2026-06-18,Headphones,Accessories,East,6,4211.94,766.68
2026-07-11,Keyboard,Accessories,North,8,3383.52,299.65
2026-06-29,Headphones,Accessories,West,5,2750.5,294.09
2026-07-01,Speaker,Accessories,South,5,3683.85,299.0
2026-06-22,Monitor,Electronics,East,9,4805.33,1217.67
2026-06-28,Keyboard,Accessories,North,6,496.02,25.4
2026-06-23,Headphones,Accessories,South,2,1327.21,261.61
2026-07-12,Laptop,Electronics,East,7,1747.28,213.25
2026-06-18,Camera,Electronics,South,3,4358.15,1182.02
2026-07-03,Keyboard,Accessories,West,3,4353.8,1074.23
2026-07-12,Mouse,Accessories,South,1,3043.42,207.81
2026-06-24,Headphones,Accessories,South,5,2574.77,681.11
2026-07-06,Keyboard,Accessories,North,8,4963.19,360.75
2026-06-13,Monitor,Electronics,North,2,3888.99,865.66
2026-06-30,Headphones,Accessories,East,6,2928.86,676.86
2026-06-24,Keyboard,Accessories,North,5,241.18,57.68
2026-07-12,Mouse,Accessories,North,7,1054.13,96.58
2026-06-23,Headphones,Accessories,West,4,312.69,46.39
2026-07-03,Speaker,Accessories,East,10,2091.25,227.57
2026-07-12,Mouse,Accessories,West,5,588.37,76.89
2026-07-10,Mouse,Accessories,North,8,4266.44,277.93
2026-06-19,Headphones,Accessories,South,1,4973.69,647.55
2026-07-03,Keyboard,Accessories,West,8,1930.1,233.77
2026-06-24,Mouse,Accessories,South,7,1835.78,500.52
2026-06-20,Mobile,Electronics,East,4,4855.12,517.87
2026-07-04,Keyboard,Accessories,North,3,3678.49,828.36
2026-06-28,Keyboard,Accessories,South,8,1821.72,518.71
2026-07-01,Speaker,Accessories,North,10,1624.09,86.91
2026-07-12,Camera,Electronics,North,4,1669.29,349.65
2026-07-06,Printer,Office,West,10,4546.98,371.75
2026-06-21,Monitor,Electronics,West,1,3987.01,674.09
2026-07-07,Headphones,Accessories,South,8,2416.4,441.41
2026-06-28,Camera,Electronics,North,8,1442.57,367.03
2026-06-19,Headphones,Accessories,East,10,2651.58,441.09
2026-07-09,Headphones,Accessories,North,2,4506.32,1252.2
2026-06-12,Monitor,Electronics,East,7,4222.79,865.58
2026-06-19,Mouse,Accessories,South,7,1555.86,93.55
2026-06-12,Mobile,Electronics,West,1,3757.03,666.96
2026-06-15,Monitor,Electronics,West,8,312.6,57.49
2026-06-12,Laptop,Electronics,East,6,1517.83,103.45
2026-06-12,Keyboard,Accessories,North,3,2748.82,333.76
2026-06-25,Mouse,Accessories,South,6,3806.44,197.66
2026-06-20,Speaker,Accessories,East,4,4790.11,824.26
2026-07-05,Laptop,Electronics,North,2,284.37,38.27
2026-06-25,Printer,Office,East,4,100.57,9.96
2026-07-07,Keyboard,Accessories,East,6,4534.33,857.04
2026-06-16,Printer,Office,East,3,4954.11,1146.45
2026-06-14,Printer,Office,North,7,1864.83,500.34
2026-07-02,Tablet,Electronics,East,4,2150.16,452.51
2026-06-18,Mobile,Electronics,East,3,4864.19,1116.9
2026-06-21,Tablet,Electronics,South,5,2454.71,432.18
2026-06-15,Mouse,Accessories,South,6,1915.74,504.77
2026-07-10,Mobile,Electronics,West,5,2333.92,335.58
2026-07-09,Speaker,Accessories,North,3,3880.51,1133.84
2026-07-06,Printer,Office,West,3,611.65,146.21
2026-07-03,Keyboard,Accessories,North,10,3871.17,899.32
2026-07-04,Mouse,Accessories,North,2,2614.08,684.62
2026-06-13,Headphones,Accessories,North,6,2343.71,305.78
2026-06-30,Camera,Electronics,South,8,2546.34,495.5
2026-06-24,Tablet,Electronics,East,7,627.35,183.34
2026-06-12,Headphones,Accessories,East,4,2032.9,147.69
2026-07-07,Mouse,Accessories,South,10,365.08,88.29
2026-06-17,Monitor,Electronics,East,7,3866.35,728.93
2026-07-09,Printer,Office,South,5,3465.94,873.78
2026-06-19,Mobile,Electronics,North,10,1387.2,103.54
2026-06-20,Mouse,Accessories,South,4,4066.3,208.08
2026-06-14,Keyboard,Accessories,North,9,2085.24,256.04
2026-07-11,Headphones,Accessories,East,6,1644.94,358.7
2026-07-08,Tablet,Electronics,South,2,978.61,113.24
2026-06-30,Mobile,Electronics,North,1,1607.15,399.25
2026-06-28,Camera,Electronics,South,3,2300.79,582.37
2026-07-12,Mouse,Accessories,South,5,3789.23,961.42
2026-07-11,Headphones,Accessories,East,4,787.39,106.78
2026-06-26,Laptop,Electronics,West,4,2907.92,387.58
2026-07-02,Keyboard,Accessories,North,8,3278.61,273.44
2026-06-15,Laptop,Electronics,East,1,3890.66,474.85
2026-07-08,Headphones,Accessories,North,2,1164.68,292.93
2026-06-24,Mobile,Electronics,East,4,2402.11,427.93
2026-06-26,Camera,Electronics,North,3,1904.94,323.86
2026-06-27,Camera,Electronics,South,10,2426.35,273.79
2026-06-29,Speaker,Accessories,West,8,2713.77,172.56
2026-07-03,Monitor,Electronics,North,2,605.24,121.74
2026-07-04,Camera,Electronics,North,1,3945.47,939.25
2026-06-30,Mouse,Accessories,East,1,3043.53,400.49
2026-06-30,Keyboard,Accessories,West,8,836.69,85.0
2026-07-01,Camera,Electronics,West,4,2549.17,438.34
2026-07-02,Speaker,Accessories,West,1,1759.47,348.24
2026-07-04,Speaker,Accessories,West,7,528.96,123.44
2026-06-22,Keyboard,Accessories,East,5,1051.01,211.21
2026-06-24,Keyboard,Accessories,North,1,2572.78,237.38
2026-06-17,Speaker,Accessories,East,1,254.31,37.56
2026-07-11,Keyboard,Accessories,North,1,1198.27,215.29
2026-06-18,Speaker,Accessories,South,4,2127.95,243.08
2026-07-12,Mouse,Accessories,West,6,2470.44,689.17
2026-06-29,Laptop,Electronics,South,1,279.45,29.86
2026-07-12,Mobile,Electronics,West,5,2837.19,796.8
2026-07-03,Mouse,Accessories,North,2,3151.45,493.61
2026-06-27,Camera,Electronics,North,4,4754.81,1109.93
2026-06-14,Monitor,Electronics,West,1,1830.32,414.67
2026-06-22,Monitor,Electronics,West,6,4969.59,863.18
2026-07-02,Headphones,Accessories,North,2,4044.18,1175.2
2026-06-21,Tablet,Electronics,East,5,2922.2,751.77
2026-06-20,Laptop,Electronics,South,8,4472.84,573.59
2026-06-29,Laptop,Electronics,West,5,2015.2,283.51
2026-07-10,Headphones,Accessories,South,2,750.85,165.98
2026-06-15,Tablet,Electronics,East,5,1283.49,314.47
2026-06-21,Mobile,Electronics,South,9,4611.64,773.33
2026-06-20,Speaker,Accessories,North,10,4867.28,248.77
2026-06-26,Monitor,Electronics,East,7,2948.14,827.69
2026-07-03,Camera,Electronics,North,1,2059.89,597.71
2026-07-03,Tablet,Electronics,West,3,2963.86,541.82
2026-06-13,Camera,Electronics,North,8,2680.77,170.21
2026-07-11,Headphones,Accessories,South,9,1279.37,358.91
2026-07-08,Keyboard,Accessories,North,6,2776.85,224.37
2026-07-10,Mobile,Electronics,North,7,4416.29,1303.11
2026-07-03,Mobile,Electronics,North,3,3280.49,820.17
2026-07-08,Printer,Office,West,6,4849.91,549.87
2026-06-18,Speaker,Accessories,West,8,3680.83,808.38
2026-06-25,Speaker,Accessories,West,1,2930.57,431.23
2026-06-18,Laptop,Electronics,West,5,3162.93,737.45
2026-06-29,Printer,Office,South,9,2169.95,367.51
2026-06-27,Monitor,Electronics,East,9,3071.44,257.42
2026-06-18,Laptop,Electronics,West,7,2707.18,210.74
2026-06-24,Headphones,Accessories,East,9,632.54,49.75
2026-06-27,Monitor,Electronics,South,10,2127.7,145.46
2026-07-04,Headphones,Accessories,West,4,3801.13,333.2
2026-07-05,Laptop,Electronics,West,1,4579.34,1005.83
2026-07-02,Tablet,Electronics,West,7,4731.58,730.94
2026-07-04,Headphones,Accessories,East,4,3101.69,480.69
2026-06-27,Monitor,Electronics,East,1,2226.02,172.39
2026-06-12,Keyboard,Accessories,West,9,919.5,149.37
2026-06-14,Printer,Office,North,3,669.93,171.39
2026-07-09,Headphones,Accessories,West,6,4409.27,1127.32
2026-06-20,Tablet,Electronics,West,4,4937.66,474.19
2026-07-06,Speaker,Accessories,North,8,1273.18,190.95
2026-06-17,Mobile,Electronics,West,10,1548.96,276.09
2026-06-25,Headphones,Accessories,North,5,3776.75,685.01
2026-06-15,Mobile,Electronics,South,10,1065.03,287.29
2026-07-03,Headphones,Accessories,West,2,4740.04,467.36
2026-06-28,Keyboard,Accessories,East,5,695.34,70.37
2026-06-19,Speaker,Accessories,North,5,2993.37,779.58
2026-06-26,Camera,Electronics,West,2,4526.24,328.36
2026-06-29,Camera,Electronics,West,7,3548.1,1044.52
2026-06-28,Printer,Office,North,1,4938.3,768.09
2026-06-27,Monitor,Electronics,West,8,2067.15,350.87
2026-06-13,Laptop,Electronics,South,1,1748.13,434.01
2026-07-08,Camera,Electronics,East,6,4294.38,1089.33
2026-07-08,Keyboard,Accessories,West,10,460.02,121.67
2026-06-25,Speaker,Accessories,North,10,3525.69,994.89
2026-07-06,Laptop,Electronics,West,4,353.87,59.56
2026-07-01,Mobile,Electronics,West,8,2453.04,327.04
2026-06-18,Laptop,Electronics,West,10,3157.36,636.21
2026-06-25,Mobile,Electronics,West,9,1886.75,136.61
2026-06-27,Tablet,Electronics,North,6,158.44,12.9
2026-06-29,Printer,Office,West,2,1249.86,327.58
2026-06-20,Tablet,Electronics,North,2,2266.71,523.67
2026-06-22,Keyboard,Accessories,North,2,4363.68,1067.37
2026-06-25,Headphones,Accessories,West,6,4500.28,829.74
2026-07-05,Printer,Office,West,10,208.66,34.27
2026-06-27,Mobile,Electronics,East,5,3347.76,385.06
2026-06-12,Speaker,Accessories,South,1,3231.99,607.47
2026-06-15,Speaker,Accessories,North,8,1072.66,241.05
2026-07-10,Camera,Electronics,North,10,1795.26,237.19
2026-06-14,Laptop,Electronics,East,1,3985.55,1065.86
2026-06-16,Monitor,Electronics,South,8,2368.83,659.97
2026-07-12,Mobile,Electronics,South,3,4160.69,803.29
2026-07-12,Tablet,Electronics,South,7,2113.77,359.79
2026-06-27,Mobile,Electronics,East,9,3539.32,684.37
2026-06-23,Speaker,Accessories,South,1,3541.19,788.88
2026-07-09,Printer,Office,North,1,4584.34,604.68
2026-06-14,Speaker,Accessories,West,10,4372.34,327.4
2026-06-13,Mobile,Electronics,East,2,1613.12,189.98
2026-07-05,Camera,Electronics,East,6,4316.31,1112.25
2026-06-12,Camera,Electronics,West,4,4204.42,309.14
2026-07-01,Keyboard,Accessories,North,4,4312.97,1051.2
2026-06-24,Keyboard,Accessories,South,3,1782.04,400.25
2026-06-16,Headphones,Accessories,West,10,1626.33,360.3
2026-07-02,Laptop,Electronics,East,9,2836.43,535.39
2026-07-02,Laptop,Electronics,West,3,3943.6,765.17
2026-07-03,Laptop,Electronics,South,9,4533.8,631.03
2026-06-16,Camera,Electronics,North,10,538.12,129.29
2026-07-01,Headphones,Accessories,East,2,3644.3,402.88
2026-06-20,Tablet,Electronics,East,1,1673.82,193.57
2026-06-27,Headphones,Accessories,South,2,1119.12,76.15
2026-06-18,Monitor,Electronics,North,2,3043.05,300.67
2026-06-19,Mouse,Accessories,West,6,1449.26,403.86
2026-06-16,Printer,Office,East,6,369.51,39.81
2026-06-14,Printer,Office,South,4,2605.04,184.46
2026-06-17,Camera,Electronics,North,3,2848.47,347.44
2026-06-23,Monitor,Electronics,East,7,4774.13,816.12
2026-07-05,Laptop,Electronics,South,7,1953.05,333.28
2026-06-18,Mobile,Electronics,South,7,4276.51,1009.56
2026-06-19,Mouse,Accessories,South,10,4427.56,294.7
2026-06-14,Printer,Office,South,9,106.51,22.52
2026-07-09,Laptop,Electronics,North,9,3727.27,890.24
2026-07-06,Mobile,Electronics,South,1,4102.85,480.3
2026-07-01,Mobile,Electronics,East,6,2976.18,478.96
2026-07-12,Headphones,Accessories,West,1,2492.3,697.17
2026-06-29,Mouse,Accessories,North,3,3208.72,419.32
2026-07-09,Keyboard,Accessories,East,6,2354.82,342.88
2026-07-02,Monitor,Electronics,South,1,4760.24,1366.03
2026-07-11,Mouse,Accessories,West,3,2838.44,788.83
2026-06-24,Mobile,Electronics,East,6,1148.93,281.64
2026-06-27,Mouse,Accessories,North,6,3916.42,586.51
2026-06-12,Camera,Electronics,West,9,4420.18,460.02
2026-06-13,Tablet,Electronics,North,3,2066.39,169.01
2026-06-20,Printer,Office,South,3,1935.26,106.86
2026-06-15,Keyboard,Accessories,East,6,4412.23,478.34
2026-06-12,Camera,Electronics,South,2,4257.94,534.77
2026-07-12,Headphones,Accessories,East,2,4334.75,1123.4
2026-07-10,Laptop,Electronics,South,7,3968.68,859.85
2026-06-13,Speaker,Accessories,East,1,4381.32,1057.79
2026-06-12,Laptop,Electronics,North,10,707.3,97.54
2026-06-19,Headphones,Accessories,West,6,3389.58,548.34
2026-06-18,Monitor,Electronics,East,4,2744.35,364.1
2026-06-28,Keyboard,Accessories,South,9,3526.62,840.94
2026-06-20,Printer,Office,East,1,4338.26,294.67
2026-07-06,Mobile,Electronics,East,3,1756.97,200.82
2026-07-03,Camera,Electronics,West,1,2463.24,189.59
2026-06-19,Mobile,Electronics,East,8,2742.76,171.94
2026-07-09,Monitor,Electronics,North,8,3473.89,843.6
2026-06-16,Mobile,Electronics,East,10,327.69,53.35
2026-06-13,Mobile,Electronics,West,9,3954.36,584.92
2026-06-30,Tablet,Electronics,West,2,1186.41,107.04
2026-06-17,Mobile,Electronics,North,7,3583.95,498.48
2026-06-15,Speaker,Accessories,South,2,685.08,63.0
2026-06-25,Keyboard,Accessories,North,5,3606.06,409.31
2026-06-20,Mobile,Electronics,North,3,4552.71,636.91
2026-06-19,Speaker,Accessories,South,7,2777.36,391.83
2026-06-23,Monitor,Electronics,North,3,1680.12,195.78
2026-06-27,Monitor,Electronics,East,10,2408.73,150.22
2026-06-23,Laptop,Electronics,North,5,1088.05,208.71
2026-06-20,Monitor,Electronics,South,6,3754.53,720.25
2026-06-24,Tablet,Electronics,East,7,613.76,150.61
2026-06-20,Keyboard,Accessories,West,3,4464.64,1224.94
2026-07-09,Laptop,Electronics,North,2,3500.1,542.47
2026-07-01,Keyboard,Accessories,North,3,700.39,195.4
2026-07-09,Printer,Office,South,4,2184.51,272.75
2026-06-14,Laptop,Electronics,West,7,1781.38,305.89
2026-06-12,Mobile,Electronics,West,7,3793.84,1051.52
2026-06-24,Tablet,Electronics,South,6,3375.91,209.23
2026-06-29,Mouse,Accessories,South,6,1754.61,408.97
2026-06-26,Printer,Office,East,1,4457.47,1214.12
2026-07-05,Laptop,Electronics,South,9,4404.87,349.33
2026-06-18,Camera,Electronics,South,3,2883.18,415.51
2026-06-30,Laptop,Electronics,South,10,2064.49,171.85
2026-06-16,Printer,Office,East,10,4296.38,1116.53
2026-06-15,Speaker,Accessories,West,9,438.85,115.89
2026-07-02,Tablet,Electronics,North,3,3896.88,535.08
2026-06-21,Tablet,Electronics,East,6,4418.45,993.78
2026-06-26,Monitor,Electronics,South,2,2850.68,374.47
2026-06-21,Tablet,Electronics,West,9,1828.67,119.02
2026-06-12,Camera,Electronics,West,10,3032.37,532.09
2026-07-06,Speaker,Accessories,North,5,4212.21,1205.04
2026-06-27,Keyboard,Accessories,South,10,1087.06,78.57
2026-07-10,Printer,Office,South,5,2664.63,648.33
2026-07-08,Camera,Electronics,East,10,712.96,47.23
2026-06-18,Mobile,Electronics,North,9,733.37,103.03
2026-07-10,Printer,Office,North,4,3219.73,382.33
2026-06-16,Laptop,Electronics,North,7,4428.99,438.37
2026-06-13,Mobile,Electronics,North,5,451.29,110.09
2026-06-23,Mobile,Electronics,North,5,3410.49,814.14
2026-06-21,Monitor,Electronics,North,8,2049.28,411.21
2026-07-06,Headphones,Accessories,East,7,3790.62,886.15
2026-06-15,Keyboard,Accessories,North,1,1049.84,218.14
2026-06-23,Printer,Office,East,9,1163.25,259.49
2026-06-21,Camera,Electronics,East,4,2520.8,340.15
2026-06-27,Laptop,Electronics,South,3,4746.89,1416.84
2026-06-23,Printer,Office,West,8,1298.14,294.36
2026-06-20,Keyboard,Accessories,South,2,2749.74,557.19
2026-07-06,Laptop,Electronics,South,9,2843.34,185.99
2026-07-07,Monitor,Electronics,North,2,2550.44,484.38
2026-07-04,Camera,Electronics,South,7,2027.48,580.24
2026-06-23,Speaker,Accessories,East,2,3333.6,640.82
2026-07-09,Camera,Electronics,East,4,3660.26,766.56
2026-06-22,Mobile,Electronics,North,6,426.92,105.05
2026-06-13,Printer,Office,East,8,3171.61,270.88
2026-07-04,Headphones,Accessories,East,9,4142.74,824.25
2026-06-23,Laptop,Electronics,East,1,4053.08,844.07
2026-06-15,Printer,Office,West,1,2881.3,783.2
2026-07-03,Tablet,Electronics,South,7,524.47,133.56
2026-06-17,Tablet,Electronics,North,10,2878.78,859.87
2026-06-28,Tablet,Electronics,West,5,2702.04,342.54
2026-06-20,Speaker,Accessories,North,1,459.15,59.64
2026-07-05,Monitor,Electronics,South,7,1987.09,286.9
2026-06-26,Camera,Electronics,North,4,2018.8,190.54
2026-06-17,Keyboard,Accessories,West,1,1551.95,270.6
2026-06-26,Speaker,Accessories,West,6,1066.59,148.98
2026-06-20,Monitor,Electronics,East,7,1220.97,287.71
2026-07-02,Printer,Office,West,10,458.6,75.76
2026-07-11,Mobile,Electronics,East,6,1015.73,229.01
2026-07-07,Camera,Electronics,North,7,4599.63,573.88
2026-07-07,Laptop,Electronics,South,7,1218.7,62.88
2026-06-13,Speaker,Accessories,South,7,3565.47,985.89
2026-06-19,Keyboard,Accessories,East,2,3628.18,654.61
2026-06-17,Headphones,Accessories,East,1,2979.49,412.9
2026-07-07,Keyboard,Accessories,East,9,3416.78,240.55
2026-06-14,Laptop,Electronics,East,3,834.23,123.15
2026-06-14,Tablet,Electronics,East,4,4286.52,310.14
2026-07-11,Tablet,Electronics,West,10,3748.85,924.08
2026-06-17,Printer,Office,East,2,1545.06,213.62
2026-07-09,Monitor,Electronics,West,2,3794.48,451.36
2026-06-20,Headphones,Accessories,South,3,605.82,56.03
2026-07-03,Tablet,Electronics,West,6,647.05,57.48
2026-06-19,Speaker,Accessories,North,4,4155.15,496.9
2026-06-15,Speaker,Accessories,West,2,3766.46,1073.93
2026-07-04,Mouse,Accessories,East,2,879.47,222.49
2026-06-12,Headphones,Accessories,North,9,4824.52,1116.52
2026-07-03,Speaker,Accessories,East,7,4625.77,1338.58
2026-06-19,Laptop,Electronics,West,9,1531.33,452.26
2026-06-25,Mouse,Accessories,North,10,3817.49,971.02
2026-06-14,Laptop,Electronics,East,10,759.2,212.75
2026-06-23,Headphones,Accessories,West,4,3095.76,313.19
2026-07-09,Camera,Electronics,East,10,2440.01,638.22
2026-07-11,Tablet,Electronics,West,3,2314.29,429.8
2026-07-02,Tablet,Electronics,North,1,2251.87,281.96
2026-06-14,Laptop,Electronics,East,8,3741.37,898.02
2026-07-02,Laptop,Electronics,South,5,736.58,196.84
2026-07-08,Camera,Electronics,West,9,685.86,57.6
2026-06-24,Mobile,Electronics,South,8,3146.86,243.65
2026-06-17,Headphones,Accessories,South,2,1314.8,205.73
2026-06-17,Tablet,Electronics,East,1,2605.95,752.76
2026-07-01,Tablet,Electronics,East,7,1635.64,230.96
2026-06-12,Printer,Office,South,4,1935.44,124.88
2026-06-21,Mobile,Electronics,North,4,2260.76,226.53
2026-06-20,Mouse,Accessories,East,3,3138.46,853.11
2026-06-29,Printer,Office,East,8,2053.66,359.89
2026-06-21,Headphones,Accessories,South,5,1171.92,156.48
2026-07-10,Keyboard,Accessories,West,8,2047.46,306.9
2026-07-01,Laptop,Electronics,South,5,1023.59,102.87
2026-06-26,Monitor,Electronics,South,4,2536.11,380.81
2026-06-21,Speaker,Accessories,East,9,2999.17,227.27
2026-06-26,Speaker,Accessories,South,3,3820.99,1143.13
2026-07-06,Speaker,Accessories,South,2,2391.89,230.52
2026-06-21,Headphones,Accessories,North,1,4577.73,354.11
2026-06-28,Mobile,Electronics,South,2,683.02,40.25
2026-06-22,Camera,Electronics,West,2,3559.07,609.31
2026-06-19,Printer,Office,South,7,152.56,24.33
2026-06-18,Mouse,Accessories,North,7,1882.44,178.56
2026-06-21,Monitor,Electronics,West,2,3331.63,627.4
2026-06-17,Mouse,Accessories,West,2,3463.42,891.7
2026-06-14,Camera,Electronics,West,6,2318.11,293.33
2026-06-26,Speaker,Accessories,East,8,3292.87,224.25
2026-06-20,Headphones,Accessories,West,6,2679.98,456.64
2026-07-02,Speaker,Accessories,South,4,3769.87,588.95
2026-07-11,Printer,Office,South,5,3870.91,356.31
2026-06-18,Speaker,Accessories,West,5,2634.77,664.31
2026-07-01,Mouse,Accessories,East,6,303.28,43.74
2026-06-25,Monitor,Electronics,North,5,4941.04,825.87
2026-07-12,Tablet,Electronics,North,8,222.73,23.07
2026-06-25,Laptop,Electronics,East,5,1595.87,266.4
2026-06-27,Keyboard,Accessories,South,1,3637.3,1002.19
2026-07-10,Laptop,Electronics,North,8,2763.36,267.94
2026-06-16,Mouse,Accessories,East,2,3353.79,195.68
2026-07-06,Camera,Electronics,West,10,3763.61,842.61
2026-06-16,Headphones,Accessories,South,7,1733.12,474.84
2026-06-16,Mobile,Electronics,North,9,4155.72,689.59
2026-06-23,Headphones,Accessories,West,5,2632.66,500.16
2026-07-04,Mobile,Electronics,East,3,901.01,123.83
2026-06-13,Printer,Office,North,3,3705.5,462.12
2026-06-23,Mouse,Accessories,East,9,2155.49,410.34
2026-06-19,Keyboard,Accessories,West,9,3812.02,613.0
2026-06-15,Camera,Electronics,South,3,3257.32,915.08
2026-07-08,Printer,Office,North,4,155.22,27.95
2026-06-22,Monitor,Electronics,West,4,3401.82,957.65
2026-06-25,Monitor,Electronics,West,5,4119.28,984.27
2026-06-25,Mobile,Electronics,South,8,523.44,132.33
2026-06-25,Speaker,Accessories,East,7,1557.06,140.55
2026-06-29,Laptop,Electronics,North,9,3228.48,819.64
2026-06-29,Monitor,Electronics,North,5,3320.93,754.23
2026-06-29,Keyboard,Accessories,South,8,4869.79,878.3
2026-06-29,Headphones,Accessories,North,4,251.94,14.44
2026-07-09,Laptop,Electronics,South,5,1005.03,174.66
2026-07-05,Monitor,Electronics,West,1,4391.19,1300.54
2026-06-18,Keyboard,Accessories,North,7,3316.18,341.61
2026-07-12,Headphones,Accessories,South,5,1136.83,209.28
2026-06-15,Laptop,Electronics,South,6,4772.88,657.16
2026-06-28,Keyboard,Accessories,South,3,2601.36,769.08
2026-06-22,Speaker,Accessories,North,4,4669.18,294.04
2026-07-10,Headphones,Accessories,South,9,204.44,15.48
2026-07-09,Tablet,Electronics,South,7,4539.38,597.4
2026-06-27,Laptop,Electronics,South,9,1481.36,388.8
2026-06-23,Printer,Office,East,6,753.23,187.04
2026-06-18,Mobile,Electronics,East,8,4357.02,882.66
2026-07-10,Speaker,Accessories,East,6,4451.89,282.23
2026-07-10,Mobile,Electronics,South,3,941.32,226.22
2026-06-29,Monitor,Electronics,North,5,2951.35,646.83
2026-07-12,Mouse,Accessories,West,6,4715.8,437.4
2026-07-05,Speaker,Accessories,East,9,4536.97,1118.09
2026-06-17,Headphones,Accessories,South,7,2126.84,594.08
2026-06-24,Laptop,Electronics,South,8,4406.8,1078.29
2026-06-17,Headphones,Accessories,South,1,508.81,113.37
2026-06-15,Laptop,Electronics,East,9,1004.75,290.85
2026-07-05,Tablet,Electronics,East,6,2294.93,187.09
2026-06-14,Speaker,Accessories,East,10,439.37,92.88
2026-06-30,Mobile,Electronics,West,9,449.19,117.98
2026-07-06,Tablet,Electronics,North,9,3998.98,897.88
2026-07-06,Mouse,Accessories,South,8,3319.14,815.49
2026-07-07,Mouse,Accessories,North,9,3307.85,457.26
2026-07-03,Keyboard,Accessories,West,9,2452.35,727.65
2026-06-19,Headphones,Accessories,South,9,4696.23,1322.86
2026-07-04,Camera,Electronics,East,10,3641.4,1045.81
2026-07-06,Laptop,Electronics,West,9,2842.68,397.5
2026-06-15,Laptop,Electronics,South,9,4853.88,1276.52
2026-06-19,Laptop,Electronics,West,10,4643.95,784.38
2026-06-17,Monitor,Electronics,East,2,1683.37,252.63
2026-06-27,Tablet,Electronics,North,1,1451.68,167.02
2026-06-17,Keyboard,Accessories,North,8,4833.7,293.47
2026-06-13,Tablet,Electronics,North,7,2288.45,661.38
2026-06-29,Mouse,Accessories,East,10,115.84,27.19
2026-06-13,Laptop,Electronics,West,6,2444.78,660.18
2026-07-05,Speaker,Accessories,South,3,2817.12,690.46
2026-07-11,Laptop,Electronics,South,10,2456.65,211.06
2026-06-23,Printer,Office,South,10,4402.52,1223.18
2026-06-29,Mouse,Accessories,East,3,4287.04,1053.48
2026-07-11,Camera,Electronics,North,2,3628.78,399.2
2026-06-20,Tablet,Electronics,East,10,3991.88,1001.65
2026-07-11,Printer,Office,West,5,1649.56,121.65
2026-07-12,Mouse,Accessories,South,4,468.84,80.23
2026-06-18,Monitor,Electronics,North,6,4080.49,370.76
2026-06-25,Tablet,Electronics,South,8,4694.6,535.83
2026-06-24,Tablet,Electronics,South,7,323.77,27.72
2026-07-06,Monitor,Electronics,East,6,3641.26,539.13
2026-06-15,Keyboard,Accessories,West,9,2086.91,238.01
2026-07-01,Headphones,Accessories,West,3,3054.49,225.05
2026-06-30,Printer,Office,North,6,2128.78,237.57
2026-07-03,Laptop,Electronics,East,7,3911.94,687.38
2026-07-11,Speaker,Accessories,East,6,4074.6,1098.25
2026-06-22,Printer,Office,South,6,2287.03,312.0
2026-06-17,Mouse,Accessories,South,3,1147.0,259.92
2026-07-06,Camera,Electronics,East,5,2642.1,317.27
2026-06-23,Headphones,Accessories,South,1,3225.26,215.51
2026-06-17,Monitor,Electronics,North,9,3411.3,295.57
2026-07-08,Mobile,Electronics,West,6,1908.62,532.85
2026-06-14,Printer,Office,East,9,1157.38,122.34
2026-07-12,Headphones,Accessories,North,10,919.59,192.54
2026-07-07,Mouse,Accessories,South,10,1901.67,354.93
2026-06-30,Printer,Office,South,2,2952.37,428.74
2026-07-09,Headphones,Accessories,East,7,4201.75,735.95
2026-07-12,Printer,Office,West,5,550.15,151.74
2026-07-11,Headphones,Accessories,South,5,1788.62,442.91
2026-07-11,Headphones,Accessories,East,4,4137.77,876.3
2026-06-20,Laptop,Electronics,North,2,3681.69,755.88
2026-07-10,Speaker,Accessories,West,7,1706.34,494.82
2026-06-24,Laptop,Electronics,East,4,2989.04,690.9
2026-07-03,Printer,Office,West,5,863.19,221.92
2026-07-09,Tablet,Electronics,East,8,1963.21,222.56
2026-06-13,Tablet,Electronics,West,8,2716.32,701.68
2026-07-09,Headphones,Accessories,West,2,2554.86,509.19
2026-06-14,Printer,Office,West,4,1420.53,182.01
2026-06-12,Printer,Office,North,10,274.23,58.56
2026-06-14,Keyboard,Accessories,East,9,922.24,195.79
2026-06-21,Keyboard,Accessories,South,9,2491.96,480.74
2026-06-29,Mouse,Accessories,West,7,4512.91,1240.4
2026-06-24,Laptop,Electronics,South,6,1330.85,162.97
2026-06-24,Camera,Electronics,West,8,3620.77,824.67
2026-06-17,Keyboard,Accessories,West,6,1423.72,124.34
2026-06-23,Tablet,Electronics,North,9,4294.82,900.15
2026-06-26,Keyboard,Accessories,South,5,2550.25,248.49
2026-07-08,Speaker,Accessories,North,2,199.76,35.16
2026-07-04,Speaker,Accessories,West,7,4658.09,597.26
2026-06-15,Monitor,Electronics,South,8,2155.76,206.0
2026-06-27,Camera,Electronics,West,7,4134.81,500.47
2026-06-29,Camera,Electronics,West,8,2354.16,691.2
2026-06-17,Headphones,Accessories,East,4,1605.96,314.6
2026-07-02,Speaker,Accessories,East,8,183.96,51.85
2026-07-11,Keyboard,Accessories,South,5,1823.17,232.88
2026-06-16,Keyboard,Accessories,South,8,3461.13,999.92
2026-06-12,Printer,Office,East,4,774.12,144.08
2026-06-28,Monitor,Electronics,South,7,4814.03,507.07
2026-07-10,Mouse,Accessories,South,2,3081.59,680.61
2026-06-27,Headphones,Accessories,West,1,2658.78,350.12
2026-06-25,Headphones,Accessories,West,6,2633.16,545.67
2026-06-17,Mouse,Accessories,West,7,801.73,46.55
2026-07-05,Camera,Electronics,West,8,3473.56,220.88
2026-07-01,Mobile,Electronics,West,1,221.47,54.1
2026-07-06,Monitor,Electronics,South,2,1503.74,362.17
2026-07-10,Mouse,Accessories,West,4,2155.05,175.44
2026-06-25,Camera,Electronics,South,2,4243.51,817.41
2026-06-27,Printer,Office,West,8,3337.21,808.09
2026-06-13,Tablet,Electronics,East,6,1514.46,127.76
2026-07-06,Headphones,Accessories,South,3,3901.11,436.8
2026-06-13,Keyboard,Accessories,West,3,4129.28,1064.35
2026-06-28,Keyboard,Accessories,West,2,2123.44,169.42
2026-06-13,Printer,Office,South,3,959.54,276.4
2026-06-24,Laptop,Electronics,East,5,1777.36,281.45
2026-06-30,Headphones,Accessories,South,4,3408.04,930.21
2026-07-04,Headphones,Accessories,South,4,414.11,120.73
2026-07-04,Headphones,Accessories,East,2,987.26,167.43
2026-07-06,Headphones,Accessories,North,10,3555.79,822.34
2026-07-09,Keyboard,Accessories,North,1,381.23,20.12
2026-06-12,Mobile,Electronics,West,8,3356.87,877.37
2026-06-13,Mobile,Electronics,North,1,3488.96,299.45
2026-06-26,Speaker,Accessories,North,8,2423.61,179.29
2026-06-22,Laptop,Electronics,North,7,4229.18,661.29
2026-07-03,Keyboard,Accessories,North,7,3352.61,339.09
2026-07-03,Tablet,Electronics,West,6,4651.43,1338.77
2026-07-03,Mobile,Electronics,South,8,3022.34,827.8
2026-06-15,Monitor,Electronics,West,10,1879.64,327.79
2026-07-11,Headphones,Accessories,North,1,617.34,36.3
2026-06-26,Tablet,Electronics,North,9,3697.72,884.91
2026-06-23,Laptop,Electronics,North,9,2166.86,154.33
2026-06-26,Mouse,Accessories,North,2,4171.08,1052.6
2026-06-26,Monitor,Electronics,North,8,154.52,39.29
2026-06-23,Speaker,Accessories,West,5,1696.18,414.44
2026-07-11,Keyboard,Accessories,East,10,2304.93,267.4
2026-07-06,Monitor,Electronics,North,10,490.5,134.89
2026-06-29,Mobile,Electronics,West,2,198.75,30.6
2026-06-16,Tablet,Electronics,South,9,1713.39,284.65
2026-07-10,Printer,Office,South,6,164.56,25.91
2026-06-17,Laptop,Electronics,East,10,3713.31,274.35
2026-06-23,Mobile,Electronics,West,10,1493.17,179.94
2026-06-22,Laptop,Electronics,South,8,3380.22,777.96
2026-07-01,Mobile,Electronics,West,5,4094.93,1145.38
2026-07-11,Camera,Electronics,South,10,4242.38,1146.07
2026-07-01,Laptop,Electronics,East,9,1239.35,215.99
2026-06-21,Monitor,Electronics,North,7,4864.93,1001.31
2026-06-23,Keyboard,Accessories,South,5,2698.82,756.42
2026-06-12,Laptop,Electronics,West,4,4061.22,508.92
2026-06-15,Laptop,Electronics,West,2,575.08,166.83
2026-07-04,Keyboard,Accessories,North,5,142.95,37.84
2026-06-23,Tablet,Electronics,East,5,2560.03,353.07
2026-06-13,Tablet,Electronics,North,4,3657.15,231.01
2026-06-24,Keyboard,Accessories,South,7,381.84,102.0
2026-07-02,Camera,Electronics,North,2,829.84,193.84
2026-07-05,Monitor,Electronics,North,7,3345.1,637.87
2026-06-15,Mouse,Accessories,North,1,2672.82,221.86
2026-06-25,Monitor,Electronics,South,7,3358.67,680.78
2026-06-17,Camera,Electronics,South,6,1762.07,401.71
2026-06-12,Monitor,Electronics,West,5,1381.69,300.27
2026-06-22,Laptop,Electronics,West,9,3879.04,522.61
2026-06-19,Tablet,Electronics,West,8,469.41,84.66
2026-07-08,Monitor,Electronics,West,10,4162.22,688.12
2026-06-30,Mobile,Electronics,West,8,4876.41,745.12
2026-06-29,Tablet,Electronics,North,1,1914.06,537.61
2026-07-01,Mouse,Accessories,East,9,3483.92,386.82
2026-06-27,Speaker,Accessories,West,4,2300.37,190.87
2026-06-16,Camera,Electronics,North,6,4905.77,1022.94
2026-06-15,Camera,Electronics,North,9,4247.34,768.39
2026-06-22,Camera,Electronics,South,2,1949.55,323.37
2026-07-07,Speaker,Accessories,South,10,1961.4,445.57
2026-06-18,Mouse,Accessories,North,1,4215.26,779.78
2026-07-06,Monitor,Electronics,West,2,3967.6,1134.24
2026-07-11,Keyboard,Accessories,East,7,279.63,20.52
2026-07-03,Printer,Office,East,8,1023.67,79.83
2026-07-02,Tablet,Electronics,South,4,1777.79,297.52
2026-07-09,Laptop,Electronics,West,10,139.58,38.49
2026-07-12,Tablet,Electronics,East,1,2941.04,852.52
2026-06-30,Keyboard,Accessories,East,10,1781.98,126.14
2026-07-04,Tablet,Electronics,North,9,407.14,92.43
2026-06-23,Speaker,Accessories,East,9,635.74,77.65
2026-07-05,Keyboard,Accessories,West,5,4652.69,1328.23
2026-06-21,Headphones,Accessories,West,2,1544.51,421.26
2026-06-17,Mobile,Electronics,West,2,4640.49,1056.02
2026-07-04,Printer,Office,North,7,780.78,162.93
2026-07-03,Keyboard,Accessories,South,1,998.78,284.22
2026-07-05,Camera,Electronics,South,1,2378.42,367.21
2026-06-24,Mouse,Accessories,South,9,2637.55,179.75
2026-06-29,Mouse,Accessories,South,7,2942.98,214.68
2026-07-05,Tablet,Electronics,East,2,2397.52,356.08
2026-06-22,Mouse,Accessories,South,4,4704.38,1102.32
2026-07-11,Printer,Office,West,8,936.06,164.94
2026-06-12,Tablet,Electronics,North,7,923.24,182.26
2026-06-19,Printer,Office,South,3,682.92,115.8
2026-06-23,Monitor,Electronics,South,5,2497.39,143.68
2026-06-24,Monitor,Electronics,South,9,3473.16,526.83
2026-07-08,Tablet,Electronics,North,3,2740.95,779.98
2026-06-18,Laptop,Electronics,East,9,4143.69,707.05
2026-06-24,Camera,Electronics,West,7,3572.79,395.47
2026-06-24,Printer,Office,West,9,1401.78,393.74
2026-07-06,Monitor,Electronics,West,8,812.2,207.68
2026-06-25,Camera,Electronics,North,2,1649.18,259.29
2026-06-29,Headphones,Accessories,West,9,3400.7,404.83
2026-06-30,Keyboard,Accessories,East,10,225.0,33.06
2026-07-06,Keyboard,Accessories,West,2,1408.75,308.96
2026-06-14,Headphones,Accessories,East,3,1405.31,95.66
2026-07-08,Camera,Electronics,West,8,388.42,63.64
2026-06-14,Camera,Electronics,South,9,2852.5,244.39
2026-07-05,Camera,Electronics,West,8,1972.53,134.85
2026-06-20,Monitor,Electronics,West,9,4488.16,1141.32
2026-06-25,Laptop,Electronics,North,1,3335.44,251.14
2026-07-04,Mouse,Accessories,South,7,2547.48,680.55
2026-07-03,Tablet,Electronics,West,2,3583.92,723.98
2026-06-25,Printer,Office,North,9,4574.4,581.32
2026-06-21,Tablet,Electronics,North,8,1368.62,106.69
2026-06-14,Keyboard,Accessories,East,9,1333.77,310.85
2026-07-05,Mobile,Electronics,East,8,3043.06,631.02
2026-06-12,Mobile,Electronics,North,10,1266.28,210.96
2026-06-25,Speaker,Accessories,West,7,4750.38,852.78
2026-06-13,Keyboard,Accessories,West,8,1518.53,412.92
2026-07-05,Camera,Electronics,West,5,808.38,178.38
2026-06-18,Printer,Office,North,2,1173.64,125.44
2026-06-27,Camera,Electronics,East,2,160.96,43.71
2026-06-27,Keyboard,Accessories,West,3,191.32,43.99
2026-06-25,Monitor,Electronics,North,6,4319.92,887.9
2026-06-23,Laptop,Electronics,West,5,4188.28,483.25
2026-07-08,Mobile,Electronics,West,9,2791.25,445.72
2026-06-25,Speaker,Accessories,South,1,384.26,79.78
2026-07-09,Laptop,Electronics,East,3,445.0,125.66
2026-06-18,Keyboard,Accessories,East,9,3700.43,722.82
2026-06-13,Tablet,Electronics,West,3,3534.99,448.19
2026-06-16,Speaker,Accessories,West,9,2440.07,271.9
2026-06-24,Printer,Office,East,2,505.13,113.08
2026-07-01,Mouse,Accessories,East,7,1766.92,138.15
2026-06-12,Mobile,Electronics,West,5,4611.9,292.76
2026-07-04,Keyboard,Accessories,South,1,2644.99,410.27
2026-06-30,Camera,Electronics,East,10,1278.2,152.57
2026-06-17,Speaker,Accessories,East,5,602.02,175.15
2026-06-28,Keyboard,Accessories,North,5,1880.37,311.14
2026-06-12,Mobile,Electronics,South,7,3566.58,515.95
2026-07-06,Mouse,Accessories,South,1,2299.13,138.42
2026-07-04,Tablet,Electronics,North,9,4451.05,1298.47
2026-07-04,Camera,Electronics,North,4,4501.66,1057.87
2026-07-07,Mouse,Accessories,West,8,3251.79,253.75
2026-06-27,Tablet,Electronics,South,9,4351.33,664.33
2026-06-15,Tablet,Electronics,West,10,567.29,121.43
2026-06-21,Keyboard,Accessories,East,8,2927.14,678.03
2026-06-29,Laptop,Electronics,West,6,2017.51,282.71
2026-06-14,Headphones,Accessories,West,6,450.3,99.52
2026-06-29,Headphones,Accessories,East,1,1132.12,263.32
2026-07-11,Speaker,Accessories,South,7,382.41,25.21
2026-07-01,Mouse,Accessories,East,7,4783.5,1054.34
2026-06-22,Speaker,Accessories,West,4,2431.3,570.98
2026-07-10,Tablet,Electronics,West,2,3401.15,682.72
2026-06-16,Mobile,Electronics,East,2,3978.31,263.8
2026-06-27,Printer,Office,North,1,3978.9,759.05
2026-07-09,Speaker,Accessories,East,4,2063.06,542.81
2026-07-06,Tablet,Electronics,North,5,3054.76,561.99
2026-06-16,Camera,Electronics,South,10,2495.71,554.65
2026-06-16,Speaker,Accessories,West,1,4481.41,243.26
2026-07-02,Speaker,Accessories,East,10,2616.17,520.56
2026-07-10,Tablet,Electronics,South,5,1335.01,312.86
2026-07-10,Camera,Electronics,North,3,1890.45,297.93
2026-07-06,Mouse,Accessories,North,10,900.28,215.82
2026-07-07,Printer,Office,South,4,872.81,187.52
2026-07-09,Headphones,Accessories,North,3,4779.54,1148.64
2026-06-15,Keyboard,Accessories,West,9,1733.47,258.77
2026-07-04,Mouse,Accessories,West,5,1198.29,175.74
2026-07-07,Monitor,Electronics,West,4,701.75,175.04
2026-07-02,Printer,Office,West,5,4489.34,952.89
2026-07-05,Mobile,Electronics,East,3,2794.48,324.31
2026-06-25,Keyboard,Accessories,West,9,3624.25,500.11
2026-07-12,Mouse,Accessories,West,3,495.87,56.75
2026-07-10,Mouse,Accessories,West,6,2197.33,118.37
2026-07-05,Monitor,Electronics,South,6,2050.64,387.22
2026-07-01,Monitor,Electronics,West,4,4560.68,1362.6
2026-06-12,Printer,Office,East,4,4008.1,406.08
2026-06-14,Headphones,Accessories,West,8,4008.49,535.22
2026-06-27,Mouse,Accessories,West,8,3741.31,297.23
2026-07-09,Mobile,Electronics,South,1,4559.08,1355.06
2026-07-05,Laptop,Electronics,East,4,1124.47,304.13
2026-07-05,Mouse,Accessories,South,1,626.8,76.83
2026-07-06,Headphones,Accessories,West,2,2860.18,739.94
2026-06-24,Printer,Office,West,4,2932.22,247.14
2026-07-07,Monitor,Electronics,North,1,4556.82,414.93
2026-06-29,Tablet,Electronics,East,5,4760.32,1027.49
2026-06-14,Camera,Electronics,South,8,738.31,192.22
2026-07-12,Laptop,Electronics,South,6,2140.33,632.71
2026-07-11,Camera,Electronics,East,3,4799.45,445.05
2026-06-20,Mouse,Accessories,South,6,3126.55,502.51
2026-06-16,Headphones,Accessories,South,2,2563.27,318.89
2026-06-12,Headphones,Accessories,North,7,1089.73,197.5
2026-07-03,Headphones,Accessories,East,9,884.11,158.21
2026-06-16,Keyboard,Accessories,West,7,948.01,282.58
2026-07-02,Headphones,Accessories,South,6,2238.86,452.48
2026-06-24,Tablet,Electronics,East,8,2692.05,755.4
2026-06-24,Keyboard,Accessories,South,6,1710.74,329.69
2026-06-22,Printer,Office,North,8,812.93,160.59
2026-07-12,Camera,Electronics,North,8,2106.69,201.59
2026-06-28,Keyboard,Accessories,South,6,2966.55,840.85
2026-07-01,Mouse,Accessories,South,3,2107.62,359.82
2026-06-14,Headphones,Accessories,North,9,1365.08,226.26
2026-06-22,Mouse,Accessories,West,1,333.38,29.42
2026-07-11,Monitor,Electronics,North,8,1760.05,230.3
2026-07-06,Tablet,Electronics,South,9,4425.73,715.76
2026-06-22,Headphones,Accessories,East,7,469.16,116.04
2026-07-05,Keyboard,Accessories,South,6,4118.79,800.07
2026-06-15,Headphones,Accessories,South,5,4807.58,1365.55
2026-06-17,Mouse,Accessories,South,1,3641.68,300.52
2026-06-24,Headphones,Accessories,East,5,624.06,142.41
2026-07-03,Tablet,Electronics,South,9,2245.2,594.61
2026-06-16,Printer,Office,South,2,387.59,47.61
2026-07-07,Headphones,Accessories,East,6,3130.66,633.86
2026-06-29,Tablet,Electronics,East,1,4146.93,1191.05
2026-06-30,Printer,Office,East,4,1179.74,283.58
2026-07-03,Monitor,Electronics,South,2,3917.46,312.33
2026-06-23,Printer,Office,West,10,917.63,270.46
2026-07-08,Monitor,Electronics,West,4,2241.49,537.85
2026-06-18,Mobile,Electronics,South,9,3906.92,960.15
2026-06-24,Camera,Electronics,East,2,2918.44,465.48
2026-07-01,Mobile,Electronics,West,7,2253.33,617.09
2026-07-08,Tablet,Electronics,West,10,278.28,33.53
2026-07-08,Keyboard,Accessories,North,3,2848.28,602.25
2026-07-07,Speaker,Accessories,West,1,2146.98,351.35
2026-07-12,Mobile,Electronics,West,10,3941.11,211.62
2026-07-08,Printer,Office,East,2,844.76,248.45
2026-07-01,Monitor,Electronics,East,6,3474.36,531.42
2026-06-27,Camera,Electronics,South,2,3944.04,1040.55
2026-06-18,Tablet,Electronics,South,10,1278.15,155.5
2026-07-12,Speaker,Accessories,North,4,3848.88,194.19
2026-06-20,Headphones,Accessories,East,5,3470.6,187.41
2026-06-26,Camera,Electronics,South,8,3103.61,857.97
2026-07-11,Printer,Office,North,6,3498.83,504.71
2026-06-22,Speaker,Accessories,North,10,4058.69,312.78
2026-06-16,Speaker,Accessories,South,3,4418.62,926.45
2026-07-02,Camera,Electronics,East,3,4257.53,617.29
2026-06-26,Tablet,Electronics,North,4,3995.39,871.48
2026-07-12,Tablet,Electronics,North,1,842.71,205.19
2026-07-01,Camera,Electronics,East,10,925.66,252.42
2026-06-15,Mobile,Electronics,West,8,4784.1,840.68
2026-07-11,Mobile,Electronics,North,3,758.59,158.69
2026-06-26,Monitor,Electronics,East,1,4119.28,785.3
2026-07-06,Printer,Office,South,10,4590.26,1029.57
2026-07-08,Monitor,Electronics,East,3,3995.77,491.99
2026-06-23,Mouse,Accessories,South,7,3792.9,912.35
2026-07-06,Camera,Electronics,North,5,718.42,57.17
2026-06-24,Tablet,Electronics,North,3,1794.25,335.83
2026-07-07,Speaker,Accessories,East,10,3371.49,224.1
2026-06-24,Keyboard,Accessories,East,6,2372.63,506.84
2026-06-15,Mouse,Accessories,West,6,3947.22,550.76
2026-06-21,Mouse,Accessories,South,6,3211.66,342.41
2026-07-03,Speaker,Accessories,North,5,1043.95,196.88
2026-07-12,Printer,Office,East,6,233.63,57.35
2026-06-19,Monitor,Electronics,West,1,3695.73,251.88
2026-06-29,Mouse,Accessories,South,5,2638.09,306.66
2026-07-03,Speaker,Accessories,West,8,2009.75,139.04
2026-06-28,Headphones,Accessories,East,3,1046.88,208.48
2026-06-26,Printer,Office,West,7,2897.09,161.31
2026-06-21,Monitor,Electronics,South,8,2695.6,390.96
2026-06-25,Monitor,Electronics,South,6,865.33,47.67
2026-06-16,Tablet,Electronics,South,6,1650.42,400.21
2026-06-16,Camera,Electronics,East,8,2341.3,468.54
2026-07-08,Laptop,Electronics,East,6,4856.84,1298.71
2026-06-15,Mouse,Accessories,West,6,2762.2,146.96
2026-07-11,Monitor,Electronics,West,6,152.53,31.95
2026-06-16,Speaker,Accessories,West,3,3400.24,209.01
2026-06-29,Headphones,Accessories,South,8,2556.56,249.98
2026-07-01,Camera,Electronics,West,4,880.95,66.81
2026-07-11,Mouse,Accessories,West,8,546.85,92.3
2026-06-28,Mouse,Accessories,West,3,3430.57,521.14
2026-06-18,Mobile,Electronics,West,7,807.57,64.51
2026-07-11,Mobile,Electronics,West,4,3980.12,740.31
2026-07-06,Mobile,Electronics,South,5,1076.62,140.1
2026-07-02,Headphones,Accessories,West,2,4251.6,579.46
2026-06-24,Printer,Office,South,10,4951.25,1115.86
2026-07-10,Speaker,Accessories,North,9,4287.75,370.55
2026-06-25,Keyboard,Accessories,North,9,2795.32,271.22
2026-06-30,Headphones,Accessories,North,8,873.88,133.09
2026-07-10,Mobile,Electronics,North,4,3121.06,182.16
2026-06-29,Keyboard,Accessories,North,6,2692.78,270.41
2026-06-13,Mouse,Accessories,East,5,544.2,51.89
2026-06-27,Keyboard,Accessories,West,8,2531.37,170.31
2026-06-16,Camera,Electronics,East,10,188.71,39.14
2026-06-13,Mouse,Accessories,West,10,238.75,20.37
2026-06-29,Tablet,Electronics,East,2,1185.16,300.04
2026-07-09,Laptop,Electronics,East,1,2205.89,328.32
2026-06-23,Printer,Office,South,8,1313.31,264.43
2026-07-06,Keyboard,Accessories,West,5,2060.79,166.71
2026-06-15,Mobile,Electronics,South,4,1606.29,105.42
2026-07-06,Tablet,Electronics,West,10,971.66,254.97
2026-07-09,Headphones,Accessories,West,1,1037.5,292.78
2026-06-14,Speaker,Accessories,East,8,2397.04,414.79
2026-07-09,Printer,Office,East,8,1063.47,155.97
2026-06-13,Camera,Electronics,West,8,1508.07,450.22
2026-06-30,Monitor,Electronics,East,10,307.84,55.38
2026-06-29,Headphones,Accessories,South,6,146.97,21.89
2026-07-12,Headphones,Accessories,South,4,2381.4,421.8
2026-06-12,Mobile,Electronics,South,10,4429.5,1067.59
2026-06-20,Mouse,Accessories,East,3,2166.78,208.44
2026-06-25,Laptop,Electronics,East,6,4989.08,1245.66
2026-06-22,Headphones,Accessories,South,9,4313.42,367.39
2026-06-17,Keyboard,Accessories,East,7,3481.5,1003.7
2026-07-05,Laptop,Electronics,South,7,2903.99,763.84
2026-07-09,Laptop,Electronics,East,5,3452.74,568.36
2026-07-10,Mobile,Electronics,East,8,4862.42,1339.05
2026-06-19,Mobile,Electronics,East,1,745.8,80.08
2026-06-28,Monitor,Electronics,West,7,1477.42,89.35
2026-06-20,Printer,Office,North,9,3438.57,476.4
2026-06-27,Keyboard,Accessories,South,1,4066.79,500.48
2026-06-14,Headphones,Accessories,East,6,4035.87,237.84
2026-06-18,Tablet,Electronics,North,8,4686.16,532.64
2026-06-26,Mouse,Accessories,South,1,3044.17,531.96
2026-06-21,Laptop,Electronics,West,1,2927.95,263.72
2026-06-30,Headphones,Accessories,West,6,320.21,40.95
2026-07-02,Tablet,Electronics,North,4,4132.51,482.99
2026-07-10,Mouse,Accessories,East,3,535.46,66.24
2026-07-05,Laptop,Electronics,North,3,542.51,93.26
2026-06-27,Monitor,Electronics,West,4,1232.26,140.76
2026-06-21,Tablet,Electronics,South,6,2010.62,530.11
2026-07-04,Laptop,Electronics,South,3,161.3,37.4
2026-06-26,Monitor,Electronics,West,9,2170.41,299.68
2026-06-27,Printer,Office,North,5,2420.83,655.27
2026-06-22,Keyboard,Accessories,East,3,3726.41,637.79
2026-06-16,Keyboard,Accessories,West,7,3666.21,859.74
2026-06-30,Monitor,Electronics,North,9,4382.82,1264.92
2026-07-02,Speaker,Accessories,South,9,2630.13,182.57
2026-07-07,Camera,Electronics,South,3,4759.6,1148.65
2026-07-02,Printer,Office,North,3,1825.13,460.61
2026-06-22,Speaker,Accessories,West,5,2230.63,639.45
2026-06-28,Mobile,Electronics,North,1,4839.73,1271.2
2026-06-14,Mouse,Accessories,North,2,2763.05,547.3
2026-07-03,Laptop,Electronics,South,3,3760.89,577.37
2026-07-04,Speaker,Accessories,South,4,3995.18,1121.29
2026-07-11,Monitor,Electronics,North,7,2219.63,139.15
2026-07-10,Mouse,Accessories,East,9,210.95,40.75
2026-07-07,Monitor,Electronics,North,4,4773.61,1286.13
2026-06-13,Headphones,Accessories,East,7,1979.19,201.55
2026-06-28,Keyboard,Accessories,North,3,500.58,130.78
2026-06-16,Laptop,Electronics,South,3,1709.79,437.52
2026-06-24,Speaker,Accessories,South,2,307.84,62.2
2026-06-19,Mobile,Electronics,North,5,2167.99,453.26
2026-07-08,Mobile,Electronics,East,4,4238.84,245.08
2026-07-05,Monitor,Electronics,North,1,4905.61,1368.89
2026-06-28,Printer,Office,West,6,2666.05,259.99
2026-06-20,Headphones,Accessories,East,9,647.87,191.8
2026-07-04,Printer,Office,North,1,3235.0,645.74
2026-06-24,Mouse,Accessories,South,5,3857.2,206.17
2026-07-05,Keyboard,Accessories,East,3,3200.2,364.35
2026-06-19,Tablet,Electronics,South,8,1203.26,249.7
2026-06-22,Headphones,Accessories,West,4,1642.89,221.93
2026-07-07,Keyboard,Accessories,North,1,3385.35,816.81
2026-06-21,Monitor,Electronics,West,1,2156.07,444.13
2026-07-10,Mobile,Electronics,East,7,243.18,35.22
2026-06-30,Speaker,Accessories,West,4,3152.17,576.12
2026-07-05,Printer,Office,South,7,1623.12,254.11
2026-06-17,Mobile,Electronics,North,2,4470.63,1035.05
2026-07-07,Mobile,Electronics,East,9,1273.33,235.45
2026-07-05,Speaker,Accessories,North,4,1861.49,457.02
2026-06-17,Keyboard,Accessories,South,9,4080.03,932.59
2026-06-16,Monitor,Electronics,South,2,4853.91,1340.05
2026-06-14,Printer,Office,East,6,3741.08,480.03
2026-06-22,Mouse,Accessories,East,7,2833.16,703.59
2026-07-04,Tablet,Electronics,West,5,119.58,21.37
2026-06-27,Monitor,Electronics,East,8,265.59,35.6
2026-07-02,Speaker,Accessories,South,9,3979.95,1005.34
2026-06-30,Printer,Office,West,7,978.68,111.52
2026-06-22,Camera,Electronics,South,2,3227.24,796.77
2026-06-12,Laptop,Electronics,South,10,1804.02,155.35
2026-06-27,Monitor,Electronics,North,9,4359.67,472.36
2026-07-06,Speaker,Accessories,South,8,2457.03,501.74
2026-07-10,Mobile,Electronics,East,4,2277.88,584.88
2026-06-24,Headphones,Accessories,West,5,1223.9,84.34
2026-06-15,Headphones,Accessories,West,8,2281.49,448.64
2026-07-03,Tablet,Electronics,South,5,2612.71,141.97
2026-06-15,Tablet,Electronics,North,8,4892.76,1452.88
2026-07-04,Printer,Office,South,1,4530.88,1267.68
2026-06-28,Mobile,Electronics,South,5,2563.66,233.84
2026-06-14,Laptop,Electronics,North,9,4656.95,498.42
2026-06-26,Headphones,Accessories,East,7,2403.93,163.99
2026-07-09,Tablet,Electronics,East,3,4764.91,776.27
2026-07-06,Printer,Office,East,5,3483.08,397.98
2026-06-13,Mobile,Electronics,West,9,4832.74,292.33
2026-06-30,Monitor,Electronics,West,10,4003.3,768.5
2026-06-20,Speaker,Accessories,South,5,1875.47,286.38
2026-07-12,Headphones,Accessories,West,6,4640.76,241.24
2026-06-21,Mouse,Accessories,West,9,1742.73,421.57
2026-07-12,Camera,Electronics,East,3,1018.39,107.88
2026-06-23,Camera,Electronics,North,2,2245.3,294.27
2026-07-09,Printer,Office,West,6,3332.42,839.15
2026-06-15,Mouse,Accessories,East,10,828.34,84.29
2026-06-19,Keyboard,Accessories,West,7,4035.89,710.75
2026-07-11,Printer,Office,North,2,3886.19,242.47
2026-06-19,Camera,Electronics,North,7,2830.48,365.16
2026-07-08,Mouse,Accessories,North,3,1645.98,304.76
2026-06-25,Mouse,Accessories,East,5,1224.38,266.71
2026-06-19,Camera,Electronics,West,6,4222.86,1236.53
2026-06-12,Monitor,Electronics,West,9,3061.95,458.59
2026-06-13,Tablet,Electronics,East,10,3525.6,932.59
2026-07-10,Printer,Office,South,3,3127.09,475.71
2026-06-26,Monitor,Electronics,South,7,865.36,223.54
2026-07-04,Monitor,Electronics,East,8,2635.65,278.94
2026-07-08,Tablet,Electronics,North,5,2012.32,519.64
2026-07-06,Camera,Electronics,North,6,3144.64,610.92
2026-06-12,Printer,Office,East,3,4232.95,317.07
2026-06-28,Speaker,Accessories,West,8,4189.59,427.09
2026-06-12,Tablet,Electronics,West,4,3006.63,658.19
2026-06-22,Keyboard,Accessories,East,3,2876.16,458.7
2026-06-27,Headphones,Accessories,South,9,2961.03,293.18
2026-06-13,Headphones,Accessories,North,9,4262.59,406.86
2026-06-18,Monitor,Electronics,West,7,2779.11,564.79
2026-06-20,Mobile,Electronics,South,7,3874.88,760.63
2026-06-20,Speaker,Accessories,West,2,3102.65,810.24
2026-07-03,Printer,Office,North,4,624.22,91.52
2026-07-09,Mobile,Electronics,West,9,2313.89,289.27
2026-07-03,Mouse,Accessories,East,8,1181.1,301.06
2026-07-09,Headphones,Accessories,South,1,155.39,26.34
2026-06-15,Laptop,Electronics,North,6,1331.0,350.74
2026-07-06,Printer,Office,South,5,1801.64,301.44
2026-06-28,Mobile,Electronics,East,6,2096.26,381.83
2026-06-19,Monitor,Electronics,West,5,4585.91,593.67
2026-07-05,Monitor,Electronics,South,9,2859.91,459.42
2026-06-13,Monitor,Electronics,North,8,3174.32,730.86
2026-06-19,Tablet,Electronics,South,5,3429.43,784.89
2026-06-23,Laptop,Electronics,North,10,1501.92,417.27
2026-07-04,Speaker,Accessories,West,4,2166.52,648.73
2026-07-03,Speaker,Accessories,South,4,1195.07,247.5
2026-06-14,Mouse,Accessories,East,3,1216.33,89.53
2026-07-07,Mouse,Accessories,West,10,1369.53,87.66
2026-06-14,Printer,Office,South,1,738.29,123.22
2026-07-11,Mobile,Electronics,South,3,3358.04,849.62
2026-07-05,Printer,Office,North,3,1975.46,267.43
2026-06-28,Printer,Office,West,1,3467.45,592.64
2026-06-30,Monitor,Electronics,North,9,2421.9,131.1
2026-06-18,Headphones,Accessories,South,5,3602.37,961.83
2026-07-09,Laptop,Electronics,North,4,3936.51,777.43
2026-07-08,Keyboard,Accessories,South,4,857.06,253.47
2026-06-27,Laptop,Electronics,West,3,4318.32,611.92
2026-06-25,Monitor,Electronics,East,1,3344.12,919.37
2026-07-01,Mouse,Accessories,East,9,3956.32,924.82
2026-06-24,Mouse,Accessories,West,9,4161.81,1153.43
2026-06-20,Headphones,Accessories,North,9,2341.64,337.28
2026-07-07,Printer,Office,South,5,3607.83,397.53
2026-06-23,Camera,Electronics,South,1,3202.08,783.82
2026-06-25,Keyboard,Accessories,West,7,939.1,248.75
2026-06-20,Mouse,Accessories,East,9,4286.48,798.76
2026-07-04,Mobile,Electronics,West,1,3420.31,719.61
2026-07-01,Laptop,Electronics,West,6,3550.91,586.69
2026-07-10,Laptop,Electronics,East,7,2378.42,501.38
2026-06-14,Camera,Electronics,West,1,1220.27,114.54
2026-06-15,Mouse,Accessories,South,6,2894.58,212.39
2026-06-18,Monitor,Electronics,South,6,487.27,59.25
2026-06-20,Printer,Office,West,8,161.3,25.31
2026-06-15,Keyboard,Accessories,North,9,4964.69,1321.43
2026-07-08,Headphones,Accessories,South,2,279.23,15.11
2026-06-19,Monitor,Electronics,South,3,2690.76,730.13
2026-06-17,Camera,Electronics,West,8,577.86,60.41
2026-06-12,Headphones,Accessories,North,3,1390.44,272.73
2026-06-21,Headphones,Accessories,South,3,917.02,60.17
2026-06-22,Laptop,Electronics,East,2,2205.99,174.97
2026-06-19,Monitor,Electronics,North,6,805.46,112.01
2026-06-15,Speaker,Accessories,North,10,1058.39,114.09
2026-06-20,Headphones,Accessories,North,1,4151.38,381.0
2026-06-13,Keyboard,Accessories,South,8,1941.92,449.86
2026-07-12,Speaker,Accessories,West,1,4208.58,1223.95
2026-06-19,Camera,Electronics,South,3,1482.8,383.39
2026-06-13,Mouse,Accessories,West,1,4166.48,892.32
2026-07-11,Monitor,Electronics,South,9,4851.96,433.85
2026-06-15,Monitor,Electronics,South,7,4940.32,1077.23
2026-06-23,Laptop,Electronics,West,1,130.95,29.59
2026-07-07,Headphones,Accessories,East,2,4234.9,388.53
2026-06-19,Camera,Electronics,West,8,1821.96,486.28
2026-06-14,Tablet,Electronics,South,3,3622.78,807.09
2026-06-15,Tablet,Electronics,North,6,3362.61,349.42
2026-07-04,Mouse,Accessories,West,7,544.82,93.23
2026-06-22,Tablet,Electronics,West,7,1731.91,448.12
2026-06-14,Monitor,Electronics,South,7,960.23,103.64
2026-06-22,Mouse,Accessories,West,3,2892.3,828.7
2026-06-12,Tablet,Electronics,East,1,2687.6,480.07
2026-06-28,Keyboard,Accessories,South,6,3624.17,460.41
2026-07-05,Laptop,Electronics,North,3,4018.15,212.43
2026-06-30,Mouse,Accessories,West,4,877.74,170.8
2026-07-01,Keyboard,Accessories,East,7,2166.68,376.7
2026-06-19,Tablet,Electronics,West,1,4903.38,922.96
2026-06-28,Keyboard,Accessories,South,3,991.47,228.46
2026-07-03,Mouse,Accessories,West,6,3507.75,742.09
2026-06-18,Keyboard,Accessories,North,8,3092.83,193.19
2026-06-22,Monitor,Electronics,East,2,2581.14,453.94
2026-06-19,Speaker,Accessories,West,2,4807.49,943.22
2026-07-08,Headphones,Accessories,South,7,3267.66,773.48
2026-06-26,Speaker,Accessories,South,5,2180.08,521.98
2026-07-06,Laptop,Electronics,South,8,3023.28,210.41
2026-06-30,Printer,Office,West,2,3240.83,542.59
2026-06-13,Mobile,Electronics,South,6,2010.85,291.19
2026-06-23,Mouse,Accessories,North,7,3213.67,683.39
2026-06-30,Keyboard,Accessories,East,1,2482.23,683.07
2026-07-12,Tablet,Electronics,East,9,1663.34,386.13
2026-07-12,Speaker,Accessories,South,7,3059.74,839.75
2026-07-04,Tablet,Electronics,South,1,4125.72,277.86
2026-06-28,Speaker,Accessories,West,6,542.06,101.1
2026-06-12,Printer,Office,East,4,123.56,16.62
2026-06-29,Printer,Office,West,3,2303.99,375.81
2026-06-17,Mouse,Accessories,South,10,2601.31,503.82
2026-07-02,Keyboard,Accessories,South,2,3502.06,389.77
2026-07-05,Keyboard,Accessories,West,3,4742.0,858.06
2026-06-19,Mouse,Accessories,North,8,2976.98,273.64
2026-07-11,Monitor,Electronics,South,9,2547.26,721.93
2026-06-18,Headphones,Accessories,North,7,1870.0,492.44
2026-07-09,Keyboard,Accessories,West,10,334.35,19.3
2026-06-25,Monitor,Electronics,East,8,4315.61,595.74
2026-07-05,Headphones,Accessories,South,2,2562.91,278.79
2026-06-15,Tablet,Electronics,South,2,3391.15,338.25
2026-06-22,Keyboard,Accessories,South,1,2162.09,290.93
2026-07-01,Printer,Office,East,2,4433.35,555.83
2026-06-23,Printer,Office,South,10,3631.1,362.92
2026-06-16,Printer,Office,East,7,2031.56,469.87
2026-06-27,Headphones,Accessories,North,8,1331.51,386.08
2026-06-27,Speaker,Accessories,East,5,1377.89,332.2
2026-07-11,Mobile,Electronics,South,6,705.22,188.21
2026-07-02,Speaker,Accessories,South,6,2343.4,255.45
2026-06-19,Mouse,Accessories,South,3,4875.9,1332.64
2026-06-13,Monitor,Electronics,South,3,4923.54,874.12
2026-07-11,Laptop,Electronics,East,5,3287.51,913.7
2026-06-22,Headphones,Accessories,West,7,1585.75,151.75
2026-06-23,Headphones,Accessories,North,2,349.46,42.69
2026-07-08,Printer,Office,South,6,1116.86,258.25
2026-07-02,Printer,Office,West,9,4612.7,672.04
2026-06-12,Speaker,Accessories,East,3,1080.94,311.7
2026-07-03,Keyboard,Accessories,East,10,4021.76,1154.81
2026-06-29,Headphones,Accessories,West,9,3144.71,827.72
2026-06-25,Camera,Electronics,North,7,2136.52,418.3
2026-06-12,Keyboard,Accessories,North,6,969.38,268.79
2026-07-10,Keyboard,Accessories,West,2,1807.66,522.16
2026-06-17,Tablet,Electronics,West,4,4603.35,438.32
2026-06-13,Mouse,Accessories,East,9,4078.69,871.13
2026-07-07,Speaker,Accessories,West,5,2511.28,255.76
2026-06-23,Headphones,Accessories,West,7,1158.09,272.05
2026-06-23,Headphones,Accessories,North,3,2669.76,256.71
2026-07-09,Headphones,Accessories,West,6,3398.48,587.85
2026-06-20,Mouse,Accessories,North,9,4131.4,363.82
2026-07-10,Camera,Electronics,West,4,2870.34,777.4
2026-07-11,Monitor,Electronics,East,5,1108.57,191.96
2026-06-22,Laptop,Electronics,West,5,4284.27,393.63
2026-06-22,Mobile,Electronics,East,1,4397.02,1005.62
2026-06-26,Speaker,Accessories,East,4,4574.54,735.86
2026-06-12,Camera,Electronics,East,5,2224.35,499.26
2026-06-30,Tablet,Electronics,South,6,3832.52,1025.72
2026-06-24,Keyboard,Accessories,East,6,3525.65,501.62
2026-07-11,Laptop,Electronics,East,6,3456.34,489.54
2026-06-14,Headphones,Accessories,West,10,998.36,277.57
2026-07-09,Mouse,Accessories,West,4,3111.11,210.24
2026-07-04,Monitor,Electronics,East,6,4180.72,578.24
2026-07-12,Camera,Electronics,East,10,3793.3,380.95
2026-06-17,Laptop,Electronics,East,5,296.37,46.72
2026-07-08,Tablet,Electronics,East,5,627.72,53.57
2026-06-18,Headphones,Accessories,North,5,4045.34,1203.93
2026-06-15,Keyboard,Accessories,West,3,664.21,166.01
2026-06-21,Printer,Office,North,7,2936.99,591.83
2026-07-03,Mobile,Electronics,East,8,207.8,51.0
2026-06-27,Monitor,Electronics,East,2,4516.47,1069.5
2026-06-23,Monitor,Electronics,East,1,4236.2,370.59
2026-07-02,Printer,Office,South,3,114.21,13.57
2026-06-13,Monitor,Electronics,South,8,1799.27,208.29
2026-07-11,Tablet,Electronics,North,1,304.64,65.77
2026-06-17,Monitor,Electronics,South,5,146.38,38.43
2026-06-30,Camera,Electronics,West,5,168.55,35.82
2026-07-03,Tablet,Electronics,South,5,3104.26,645.3
2026-07-10,Speaker,Accessories,West,1,3180.68,819.66
2026-07-06,Headphones,Accessories,West,9,878.14,144.52
2026-06-25,Headphones,Accessories,North,2,1583.45,298.44
2026-07-06,Tablet,Electronics,North,1,2699.47,429.29
2026-07-04,Printer,Office,North,2,267.22,43.8
2026-06-20,Speaker,Accessories,East,3,4339.13,1050.86
2026-07-06,Printer,Office,North,8,4492.67,473.89
2026-06-25,Camera,Electronics,East,2,1175.81,68.55
2026-06-30,Speaker,Accessories,East,4,287.71,78.86
2026-06-20,Monitor,Electronics,East,8,709.15,76.92
2026-07-11,Monitor,Electronics,North,6,219.73,18.44
2026-07-02,Laptop,Electronics,East,10,1538.4,121.82
2026-06-30,Keyboard,Accessories,East,10,817.55,227.64
2026-07-09,Laptop,Electronics,West,1,2234.98,560.87
2026-07-09,Speaker,Accessories,South,9,4869.74,733.08
2026-07-05,Printer,Office,South,10,3778.35,526.86
2026-07-08,Tablet,Electronics,North,9,3455.08,770.18
2026-06-30,Mobile,Electronics,East,7,1780.51,399.55
2026-07-05,Tablet,Electronics,West,2,4913.28,1450.11
2026-06-15,Monitor,Electronics,South,8,898.27,47.42
2026-07-07,Keyboard,Accessories,South,6,2118.82,189.83
2026-06-12,Mobile,Electronics,East,2,391.7,84.19
2026-06-19,Headphones,Accessories,North,10,3098.95,683.79
2026-07-11,Tablet,Electronics,South,8,156.07,36.56
2026-07-03,Camera,Electronics,East,8,4655.01,461.35
2026-06-23,Printer,Office,East,5,2107.71,456.65
2026-06-25,Tablet,Electronics,North,6,1723.41,453.07
2026-07-02,Headphones,Accessories,West,7,2118.97,390.09
2026-07-11,Tablet,Electronics,East,6,4923.05,949.29
2026-06-28,Speaker,Accessories,East,3,1037.02,122.93
2026-06-29,Keyboard,Accessories,East,3,1856.93,526.42
2026-06-22,Mobile,Electronics,West,4,3342.2,217.62
2026-07-04,Headphones,Accessories,North,3,3488.05,876.3
2026-06-20,Keyboard,Accessories,West,3,2568.0,373.87
2026-06-13,Printer,Office,West,6,4627.51,954.3
2026-07-06,Laptop,Electronics,West,7,901.05,78.13
2026-06-27,Headphones,Accessories,West,4,1585.14,119.48
2026-06-24,Mobile,Electronics,South,8,689.58,202.75
2026-06-12,Mobile,Electronics,North,4,1478.72,229.46
2026-07-05,Laptop,Electronics,North,6,4415.91,669.97
2026-06-17,Monitor,Electronics,East,5,2017.34,503.77
2026-06-13,Printer,Office,East,9,769.89,211.75
2026-07-07,Camera,Electronics,West,4,1670.59,128.98
2026-06-16,Mouse,Accessories,East,2,3443.02,599.88
2026-06-18,Printer,Office,South,10,4502.24,932.5
2026-07-02,Printer,Office,East,10,166.44,9.63
2026-06-22,Laptop,Electronics,West,4,857.39,83.58
2026-06-29,Keyboard,Accessories,North,10,3772.82,614.03
2026-06-25,Speaker,Accessories,West,2,3612.79,410.99
2026-06-20,Tablet,Electronics,North,3,747.92,173.47
2026-07-03,Mouse,Accessories,West,1,2217.2,428.75
2026-06-20,Monitor,Electronics,North,8,829.57,232.76
2026-06-29,Headphones,Accessories,East,8,3577.99,566.43
2026-07-03,Monitor,Electronics,South,8,2673.0,563.88
2026-06-14,Printer,Office,South,1,1168.57,293.84
2026-06-14,Mobile,Electronics,North,6,1776.6,238.97
2026-06-21,Speaker,Accessories,East,1,1023.07,160.54
2026-06-20,Speaker,Accessories,North,7,4322.11,398.89
2026-06-24,Speaker,Accessories,North,3,813.4,46.45
2026-06-19,Mouse,Accessories,East,1,4389.59,1070.97
2026-06-14,Camera,Electronics,East,2,347.11,41.31
2026-06-20,Keyboard,Accessories,East,7,722.89,44.01
2026-07-12,Mobile,Electronics,East,6,2016.12,179.88
2026-06-22,Monitor,Electronics,South,7,3067.05,448.08
2026-06-21,Printer,Office,East,1,3438.21,510.21
2026-06-27,Monitor,Electronics,North,2,4935.16,1076.16
2026-07-09,Mobile,Electronics,West,3,4939.74,1164.4
2026-06-24,Keyboard,Accessories,North,6,4883.69,254.25
2026-06-20,Tablet,Electronics,South,4,2018.86,562.25
2026-06-23,Monitor,Electronics,West,10,2621.45,340.06
2026-07-06,Speaker,Accessories,West,6,4478.56,379.72
2026-06-26,Camera,Electronics,West,1,770.69,194.13
2026-06-24,Headphones,Accessories,South,10,4099.98,288.77
2026-06-25,Monitor,Electronics,North,3,2104.03,339.31
2026-06-20,Monitor,Electronics,South,3,4261.48,1086.98
2026-07-06,Mobile,Electronics,East,9,357.09,36.87
2026-06-18,Monitor,Electronics,North,3,1973.79,592.02
2026-06-30,Mouse,Accessories,East,10,487.23,136.55
2026-06-21,Mouse,Accessories,East,1,3642.1,284.06
2026-07-10,Speaker,Accessories,South,9,3872.44,318.44
2026-06-20,Mobile,Electronics,West,6,1941.7,341.85
2026-06-27,Speaker,Accessories,North,6,1815.45,353.23
2026-07-01,Keyboard,Accessories,North,4,554.71,110.84
2026-07-10,Monitor,Electronics,West,9,1937.55,559.2
2026-06-29,Laptop,Electronics,North,7,1197.59,230.57
2026-06-16,Tablet,Electronics,West,6,515.12,108.67
2026-07-10,Mobile,Electronics,East,4,1261.81,171.08
2026-07-12,Keyboard,Accessories,North,2,1439.93,360.32
2026-06-14,Tablet,Electronics,South,3,3223.49,851.06
2026-06-20,Keyboard,Accessories,South,1,2391.28,373.91
2026-06-30,Speaker,Accessories,South,4,2426.08,288.29
2026-06-29,Headphones,Accessories,North,6,1652.7,231.11
2026-06-24,Mouse,Accessories,South,1,1491.54,180.2
2026-07-09,Mouse,Accessories,East,10,787.0,59.04
2026-06-30,Laptop,Electronics,North,6,443.66,61.37
2026-06-15,Printer,Office,South,8,1954.32,199.0
2026-07-06,Monitor,Electronics,North,10,4465.36,286.93
2026-06-12,Keyboard,Accessories,East,7,963.84,255.74
2026-07-01,Tablet,Electronics,North,6,977.91,172.33
2026-06-21,Laptop,Electronics,South,9,3528.34,957.05
2026-07-08,Tablet,Electronics,North,10,1008.77,75.71
2026-07-11,Monitor,Electronics,West,7,2668.91,439.16
2026-06-23,Mouse,Accessories,West,7,283.07,38.56
2026-06-12,Tablet,Electronics,North,6,889.47,142.09
2026-06-30,Headphones,Accessories,East,9,4107.31,255.37
2026-06-16,Speaker,Accessories,South,6,610.46,69.1
2026-06-20,Monitor,Electronics,West,2,3999.07,842.94
2026-06-13,Speaker,Accessories,East,3,1981.99,177.7
2026-07-08,Printer,Office,South,8,350.69,51.85
2026-06-19,Monitor,Electronics,South,1,4690.0,1258.63
2026-06-12,Mobile,Electronics,South,5,4532.66,521.37
2026-06-24,Laptop,Electronics,East,10,4982.69,1301.73
2026-07-11,Speaker,Accessories,South,1,3166.49,506.65
2026-07-12,Laptop,Electronics,North,4,3715.89,224.87
2026-07-09,Speaker,Accessories,South,1,1525.15,97.48
2026-07-12,Printer,Office,South,1,271.35,67.14
2026-07-09,Laptop,Electronics,West,6,1087.3,195.52
2026-06-29,Printer,Office,East,2,2244.7,488.24
2026-06-22,Tablet,Electronics,South,3,2120.59,340.31
2026-06-15,Speaker,Accessories,South,3,1737.5,410.66
2026-06-17,Tablet,Electronics,North,5,4518.81,231.56
2026-06-23,Laptop,Electronics,South,8,4990.91,1142.51
2026-06-15,Printer,Office,North,5,664.99,125.81
2026-07-11,Mobile,Electronics,North,4,4647.6,920.8
2026-06-28,Monitor,Electronics,West,6,2728.45,784.39
2026-06-17,Headphones,Accessories,West,4,1147.41,132.93
2026-06-19,Monitor,Electronics,West,7,2347.2,466.76
2026-06-22,Laptop,Electronics,South,7,3728.3,732.07
2026-06-24,Printer,Office,South,3,2461.51,423.66
2026-07-11,Mouse,Accessories,West,1,4578.28,1032.52
2026-06-12,Mouse,Accessories,West,4,2683.44,692.42
2026-06-29,Laptop,Electronics,South,7,3903.34,1159.69
2026-06-26,Speaker,Accessories,South,10,4256.27,266.46
2026-07-03,Speaker,Accessories,North,7,2120.03,465.68
2026-06-16,Tablet,Electronics,West,8,2654.03,136.2
2026-06-21,Tablet,Electronics,East,2,3906.04,529.83
2026-06-23,Laptop,Electronics,East,10,4771.68,811.11
2026-07-03,Keyboard,Accessories,North,2,963.51,79.95
2026-06-27,Mouse,Accessories,West,5,3401.0,759.51
2026-06-24,Headphones,Accessories,East,9,1639.05,182.49
2026-07-08,Keyboard,Accessories,East,9,887.9,125.0
2026-06-14,Keyboard,Accessories,East,4,898.02,115.41
2026-06-14,Mouse,Accessories,South,7,822.64,64.27
2026-06-30,Monitor,Electronics,West,1,4376.52,246.27
2026-07-12,Speaker,Accessories,North,8,1362.95,148.36
2026-06-25,Monitor,Electronics,West,3,2845.77,843.46
2026-06-23,Mouse,Accessories,East,9,1061.19,104.01
2026-07-10,Printer,Office,South,5,952.1,258.65
2026-06-22,Mobile,Electronics,West,7,1258.01,228.12
2026-07-06,Mobile,Electronics,North,7,932.0,217.36
2026-07-01,Mobile,Electronics,North,3,4953.23,870.98
2026-06-28,Mouse,Accessories,South,5,636.32,190.02
2026-06-21,Speaker,Accessories,East,3,3863.36,508.55
2026-06-23,Printer,Office,North,5,2692.91,590.77
2026-07-01,Keyboard,Accessories,East,5,4377.32,617.86
2026-07-11,Mobile,Electronics,North,8,4265.82,1014.33
2026-06-21,Printer,Office,West,4,3139.03,665.71
2026-06-12,Keyboard,Accessories,North,10,1565.57,392.11
2026-07-06,Laptop,Electronics,West,7,3838.0,976.33
2026-07-05,Mobile,Electronics,North,8,2996.36,263.58
2026-07-05,Speaker,Accessories,West,7,3464.01,463.75
2026-07-12,Keyboard,Accessories,North,8,994.65,105.98
2026-07-11,Mobile,Electronics,South,7,4278.44,674.29
2026-06-28,Mouse,Accessories,South,6,1483.63,169.85
2026-07-09,Printer,Office,West,8,4784.28,766.14
2026-06-15,Monitor,Electronics,West,3,3918.19,379.69
2026-07-02,Printer,Office,West,4,1410.62,239.12
2026-06-24,Monitor,Electronics,North,10,1013.16,220.78
2026-07-05,Monitor,Electronics,East,9,4982.65,1209.74
2026-07-09,Speaker,Accessories,North,3,270.05,20.1
2026-06-30,Mouse,Accessories,North,3,3069.25,649.61
2026-06-17,Monitor,Electronics,West,9,3603.87,291.26
2026-07-04,Printer,Office,North,5,4430.79,1015.74
2026-06-22,Monitor,Electronics,East,8,1773.41,247.05
2026-06-28,Headphones,Accessories,South,2,3181.33,175.45
2026-07-02,Mouse,Accessories,West,6,2697.87,347.78
2026-06-22,Tablet,Electronics,North,6,3954.29,730.62
2026-07-05,Tablet,Electronics,West,1,234.87,23.63
2026-07-05,Speaker,Accessories,South,10,324.95,27.4
2026-06-16,Keyboard,Accessories,North,1,3444.07,223.28
2026-06-18,Printer,Office,South,1,114.77,15.08
2026-06-24,Monitor,Electronics,West,3,1450.67,337.8
2026-07-06,Laptop,Electronics,West,7,4413.3,1207.84
2026-07-12,Laptop,Electronics,North,9,712.23,49.4
2026-06-13,Keyboard,Accessories,East,2,275.54,54.91
2026-06-27,Mouse,Accessories,North,9,3453.5,861.04
2026-07-08,Speaker,Accessories,South,7,382.03,109.19
2026-07-12,Printer,Office,East,10,4122.13,325.39
2026-06-20,Tablet,Electronics,North,6,1512.88,190.92
2026-06-15,Tablet,Electronics,West,2,3793.6,852.58
2026-07-10,Keyboard,Accessories,West,9,3039.84,674.82
2026-07-03,Headphones,Accessories,South,2,4301.19,432.72
2026-07-06,Tablet,Electronics,South,10,2472.14,705.99
2026-06-21,Speaker,Accessories,East,2,3269.3,892.93
2026-06-15,Camera,Electronics,South,9,1828.25,146.87
2026-06-12,Keyboard,Accessories,South,7,4007.41,1041.15
2026-06-26,Mobile,Electronics,West,8,1292.08,122.09
2026-06-13,Monitor,Electronics,South,5,2147.22,215.53
2026-06-20,Keyboard,Accessories,West,10,1235.62,346.98
2026-06-17,Laptop,Electronics,East,3,1912.19,554.62
2026-06-14,Keyboard,Accessories,North,9,2964.52,770.25
2026-07-07,Keyboard,Accessories,South,1,1774.19,161.41
2026-06-24,Mobile,Electronics,South,7,4496.41,459.18
2026-06-19,Mouse,Accessories,North,2,639.31,175.81
2026-07-02,Mouse,Accessories,North,2,4897.6,1017.07
2026-06-26,Mouse,Accessories,North,8,2481.8,606.95
2026-06-29,Laptop,Electronics,North,5,2127.33,583.51
2026-07-02,Speaker,Accessories,North,2,1828.62,481.45
2026-07-07,Mouse,Accessories,West,10,4919.21,1186.12
2026-06-23,Printer,Office,South,6,313.71,72.34
2026-06-16,Tablet,Electronics,South,1,1226.95,131.62
2026-06-13,Laptop,Electronics,North,5,4840.88,1333.81
2026-06-21,Laptop,Electronics,South,7,1530.24,201.98
2026-07-04,Speaker,Accessories,West,4,1011.36,140.69
2026-07-03,Monitor,Electronics,East,9,3019.28,225.52
2026-07-09,Tablet,Electronics,East,2,1046.3,151.54
2026-06-21,Speaker,Accessories,East,7,3212.0,342.4
2026-06-20,Mobile,Electronics,West,2,2038.26,528.73
2026-06-29,Camera,Electronics,West,5,695.22,77.01
2026-06-13,Speaker,Accessories,North,3,2411.15,568.29
2026-07-11,Keyboard,Accessories,West,8,463.38,128.84
2026-06-24,Keyboard,Accessories,West,7,2414.46,420.14
2026-06-29,Mouse,Accessories,South,4,4189.71,583.47
2026-07-01,Headphones,Accessories,North,3,152.57,27.58
2026-06-28,Keyboard,Accessories,North,4,1888.13,115.75
2026-06-21,Monitor,Electronics,West,1,1239.27,308.02
2026-06-12,Mobile,Electronics,West,2,298.6,45.77
2026-07-12,Camera,Electronics,East,9,4564.55,303.18
2026-06-21,Printer,Office,North,10,962.95,264.86
2026-06-12,Mouse,Accessories,North,10,2334.33,359.99
2026-06-16,Camera,Electronics,South,4,4929.26,525.79
2026-06-19,Camera,Electronics,South,2,1294.99,289.85
2026-06-15,Tablet,Electronics,North,10,2358.4,271.18
2026-06-21,Keyboard,Accessories,South,8,102.29,8.09
2026-07-04,Mobile,Electronics,West,10,1055.62,121.56
2026-06-15,Keyboard,Accessories,North,7,4269.29,494.52
2026-06-15,Headphones,Accessories,South,6,3749.55,546.54
2026-06-28,Monitor,Electronics,South,3,3509.96,983.81
2026-06-30,Mobile,Electronics,East,2,1630.99,450.94
2026-06-18,Laptop,Electronics,East,4,2822.87,234.05
2026-07-09,Laptop,Electronics,North,2,2022.89,324.16
2026-07-10,Mouse,Accessories,North,10,4449.17,260.91
2026-06-13,Printer,Office,North,10,2997.51,289.81
2026-06-19,Mobile,Electronics,East,3,773.25,143.33
2026-06-21,Mouse,Accessories,South,4,673.96,75.64
2026-07-06,Speaker,Accessories,South,8,3286.39,476.53
2026-07-01,Keyboard,Accessories,East,1,1088.55,142.06
2026-06-14,Headphones,Accessories,East,7,4463.71,644.06
2026-07-05,Mouse,Accessories,South,10,2612.12,757.88
2026-06-20,Camera,Electronics,South,5,3163.69,491.36
2026-07-09,Mobile,Electronics,East,4,1572.67,388.57
2026-06-17,Tablet,Electronics,South,9,2675.65,402.73
2026-07-08,Tablet,Electronics,North,6,244.81,37.72
2026-06-15,Keyboard,Accessories,West,10,3567.66,505.06
2026-07-04,Mouse,Accessories,South,9,1866.56,168.2
2026-07-04,Laptop,Electronics,East,9,1354.07,157.49
2026-07-08,Mouse,Accessories,East,6,2679.27,652.14
2026-06-29,Headphones,Accessories,East,1,1852.51,194.26
2026-06-12,Tablet,Electronics,West,1,1824.46,451.72
2026-07-04,Monitor,Electronics,East,6,1732.87,319.66
2026-07-10,Laptop,Electronics,East,8,830.48,128.83
2026-06-12,Tablet,Electronics,South,7,4381.61,1055.52
2026-06-19,Printer,Office,North,8,4334.32,1069.24
2026-07-09,Printer,Office,South,5,4658.29,574.08
2026-07-06,Headphones,Accessories,West,2,195.09,56.06
2026-06-21,Tablet,Electronics,South,1,3534.82,850.62
2026-07-05,Monitor,Electronics,East,7,3820.95,931.1
2026-06-15,Tablet,Electronics,South,3,2599.75,639.56
2026-07-09,Keyboard,Accessories,West,9,2291.24,227.0
2026-06-28,Printer,Office,West,9,4336.85,1153.24
2026-07-12,Camera,Electronics,East,3,2255.12,212.09
2026-07-12,Mobile,Electronics,West,6,2642.36,394.12
2026-06-17,Printer,Office,South,8,4122.85,1064.54
2026-07-03,Laptop,Electronics,North,10,4476.36,1259.53
2026-07-06,Monitor,Electronics,South,7,2096.05,522.3
2026-07-01,Laptop,Electronics,East,2,4818.01,362.23
2026-07-03,Speaker,Accessories,North,9,3824.96,440.06
2026-07-12,Keyboard,Accessories,North,10,2527.51,288.56
2026-06-17,Camera,Electronics,North,4,749.92,222.48
2026-06-24,Speaker,Accessories,North,6,560.96,78.96
2026-06-30,Mouse,Accessories,East,7,1033.37,112.0
2026-07-10,Printer,Office,East,3,831.75,193.52
2026-06-26,Printer,Office,North,6,4395.26,1316.35
2026-06-18,Mobile,Electronics,East,5,2526.51,680.42
2026-06-15,Keyboard,Accessories,West,9,2564.57,270.55
2026-07-09,Tablet,Electronics,North,1,2638.57,710.15
2026-06-26,Mobile,Electronics,West,3,371.68,83.9
2026-06-26,Camera,Electronics,West,4,2076.21,349.55
2026-07-08,Monitor,Electronics,West,5,3565.64,194.86
2026-06-29,Tablet,Electronics,West,9,2157.41,235.15
2026-06-14,Camera,Electronics,North,3,1350.6,289.31
2026-06-25,Keyboard,Accessories,North,8,2321.57,546.98
2026-07-09,Mouse,Accessories,South,10,3718.91,359.52
2026-07-04,Laptop,Electronics,West,7,2845.07,681.46
2026-07-03,Camera,Electronics,East,9,1104.3,68.0
2026-06-17,Mobile,Electronics,West,9,1633.66,402.71
2026-07-06,Printer,Office,North,5,912.97,89.79
2026-06-16,Printer,Office,East,1,3554.5,695.93
2026-06-21,Mobile,Electronics,South,10,4065.22,1211.78
2026-06-21,Mobile,Electronics,East,2,4036.12,403.65
2026-07-05,Keyboard,Accessories,West,1,2692.76,389.36
2026-06-24,Camera,Electronics,South,10,4047.8,761.72
2026-07-04,Tablet,Electronics,South,1,2566.83,550.11
2026-07-08,Monitor,Electronics,West,4,2728.92,551.41
2026-06-30,Printer,Office,South,2,3230.77,642.68
2026-06-25,Headphones,Accessories,North,6,2112.03,186.47
2026-06-23,Keyboard,Accessories,West,10,1454.22,210.85
2026-07-10,Camera,Electronics,North,6,2744.53,340.09
2026-06-22,Printer,Office,East,5,2574.69,693.92
2026-07-02,Monitor,Electronics,North,4,1034.85,77.37
2026-07-09,Speaker,Accessories,West,10,2647.16,142.08
2026-06-30,Mouse,Accessories,East,4,1486.16,360.84
2026-07-06,Monitor,Electronics,South,7,4427.25,767.25
2026-07-10,Printer,Office,North,9,776.69,97.0
2026-07-07,Monitor,Electronics,South,2,443.89,78.78
2026-06-12,Keyboard,Accessories,West,3,1991.15,258.2
2026-06-23,Mouse,Accessories,East,2,116.81,30.71
2026-06-28,Mouse,Accessories,South,4,4709.51,537.22
2026-07-11,Tablet,Electronics,East,8,1547.59,183.73
2026-07-04,Monitor,Electronics,East,6,103.22,26.92
2026-06-20,Headphones,Accessories,East,2,252.22,38.48
2026-07-05,Camera,Electronics,West,7,1734.83,220.09
2026-06-20,Printer,Office,East,2,425.24,28.85
2026-07-01,Keyboard,Accessories,East,4,2006.24,588.28
2026-06-22,Laptop,Electronics,North,3,814.9,190.78
2026-07-01,Mouse,Accessories,West,8,1931.49,301.14
2026-07-09,Speaker,Accessories,West,1,4459.67,559.16
2026-06-19,Printer,Office,North,3,1675.83,290.81
2026-07-11,Monitor,Electronics,West,10,3885.57,602.0
2026-07-02,Headphones,Accessories,North,2,133.32,23.04
2026-07-09,Tablet,Electronics,North,6,4899.16,1267.64
2026-07-01,Tablet,Electronics,East,4,1004.23,252.77
2026-06-15,Keyboard,Accessories,South,6,4620.12,832.82
2026-07-01,Mouse,Accessories,North,3,1623.18,423.26
2026-07-03,Keyboard,Accessories,East,10,2053.84,339.63
2026-06-19,Mouse,Accessories,North,5,1670.84,298.23
2026-06-18,Printer,Office,South,5,2363.0,666.48
2026-07-02,Headphones,Accessories,North,4,4258.41,545.59
2026-07-12,Laptop,Electronics,North,5,1473.67,238.11
2026-07-06,Mobile,Electronics,North,10,276.96,39.53
2026-06-28,Tablet,Electronics,North,10,4534.31,1264.15
2026-06-25,Mobile,Electronics,East,7,1885.62,104.74
2026-07-01,Laptop,Electronics,East,4,4165.36,394.01
2026-07-03,Headphones,Accessories,West,3,3943.09,692.53
2026-06-23,Tablet,Electronics,West,2,3994.64,1137.26
2026-07-09,Laptop,Electronics,West,3,4299.81,323.32
2026-06-12,Mobile,Electronics,South,10,4683.8,1190.73
2026-07-05,Monitor,Electronics,East,8,620.76,132.89
2026-06-23,Headphones,Accessories,North,4,2767.46,399.11
2026-06-17,Speaker,Accessories,South,10,2002.98,491.27
2026-06-28,Printer,Office,West,2,4396.32,549.34
2026-07-10,Speaker,Accessories,West,3,4149.12,1119.56
2026-06-17,Speaker,Accessories,North,5,3519.93,411.79
2026-06-13,Tablet,Electronics,East,7,2921.27,669.9
2026-07-06,Camera,Electronics,East,9,3005.87,633.94
2026-06-26,Printer,Office,West,5,4023.53,767.78
2026-06-16,Monitor,Electronics,North,9,801.72,199.85
2026-07-09,Tablet,Electronics,West,1,2541.74,696.58
2026-07-05,Mouse,Accessories,North,6,2957.83,651.49
2026-06-12,Tablet,Electronics,East,6,1253.65,262.44
2026-06-26,Headphones,Accessories,South,4,1137.77,132.14
2026-07-01,Mobile,Electronics,West,3,392.78,58.94
2026-07-12,Mobile,Electronics,West,7,710.82,170.56
2026-07-05,Speaker,Accessories,North,9,1250.39,280.76
2026-06-12,Tablet,Electronics,East,6,3697.37,563.0
2026-07-02,Keyboard,Accessories,East,1,2290.48,265.97
2026-06-25,Printer,Office,West,1,1294.11,335.6
2026-06-22,Speaker,Accessories,West,9,4292.38,468.31
2026-06-21,Mouse,Accessories,South,1,1268.18,188.01
2026-06-14,Keyboard,Accessories,South,4,4438.67,269.61
2026-07-01,Tablet,Electronics,East,10,3065.31,659.74
2026-07-11,Headphones,Accessories,North,5,4612.8,1099.51
2026-06-17,Headphones,Accessories,East,3,3995.13,1091.15
2026-07-04,Keyboard,Accessories,East,8,1803.08,203.43
2026-06-17,Tablet,Electronics,North,7,682.09,104.01
2026-06-27,Tablet,Electronics,West,5,3630.02,496.43
2026-07-07,Camera,Electronics,East,1,3160.12,346.39
2026-07-09,Printer,Office,South,2,1138.82,296.96
2026-06-26,Monitor,Electronics,East,9,4345.22,994.66
2026-07-04,Printer,Office,West,7,2889.8,285.69
2026-06-25,Camera,Electronics,North,7,1990.75,396.4
2026-07-07,Speaker,Accessories,West,1,357.86,90.84
2026-07-03,Mobile,Electronics,West,8,1854.22,342.45
2026-06-17,Keyboard,Accessories,South,2,3343.39,201.53
2026-06-27,Laptop,Electronics,North,1,1634.16,456.31
2026-06-20,Laptop,Electronics,East,8,1515.23,402.64
2026-07-08,Printer,Office,North,10,1529.53,139.5
2026-06-19,Headphones,Accessories,West,10,3523.75,827.76
2026-06-18,Camera,Electronics,South,9,404.1,78.94
2026-06-27,Tablet,Electronics,West,8,3282.21,838.53
2026-07-08,Monitor,Electronics,North,8,1840.38,206.09
2026-06-20,Mobile,Electronics,North,5,1779.4,146.95
2026-06-14,Headphones,Accessories,South,4,1651.64,479.03
2026-07-07,Keyboard,Accessories,East,7,1378.0,406.71
2026-07-05,Printer,Office,South,1,3374.2,920.44
2026-07-12,Mobile,Electronics,North,5,2841.36,329.04
2026-06-16,Printer,Office,East,3,239.52,12.12
2026-07-11,Tablet,Electronics,North,7,195.33,9.84
2026-06-13,Laptop,Electronics,South,2,246.77,55.55
2026-07-12,Printer,Office,South,4,4031.49,602.03
2026-06-13,Speaker,Accessories,West,1,2285.88,249.77
2026-06-19,Tablet,Electronics,East,1,3513.61,470.15
2026-07-09,Tablet,Electronics,West,9,2499.76,492.34
2026-06-18,Mobile,Electronics,North,5,2247.9,610.1
2026-07-08,Printer,Office,West,10,947.21,258.99
2026-07-04,Mouse,Accessories,West,9,3054.63,187.29
2026-07-07,Camera,Electronics,West,4,3191.72,717.65
2026-07-11,Mobile,Electronics,North,7,1738.35,358.39
2026-06-23,Mobile,Electronics,East,3,4710.39,1362.81
2026-06-21,Speaker,Accessories,East,5,3610.74,816.08
2026-07-10,Tablet,Electronics,South,5,3322.54,193.39
2026-07-10,Printer,Office,West,6,4154.74,803.9
2026-06-13,Printer,Office,East,5,1361.25,140.99
2026-06-23,Headphones,Accessories,East,9,2921.17,422.39
2026-06-23,Tablet,Electronics,North,3,4411.93,780.68
2026-06-24,Laptop,Electronics,North,10,1985.21,231.95
2026-06-23,Camera,Electronics,East,9,3916.21,1030.97
2026-06-30,Mouse,Accessories,East,9,3259.85,208.64
2026-06-24,Laptop,Electronics,East,9,4303.2,878.81
2026-06-26,Camera,Electronics,North,4,3753.72,828.4
2026-06-25,Speaker,Accessories,East,2,1422.55,184.8
2026-07-07,Mouse,Accessories,East,9,2795.22,627.96
2026-06-23,Keyboard,Accessories,East,4,2951.59,436.74
2026-06-20,Printer,Office,North,1,2598.62,669.06
2026-06-15,Tablet,Electronics,West,7,1839.56,482.76
2026-06-27,Speaker,Accessories,West,6,2186.94,373.45
2026-07-07,Speaker,Accessories,East,4,3812.84,640.03
2026-06-28,Laptop,Electronics,North,10,4612.61,1181.37
2026-07-09,Tablet,Electronics,West,8,3742.38,260.1
2026-06-25,Monitor,Electronics,West,4,4813.43,1404.21
2026-06-24,Printer,Office,South,4,709.34,114.76
2026-06-23,Tablet,Electronics,West,5,4822.92,1369.68
2026-07-03,Headphones,Accessories,North,8,4048.55,352.56
2026-06-19,Mobile,Electronics,East,10,4745.87,1334.82
2026-07-11,Camera,Electronics,North,6,879.92,95.97
2026-06-22,Monitor,Electronics,West,4,1081.12,75.96
2026-07-10,Tablet,Electronics,North,8,4280.02,581.93
2026-07-01,Camera,Electronics,West,4,4815.51,1038.8
2026-06-27,Camera,Electronics,East,6,4825.58,407.4
2026-07-06,Mobile,Electronics,North,5,4112.19,987.04
2026-06-21,Tablet,Electronics,West,2,2880.84,819.48
2026-07-11,Keyboard,Accessories,South,9,4361.01,473.44
2026-07-05,Headphones,Accessories,West,9,486.64,111.0
2026-07-05,Speaker,Accessories,South,8,2144.46,202.35
2026-06-12,Camera,Electronics,North,2,2323.26,284.26
2026-06-16,Mouse,Accessories,North,6,776.55,227.77
2026-07-12,Camera,Electronics,North,8,3465.63,338.48
2026-06-28,Mobile,Electronics,East,6,2287.36,223.2
2026-06-28,Headphones,Accessories,West,6,3625.47,931.53
2026-07-12,Mobile,Electronics,West,5,4769.21,979.45
2026-06-22,Headphones,Accessories,West,10,4995.03,1290.75
2026-06-19,Mouse,Accessories,South,7,3449.47,353.8
2026-06-20,Monitor,Electronics,South,7,2788.87,507.63
2026-06-18,Camera,Electronics,North,1,2236.12,624.0
2026-07-01,Mouse,Accessories,West,4,2580.44,635.49
2026-07-12,Keyboard,Accessories,South,1,3133.59,671.55
2026-06-30,Keyboard,Accessories,South,8,2060.94,111.21
2026-06-23,Mouse,Accessories,North,1,1306.25,137.55
2026-06-30,Mouse,Accessories,South,10,835.09,62.87
2026-06-19,Camera,Electronics,East,2,3408.99,996.68
2026-06-26,Laptop,Electronics,West,4,679.66,38.74
2026-06-23,Mobile,Electronics,South,7,2573.16,742.78
2026-07-06,Camera,Electronics,South,7,1986.66,293.33
2026-06-12,Tablet,Electronics,East,8,2920.65,508.25
2026-07-07,Mouse,Accessories,South,7,1317.28,324.25
2026-06-25,Mouse,Accessories,East,6,2784.1,422.76
2026-07-11,Monitor,Electronics,North,9,4252.7,883.37
2026-07-01,Printer,Office,North,2,1095.14,137.2
2026-07-01,Headphones,Accessories,East,7,654.88,188.37
2026-07-08,Mobile,Electronics,East,7,3845.61,764.5
2026-06-30,Monitor,Electronics,East,1,1459.07,147.45
2026-06-16,Laptop,Electronics,South,7,1067.09,161.09
2026-06-13,Headphones,Accessories,East,8,4442.22,869.13
2026-07-05,Headphones,Accessories,South,1,479.39,121.58
2026-06-18,Keyboard,Accessories,West,4,2137.46,165.64
2026-06-16,Speaker,Accessories,East,7,4020.38,894.78
2026-06-17,Mobile,Electronics,North,5,3492.2,904.95
2026-06-21,Laptop,Electronics,North,9,2076.68,302.07
2026-06-25,Mobile,Electronics,South,9,2846.43,618.17
2026-07-11,Printer,Office,South,8,3780.24,870.46
2026-07-05,Monitor,Electronics,West,8,1087.27,156.01
2026-06-17,Printer,Office,West,7,1492.22,268.44
2026-06-24,Mouse,Accessories,South,8,3176.66,593.29
2026-06-22,Headphones,Accessories,South,6,3980.02,272.57
2026-07-09,Printer,Office,East,2,767.92,82.23
2026-07-12,Keyboard,Accessories,East,6,748.09,50.52
2026-07-07,Keyboard,Accessories,West,10,4449.43,384.37
2026-07-11,Printer,Office,West,1,2950.63,745.7
2026-06-28,Camera,Electronics,East,7,1992.39,163.51
2026-07-06,Speaker,Accessories,West,1,1013.23,86.29
2026-06-17,Speaker,Accessories,East,9,4915.9,1002.57
2026-07-01,Headphones,Accessories,North,5,1834.49,255.98
2026-06-16,Speaker,Accessories,South,3,3968.34,749.2
2026-06-26,Monitor,Electronics,East,9,2845.07,220.57
2026-06-13,Printer,Office,South,3,1485.11,313.86
2026-06-26,Mouse,Accessories,East,1,175.94,31.67
2026-07-09,Mobile,Electronics,East,3,4171.85,1070.55
2026-06-20,Camera,Electronics,West,5,1025.34,92.6
2026-06-18,Monitor,Electronics,North,2,1478.68,205.65
2026-06-27,Monitor,Electronics,North,4,4200.47,313.41
2026-06-23,Speaker,Accessories,South,6,4452.1,1188.73
2026-06-21,Printer,Office,East,4,4102.3,1036.87
2026-06-21,Mouse,Accessories,North,8,1459.2,208.18
2026-07-01,Mouse,Accessories,North,4,1075.0,314.87
2026-06-14,Keyboard,Accessories,South,7,1636.77,245.44
2026-07-10,Speaker,Accessories,North,5,4861.48,679.37
2026-06-18,Headphones,Accessories,West,1,4693.4,401.43
2026-07-05,Headphones,Accessories,West,6,1098.44,181.37
2026-07-02,Keyboard,Accessories,West,8,2790.29,753.56
2026-06-24,Tablet,Electronics,South,2,2332.3,410.86
2026-06-12,Speaker,Accessories,North,8,2515.87,392.73
2026-06-12,Mouse,Accessories,South,3,3587.35,410.21
2026-06-30,Mouse,Accessories,South,4,3832.59,644.34
2026-07-06,Laptop,Electronics,North,3,3140.84,331.5
2026-06-13,Laptop,Electronics,East,2,1321.93,194.38
2026-06-18,Keyboard,Accessories,South,3,2730.04,540.33
2026-06-22,Camera,Electronics,North,1,1814.11,277.32
2026-07-11,Tablet,Electronics,South,4,3497.38,733.98
2026-06-15,Monitor,Electronics,West,5,2420.71,134.06
2026-07-12,Tablet,Electronics,South,10,2240.02,661.64
2026-06-14,Camera,Electronics,North,2,781.05,144.83
2026-06-14,Headphones,Accessories,North,2,931.74,80.34
2026-06-27,Tablet,Electronics,West,3,2413.33,253.59
2026-06-19,Laptop,Electronics,South,9,199.71,32.94
2026-07-06,Tablet,Electronics,North,2,2863.61,821.54
2026-07-05,Mobile,Electronics,North,3,735.69,201.48
2026-07-10,Mobile,Electronics,West,7,1103.63,217.74
2026-06-17,Keyboard,Accessories,South,10,521.63,115.78
2026-06-12,Mouse,Accessories,East,7,4973.55,740.55
2026-06-25,Printer,Office,North,7,779.68,116.06
2026-06-26,Printer,Office,West,5,102.4,9.72
2026-06-27,Printer,Office,North,5,1429.28,242.63
2026-07-04,Speaker,Accessories,North,5,3792.57,387.2
2026-06-20,Printer,Office,West,1,4733.89,1009.81
2026-06-28,Mouse,Accessories,West,10,1923.8,335.37
2026-06-24,Printer,Office,North,8,262.99,43.11
2026-07-09,Speaker,Accessories,West,7,2282.8,217.97
2026-06-19,Keyboard,Accessories,East,6,2858.11,849.31
2026-07-01,Laptop,Electronics,South,3,1996.63,387.21
2026-07-06,Laptop,Electronics,East,6,522.12,92.31
2026-06-16,Monitor,Electronics,South,1,2969.22,488.2
2026-06-16,Tablet,Electronics,East,1,627.06,154.98
2026-06-18,Mobile,Electronics,East,7,1580.89,274.18
2026-07-08,Mouse,Accessories,North,5,4175.0,786.5
2026-07-01,Laptop,Electronics,East,6,4640.17,285.89
2026-06-16,Headphones,Accessories,North,3,1204.25,352.72
2026-06-28,Mouse,Accessories,East,9,4738.65,547.29
2026-06-23,Keyboard,Accessories,North,7,3330.89,908.99
2026-07-01,Headphones,Accessories,East,10,1368.83,195.98
2026-06-25,Camera,Electronics,South,1,2348.34,214.33
2026-06-30,Printer,Office,East,2,2229.81,386.61
2026-07-01,Headphones,Accessories,North,1,4389.84,1307.81
2026-06-14,Headphones,Accessories,West,3,4790.1,736.89
2026-07-03,Printer,Office,East,6,4368.24,415.61
2026-07-07,Speaker,Accessories,West,4,4400.63,533.54
2026-06-30,Keyboard,Accessories,South,3,4413.44,945.61
2026-07-07,Camera,Electronics,East,4,1736.62,462.56
2026-06-21,Printer,Office,West,2,1237.67,81.44
2026-06-29,Camera,Electronics,West,2,147.51,12.9
2026-06-16,Laptop,Electronics,South,9,2942.99,578.71
2026-06-23,Laptop,Electronics,East,6,4165.66,684.76
2026-06-15,Tablet,Electronics,West,5,2843.48,377.53
2026-07-10,Mouse,Accessories,North,9,801.46,167.69
2026-06-20,Tablet,Electronics,East,6,2483.1,332.87
2026-06-25,Printer,Office,East,9,3827.99,1045.91
2026-06-28,Tablet,Electronics,South,1,1404.31,133.0
2026-07-02,Laptop,Electronics,South,10,4486.21,719.51
2026-07-05,Printer,Office,West,5,2867.53,327.82
2026-06-30,Printer,Office,East,7,3398.77,866.31
2026-06-21,Keyboard,Accessories,South,5,2383.95,224.4
2026-06-21,Monitor,Electronics,North,2,4747.03,973.34
2026-06-20,Speaker,Accessories,South,1,1479.83,251.87
2026-06-30,Mouse,Accessories,South,3,758.49,102.79
2026-07-04,Laptop,Electronics,South,9,4860.81,482.51
2026-07-12,Printer,Office,North,3,3508.82,231.8
2026-06-25,Tablet,Electronics,West,10,138.85,40.07
2026-06-13,Tablet,Electronics,West,5,1497.49,257.81
2026-06-20,Tablet,Electronics,East,7,4425.99,727.85
2026-06-28,Laptop,Electronics,West,4,4185.28,419.46
2026-06-27,Mobile,Electronics,East,3,2224.47,385.51
2026-06-26,Tablet,Electronics,West,9,3000.24,159.2
2026-06-12,Printer,Office,South,1,4581.73,929.91
2026-06-15,Mouse,Accessories,West,7,1894.52,367.61
2026-07-03,Printer,Office,South,10,4354.38,280.27
2026-06-27,Mouse,Accessories,North,5,2785.59,542.38
2026-07-03,Camera,Electronics,East,7,1098.09,305.96
2026-07-06,Keyboard,Accessories,North,4,4112.18,665.06
2026-06-15,Mobile,Electronics,East,9,4489.66,369.69
2026-07-09,Speaker,Accessories,North,8,234.24,23.76
2026-07-04,Keyboard,Accessories,East,6,2799.71,433.74
2026-07-12,Camera,Electronics,North,4,2154.76,162.82
2026-07-02,Camera,Electronics,North,5,4126.65,1064.35
2026-07-07,Mobile,Electronics,North,1,4915.01,887.17
2026-06-23,Laptop,Electronics,West,4,346.59,69.25
2026-06-21,Monitor,Electronics,North,4,927.23,228.01
2026-06-19,Headphones,Accessories,South,3,4488.24,986.87
2026-06-24,Speaker,Accessories,West,6,3014.58,867.53
2026-06-29,Speaker,Accessories,North,8,2721.08,474.5
2026-07-10,Headphones,Accessories,South,1,1509.4,224.57
2026-07-05,Headphones,Accessories,East,7,4134.1,892.45
2026-07-10,Keyboard,Accessories,North,6,4370.27,384.08
2026-07-10,Mouse,Accessories,North,5,203.62,24.04
2026-06-24,Monitor,Electronics,East,2,813.51,61.05
2026-07-11,Printer,Office,South,9,1453.99,128.19
2026-06-27,Keyboard,Accessories,West,7,3446.61,637.01
2026-07-12,Monitor,Electronics,East,4,724.93,169.34
2026-07-04,Tablet,Electronics,East,10,2414.16,719.54
2026-06-23,Keyboard,Accessories,East,5,2443.6,697.87
2026-07-03,Headphones,Accessories,East,5,4121.31,630.21
2026-07-07,Camera,Electronics,North,4,3854.35,808.05
2026-06-22,Headphones,Accessories,North,6,303.89,37.61
2026-07-04,Camera,Electronics,East,8,2517.59,529.32
2026-06-30,Mouse,Accessories,North,10,3316.19,525.63
2026-06-25,Printer,Office,South,10,4674.16,970.29
2026-06-25,Mouse,Accessories,North,3,2017.21,106.78
2026-07-04,Laptop,Electronics,West,4,212.44,18.42
2026-07-07,Tablet,Electronics,North,9,4064.32,747.66
2026-07-06,Camera,Electronics,South,10,1454.67,152.85
2026-06-24,Headphones,Accessories,North,7,538.57,58.82
2026-06-19,Headphones,Accessories,North,6,196.53,55.16
2026-07-03,Camera,Electronics,South,10,491.37,122.26
2026-06-17,Speaker,Accessories,East,4,4007.56,856.8
2026-07-09,Monitor,Electronics,East,2,1057.53,221.0
2026-06-16,Printer,Office,West,5,2713.38,637.06
2026-06-25,Tablet,Electronics,West,7,1403.84,410.83
2026-07-11,Speaker,Accessories,East,6,1773.76,408.18
2026-06-17,Headphones,Accessories,North,5,3131.63,219.84
2026-06-16,Mouse,Accessories,West,6,2910.43,723.92
2026-06-21,Camera,Electronics,West,8,3303.96,568.37
2026-07-10,Camera,Electronics,West,3,4838.7,858.2
2026-06-30,Tablet,Electronics,South,9,3579.66,707.23
2026-06-21,Printer,Office,North,9,4583.01,612.24
2026-07-07,Headphones,Accessories,West,7,2375.6,299.26
2026-06-24,Printer,Office,East,8,607.5,39.01
2026-07-02,Speaker,Accessories,South,5,617.92,79.7
2026-06-24,Headphones,Accessories,East,9,778.81,145.02
2026-06-27,Mobile,Electronics,North,1,2010.89,278.52
2026-06-15,Printer,Office,South,10,3914.33,631.63
2026-07-08,Printer,Office,North,10,1072.67,312.52
2026-07-02,Speaker,Accessories,West,5,2710.97,301.33
2026-06-17,Tablet,Electronics,West,3,4268.84,1161.37
2026-06-14,Headphones,Accessories,North,3,1927.24,337.9
2026-06-29,Printer,Office,West,6,3286.11,455.47
2026-06-26,Speaker,Accessories,West,5,1917.49,186.22
2026-07-08,Monitor,Electronics,North,3,1130.68,69.65
2026-06-12,Camera,Electronics,West,7,4639.7,1238.66
2026-06-27,Tablet,Electronics,South,3,3604.17,675.35
2026-06-16,Camera,Electronics,North,8,2211.04,233.69
2026-07-04,Speaker,Accessories,North,8,281.09,41.25
2026-07-11,Keyboard,Accessories,West,10,423.38,54.34
2026-06-16,Mobile,Electronics,West,5,1899.36,243.32
2026-07-10,Camera,Electronics,South,8,868.8,208.02
2026-06-16,Mouse,Accessories,West,7,1423.51,127.36
2026-06-28,Mobile,Electronics,East,2,4939.98,1173.83
2026-06-18,Tablet,Electronics,West,7,3907.02,879.69
2026-07-01,Camera,Electronics,South,9,400.3,62.5
2026-07-10,Laptop,Electronics,West,7,3079.51,247.73
2026-06-26,Printer,Office,West,4,2837.02,336.74
2026-06-25,Tablet,Electronics,East,5,2798.53,773.88
2026-06-23,Printer,Office,North,4,1609.35,94.29
2026-06-29,Mobile,Electronics,East,5,952.2,64.06
2026-07-09,Headphones,Accessories,East,1,2759.52,739.31
2026-07-04,Speaker,Accessories,West,9,4112.36,1164.62
2026-07-01,Printer,Office,North,3,478.43,120.3
2026-06-26,Printer,Office,South,3,2774.29,729.98
2026-06-27,Speaker,Accessories,South,8,1447.32,273.68
2026-07-02,Laptop,Electronics,North,6,4241.72,917.0
2026-07-02,Mobile,Electronics,North,6,3287.51,285.72
2026-07-08,Speaker,Accessories,South,8,4359.96,244.87
2026-06-12,Keyboard,Accessories,West,1,2898.05,838.51
2026-07-02,Speaker,Accessories,West,2,1977.2,115.03
2026-07-06,Mouse,Accessories,South,2,216.67,32.31
2026-06-15,Speaker,Accessories,East,8,1266.38,322.42
2026-06-24,Mobile,Electronics,North,6,1514.73,93.68
2026-06-25,Printer,Office,West,6,1054.32,140.14
2026-07-02,Headphones,Accessories,South,4,3087.59,208.83
2026-07-05,Camera,Electronics,East,6,2656.63,586.09
2026-07-04,Mouse,Accessories,West,4,1583.48,371.48
2026-06-21,Monitor,Electronics,South,5,2996.63,351.29
2026-07-01,Laptop,Electronics,East,5,4069.56,315.39
2026-06-13,Camera,Electronics,West,8,4177.09,1223.38
2026-06-14,Mouse,Accessories,South,1,3980.43,1010.96
2026-06-25,Monitor,Electronics,West,5,650.25,185.31
2026-07-05,Printer,Office,East,10,4310.87,1095.81
2026-06-13,Laptop,Electronics,West,2,4808.31,1130.16
2026-06-25,Tablet,Electronics,West,2,3725.88,893.55
2026-06-29,Mobile,Electronics,South,1,606.88,41.45
2026-07-03,Monitor,Electronics,East,10,3982.7,375.76
2026-06-16,Mouse,Accessories,East,8,3559.18,694.72
2026-07-12,Printer,Office,West,1,4591.81,1328.43
2026-07-05,Tablet,Electronics,East,7,2484.8,656.34
2026-06-23,Laptop,Electronics,South,10,156.63,29.03
2026-07-08,Mobile,Electronics,South,7,3366.78,822.43
2026-06-26,Tablet,Electronics,North,1,1654.14,437.8
2026-07-09,Tablet,Electronics,East,5,3164.8,389.91
2026-07-04,Laptop,Electronics,East,8,2921.66,778.85
2026-06-24,Laptop,Electronics,South,10,1421.51,311.88
2026-07-09,Keyboard,Accessories,East,10,4316.09,1026.11
2026-06-17,Printer,Office,North,9,664.64,103.72
2026-06-30,Laptop,Electronics,West,3,4520.89,826.53
2026-07-02,Camera,Electronics,East,3,4026.64,755.68
2026-06-12,Laptop,Electronics,East,5,167.39,27.4
2026-06-22,Laptop,Electronics,East,1,687.98,34.81
2026-07-12,Mobile,Electronics,West,9,1048.75,276.04
2026-06-16,Tablet,Electronics,West,2,1028.09,239.57
2026-06-16,Headphones,Accessories,North,7,2615.12,513.82
2026-07-12,Tablet,Electronics,South,9,782.47,230.46
2026-06-15,Headphones,Accessories,East,5,3940.03,547.81
2026-06-15,Camera,Electronics,West,9,4520.76,294.65
2026-06-21,Mouse,Accessories,South,7,4277.54,1275.09
2026-07-11,Headphones,Accessories,South,8,2089.29,598.21
2026-06-15,Headphones,Accessories,South,5,217.86,53.39
2026-07-05,Keyboard,Accessories,East,8,2028.6,523.3
2026-07-09,Monitor,Electronics,South,10,2648.01,406.75
2026-06-18,Printer,Office,North,5,1969.72,102.96
2026-07-01,Speaker,Accessories,South,6,1805.65,276.62
2026-07-05,Speaker,Accessories,South,7,1242.97,279.0
2026-06-16,Monitor,Electronics,North,8,3115.8,375.73
2026-06-25,Mobile,Electronics,East,3,3953.2,373.78
2026-06-23,Headphones,Accessories,North,9,1476.88,244.99
2026-07-01,Laptop,Electronics,East,2,1797.09,99.17
2026-06-28,Mobile,Electronics,South,7,1805.13,505.91
2026-06-24,Speaker,Accessories,East,1,1257.38,91.51
2026-07-04,Headphones,Accessories,West,5,2272.89,579.64
2026-06-26,Monitor,Electronics,South,9,2783.09,525.46
2026-07-08,Speaker,Accessories,South,6,3116.34,651.86
2026-06-16,Mouse,Accessories,North,4,3055.22,395.8
2026-07-01,Speaker,Accessories,North,9,344.74,84.97
2026-07-10,Mobile,Electronics,North,9,4006.47,214.28
2026-06-13,Mouse,Accessories,North,5,1078.58,187.68
2026-07-08,Tablet,Electronics,East,8,297.93,46.42
2026-07-08,Laptop,Electronics,North,9,2697.5,268.05
2026-06-23,Monitor,Electronics,South,9,2968.33,260.8
2026-06-25,Camera,Electronics,West,3,4467.29,801.39
2026-06-28,Printer,Office,South,9,3534.2,985.57
2026-06-14,Mouse,Accessories,East,5,2973.6,597.98
2026-07-07,Monitor,Electronics,West,3,3213.55,721.5
2026-06-12,Printer,Office,West,3,4464.07,566.04
2026-06-24,Mouse,Accessories,North,6,3756.69,858.25
2026-06-26,Headphones,Accessories,North,4,4462.85,481.12
2026-06-14,Speaker,Accessories,East,6,981.77,193.54
2026-06-22,Headphones,Accessories,North,8,4703.42,305.4
2026-07-11,Mouse,Accessories,East,7,2844.69,405.28
2026-06-16,Mouse,Accessories,West,2,1501.42,198.3
2026-06-20,Printer,Office,East,5,3441.5,267.8
2026-06-16,Tablet,Electronics,East,4,372.13,105.79
2026-06-27,Headphones,Accessories,North,7,1927.7,154.37
2026-06-14,Mobile,Electronics,East,9,829.95,60.35
2026-06-30,Mouse,Accessories,South,4,1136.75,156.14
2026-06-28,Mouse,Accessories,West,3,4679.08,965.61
2026-06-21,Speaker,Accessories,West,8,3648.52,761.76
2026-06-30,Mobile,Electronics,South,3,847.7,65.84
2026-07-06,Keyboard,Accessories,North,4,868.11,230.57
2026-06-20,Laptop,Electronics,North,4,2810.9,658.27
2026-06-20,Speaker,Accessories,South,6,3393.64,911.12
2026-07-01,Monitor,Electronics,South,8,4827.02,966.33
2026-06-13,Printer,Office,South,5,1420.01,269.15
2026-06-15,Headphones,Accessories,North,10,1872.38,156.53
2026-06-27,Speaker,Accessories,South,3,817.81,133.94
2026-07-12,Camera,Electronics,South,10,316.6,53.51
2026-06-29,Headphones,Accessories,North,4,175.71,29.03
2026-06-16,Laptop,Electronics,South,9,2204.66,149.59
2026-06-26,Mobile,Electronics,West,7,735.53,39.21
2026-06-16,Monitor,Electronics,East,4,3889.89,624.67
2026-07-05,Laptop,Electronics,East,1,2604.64,523.22
2026-07-11,Keyboard,Accessories,North,5,947.61,158.36
2026-06-23,Headphones,Accessories,West,5,2144.94,317.58
2026-07-03,Headphones,Accessories,South,8,4446.0,553.94
2026-06-16,Monitor,Electronics,South,2,3805.64,1011.49
2026-07-10,Printer,Office,West,8,2196.08,138.03
2026-06-15,Laptop,Electronics,South,6,4076.69,811.44
2026-06-29,Speaker,Accessories,North,3,1197.29,287.17
2026-07-02,Monitor,Electronics,West,4,2633.69,212.07
2026-07-10,Keyboard,Accessories,West,4,4641.3,945.74
2026-07-03,Speaker,Accessories,North,3,1226.89,272.94
2026-06-26,Mobile,Electronics,East,3,485.81,55.04
2026-07-11,Headphones,Accessories,West,7,4967.2,1341.42
2026-07-12,Mobile,Electronics,North,4,3641.44,564.94
2026-07-12,Keyboard,Accessories,North,9,4554.4,1325.99
2026-06-19,Camera,Electronics,West,1,4467.06,841.67
2026-06-17,Tablet,Electronics,East,5,800.18,56.11
2026-06-12,Speaker,Accessories,North,3,114.44,26.13
2026-06-26,Printer,Office,North,2,4323.58,1249.88
2026-07-12,Speaker,Accessories,East,2,1062.47,82.72
2026-06-23,Keyboard,Accessories,West,8,528.12,83.63
2026-06-22,Laptop,Electronics,West,10,2465.96,474.41
2026-06-30,Mouse,Accessories,West,8,2894.23,194.12
2026-07-10,Speaker,Accessories,East,1,2805.22,780.46
2026-06-15,Monitor,Electronics,West,8,4372.5,772.3
2026-07-02,Tablet,Electronics,West,2,1711.11,213.92
2026-06-28,Camera,Electronics,South,10,4554.44,914.67
2026-07-08,Mouse,Accessories,West,9,763.92,117.12
2026-06-28,Mouse,Accessories,South,3,1799.54,262.85
2026-06-14,Headphones,Accessories,North,5,829.98,43.29
2026-07-06,Keyboard,Accessories,North,1,4719.31,464.58
2026-07-07,Mobile,Electronics,South,4,3560.54,709.48
2026-06-19,Mouse,Accessories,West,6,4339.9,965.51
2026-07-03,Mouse,Accessories,South,5,872.6,255.2
2026-07-06,Headphones,Accessories,South,8,893.45,124.04
2026-07-12,Tablet,Electronics,West,1,4935.39,604.5
2026-06-17,Laptop,Electronics,North,4,1841.51,400.1
2026-07-07,Headphones,Accessories,South,1,3749.88,357.37
2026-06-28,Camera,Electronics,West,10,3195.83,490.31
2026-07-06,Tablet,Electronics,East,7,2731.07,724.71
2026-07-11,Printer,Office,South,8,4972.25,1028.69
2026-06-17,Monitor,Electronics,West,10,2136.51,369.7
2026-07-03,Camera,Electronics,North,3,981.97,49.57
2026-07-02,Tablet,Electronics,East,4,3600.63,275.78
2026-06-24,Mobile,Electronics,North,4,308.84,38.77
2026-06-15,Tablet,Electronics,North,2,4838.67,1141.92
2026-07-04,Headphones,Accessories,East,4,890.58,166.23
2026-06-22,Mobile,Electronics,East,7,2430.31,332.18
2026-06-17,Printer,Office,North,1,490.64,125.49
2026-07-04,Headphones,Accessories,North,6,1910.82,97.34
2026-06-29,Speaker,Accessories,North,8,2988.22,687.3
2026-07-01,Speaker,Accessories,North,5,4783.69,1122.53
2026-07-09,Tablet,Electronics,East,1,2315.72,441.26
2026-06-13,Laptop,Electronics,North,5,3446.92,208.3
2026-06-20,Monitor,Electronics,South,2,3584.65,345.22
2026-06-18,Mobile,Electronics,North,6,3364.25,830.44
2026-06-24,Keyboard,Accessories,North,10,3054.92,467.9
2026-07-08,Mouse,Accessories,East,5,2305.9,484.21
2026-07-02,Printer,Office,East,7,2675.34,317.83
2026-06-24,Laptop,Electronics,North,2,592.68,109.67
2026-06-25,Keyboard,Accessories,East,10,3254.33,664.27
2026-06-28,Speaker,Accessories,South,2,1876.23,346.27
2026-06-18,Mobile,Electronics,East,7,3559.65,745.79
2026-06-20,Keyboard,Accessories,West,2,930.61,214.05
2026-07-05,Tablet,Electronics,West,8,2660.97,558.92
2026-07-10,Mobile,Electronics,North,2,631.9,128.99
2026-06-30,Tablet,Electronics,East,2,1782.65,302.76
2026-07-01,Speaker,Accessories,South,8,4190.0,1121.59
2026-06-17,Printer,Office,North,7,4416.62,877.89
2026-06-16,Speaker,Accessories,North,3,4020.96,1051.1
2026-07-03,Printer,Office,South,4,1591.76,341.74
2026-06-13,Keyboard,Accessories,North,8,2899.81,238.77
2026-06-23,Monitor,Electronics,West,2,1978.74,299.89
2026-06-29,Mouse,Accessories,North,4,604.11,136.14
2026-07-02,Laptop,Electronics,West,9,889.71,228.85
2026-06-18,Monitor,Electronics,East,7,4805.35,893.66
2026-07-05,Mouse,Accessories,North,5,4539.18,582.14
2026-06-17,Speaker,Accessories,West,3,2624.29,624.72
2026-07-12,Mouse,Accessories,East,10,2132.85,270.1
2026-06-18,Camera,Electronics,West,5,138.87,29.57
2026-06-23,Tablet,Electronics,North,5,4015.47,298.71
2026-06-28,Speaker,Accessories,West,7,2143.56,574.79
2026-06-15,Laptop,Electronics,East,3,1233.51,100.47
2026-07-04,Printer,Office,East,7,1277.12,233.12
2026-07-01,Keyboard,Accessories,North,8,3575.87,884.05
2026-06-19,Speaker,Accessories,South,9,2783.32,574.97
2026-06-17,Mobile,Electronics,East,8,3507.09,177.5
2026-07-06,Mouse,Accessories,South,5,3000.23,178.35
2026-06-24,Mouse,Accessories,South,3,1681.7,335.14
2026-07-05,Mobile,Electronics,North,5,3905.02,315.89
2026-06-29,Monitor,Electronics,West,4,3036.78,440.83
2026-06-13,Mouse,Accessories,East,10,441.82,101.66
2026-06-21,Camera,Electronics,West,7,213.19,36.33
2026-07-10,Headphones,Accessories,North,7,2483.12,190.68
2026-06-18,Printer,Office,West,5,2035.44,218.88
2026-06-18,Camera,Electronics,North,2,4047.6,268.38
2026-06-16,Mouse,Accessories,North,5,2400.59,468.72
2026-06-21,Tablet,Electronics,West,3,1175.49,102.84
2026-06-24,Headphones,Accessories,West,2,572.77,104.04
2026-06-18,Keyboard,Accessories,West,4,3475.44,433.08
2026-06-13,Tablet,Electronics,North,4,2966.02,408.54
2026-06-17,Monitor,Electronics,West,3,3149.9,327.29
2026-07-11,Speaker,Accessories,North,8,173.24,29.66
2026-07-12,Speaker,Accessories,South,4,4444.54,431.18
2026-06-22,Headphones,Accessories,East,3,3197.21,241.89
2026-07-05,Mouse,Accessories,East,6,1827.05,515.79
2026-06-14,Speaker,Accessories,West,1,4908.6,1082.59
2026-07-12,Headphones,Accessories,West,8,4387.26,463.61
2026-06-22,Speaker,Accessories,West,10,1883.2,168.82
2026-07-08,Headphones,Accessories,South,7,3461.36,466.25
2026-07-08,Mouse,Accessories,East,8,1787.08,380.73
2026-06-22,Mobile,Electronics,North,6,364.44,56.88
2026-06-25,Mouse,Accessories,North,6,2285.03,341.29
2026-07-05,Printer,Office,North,9,798.39,203.95
2026-07-11,Speaker,Accessories,North,3,4368.04,479.4
2026-06-27,Tablet,Electronics,South,10,2653.93,718.3
2026-07-03,Laptop,Electronics,West,1,1893.35,297.82
2026-06-15,Mobile,Electronics,West,2,2912.44,175.28
2026-06-19,Monitor,Electronics,West,7,821.87,90.33
2026-07-09,Keyboard,Accessories,North,2,2238.42,360.11
2026-06-16,Printer,Office,North,3,3795.45,521.6
2026-06-16,Monitor,Electronics,West,9,1144.67,120.82
2026-06-17,Mouse,Accessories,West,4,4187.79,1051.75
2026-07-11,Keyboard,Accessories,West,1,1891.36,263.32
2026-06-29,Camera,Electronics,North,4,752.36,122.27
2026-07-01,Camera,Electronics,East,4,2718.94,587.11
2026-06-12,Tablet,Electronics,South,5,3133.07,348.6
2026-06-24,Laptop,Electronics,North,9,1454.56,107.32
2026-06-18,Laptop,Electronics,South,9,335.83,17.26
2026-06-22,Printer,Office,West,10,4334.93,696.79
2026-07-12,Mobile,Electronics,West,1,158.68,17.73
2026-06-26,Printer,Office,West,6,1319.54,84.46
2026-06-29,Monitor,Electronics,East,1,3767.28,685.65
2026-06-17,Mouse,Accessories,South,2,2575.45,450.17
2026-06-23,Mobile,Electronics,West,8,407.73,71.29
2026-06-23,Camera,Electronics,East,10,183.87,52.65
2026-07-05,Tablet,Electronics,West,10,1574.18,150.39
2026-06-29,Keyboard,Accessories,North,8,3117.27,490.17
2026-06-25,Monitor,Electronics,South,3,4007.67,447.24
2026-06-17,Tablet,Electronics,South,1,3914.32,693.76
2026-07-10,Printer,Office,South,7,2986.46,891.87
2026-06-23,Camera,Electronics,West,7,1146.41,98.52
2026-07-05,Laptop,Electronics,West,2,4369.28,987.9
2026-07-06,Headphones,Accessories,North,10,3889.42,284.98
2026-06-26,Printer,Office,South,6,3009.14,309.59
2026-07-07,Mouse,Accessories,North,2,3808.52,898.9
2026-06-22,Headphones,Accessories,South,10,2638.65,416.51
2026-07-04,Headphones,Accessories,South,3,3163.43,407.79
2026-07-08,Keyboard,Accessories,South,7,4908.52,613.17
2026-06-19,Camera,Electronics,South,10,451.42,44.38
2026-06-26,Printer,Office,North,7,1855.87,515.64
2026-06-14,Keyboard,Accessories,North,4,4186.5,384.31
2026-06-20,Camera,Electronics,South,5,2062.91,262.37
2026-07-05,Mobile,Electronics,South,4,3165.98,593.66
2026-07-02,Keyboard,Accessories,South,3,3845.99,970.37
2026-07-11,Mouse,Accessories,West,10,3718.77,961.95
2026-07-11,Mobile,Electronics,North,9,1426.51,385.19
2026-06-15,Speaker,Accessories,South,1,145.48,28.42
2026-06-22,Mouse,Accessories,North,6,608.07,90.26
2026-06-21,Mobile,Electronics,North,9,1852.84,402.58
2026-06-25,Mobile,Electronics,North,2,3202.34,750.1
2026-06-28,Monitor,Electronics,North,9,4829.73,439.97
2026-06-23,Printer,Office,South,1,506.3,126.69
2026-07-06,Tablet,Electronics,South,2,3321.62,202.16
2026-06-14,Mobile,Electronics,West,1,4973.99,367.87
2026-06-29,Mouse,Accessories,West,10,1768.19,172.28
2026-06-13,Mobile,Electronics,North,1,1336.84,342.92
2026-06-15,Camera,Electronics,South,5,1181.25,175.01
2026-06-18,Printer,Office,South,1,2287.47,590.94
2026-07-07,Printer,Office,North,10,1131.7,197.13
2026-06-23,Tablet,Electronics,South,6,1797.15,471.7
2026-06-23,Headphones,Accessories,North,3,4070.46,1057.77
2026-06-20,Mouse,Accessories,North,2,2050.89,104.18
2026-07-03,Keyboard,Accessories,South,4,595.76,83.31
2026-06-12,Headphones,Accessories,North,1,3631.64,751.17
2026-06-23,Monitor,Electronics,East,10,3970.85,1164.37
2026-06-19,Speaker,Accessories,West,4,1021.77,259.81
2026-06-23,Monitor,Electronics,North,4,4910.35,245.91
2026-06-12,Printer,Office,East,9,3323.85,518.34
2026-06-17,Mobile,Electronics,South,3,110.55,25.53
2026-06-30,Keyboard,Accessories,South,9,1252.87,176.37
2026-06-13,Headphones,Accessories,North,2,4759.04,964.06
2026-07-11,Mouse,Accessories,North,5,2778.82,218.51
2026-06-24,Camera,Electronics,West,6,1621.09,213.91
2026-06-24,Camera,Electronics,South,6,537.55,96.77
2026-07-08,Mouse,Accessories,South,2,3168.06,749.92
2026-07-01,Keyboard,Accessories,North,5,1318.96,273.83
2026-06-28,Laptop,Electronics,South,7,3077.25,646.34
2026-06-22,Laptop,Electronics,West,9,914.92,228.22
2026-06-27,Printer,Office,West,7,516.39,67.63
2026-06-13,Camera,Electronics,East,5,617.41,127.29
2026-06-16,Laptop,Electronics,East,9,2058.03,278.37
2026-06-29,Laptop,Electronics,South,3,2271.11,322.03
2026-06-18,Tablet,Electronics,North,5,1591.34,342.76
2026-07-07,Headphones,Accessories,West,10,1981.67,564.52
2026-07-02,Camera,Electronics,West,4,1851.68,178.22
2026-06-21,Speaker,Accessories,East,3,2832.09,344.28
2026-06-12,Laptop,Electronics,West,3,862.3,99.18
2026-07-02,Printer,Office,West,4,2429.26,243.84
2026-07-09,Monitor,Electronics,East,7,1633.74,370.48
2026-06-15,Laptop,Electronics,South,8,3174.66,654.83
2026-06-14,Mouse,Accessories,East,2,2511.07,490.83
2026-06-23,Tablet,Electronics,East,1,2125.81,526.48
2026-07-06,Speaker,Accessories,West,8,4615.79,1223.63
2026-07-08,Speaker,Accessories,North,4,2498.45,374.71
2026-07-10,Camera,Electronics,South,10,2617.5,233.93
2026-06-29,Laptop,Electronics,South,5,1293.31,90.16
2026-06-29,Camera,Electronics,South,8,2585.79,238.53
2026-07-02,Mobile,Electronics,West,10,1032.32,125.55
2026-06-28,Mouse,Accessories,West,4,4403.57,381.36
2026-06-28,Headphones,Accessories,North,4,2817.13,596.38
2026-06-24,Headphones,Accessories,East,1,3563.66,1037.55
2026-06-12,Keyboard,Accessories,West,9,1521.3,244.32
2026-07-04,Mouse,Accessories,South,6,4674.9,517.55
2026-07-07,Tablet,Electronics,North,4,4000.0,904.28
2026-06-25,Laptop,Electronics,South,7,3183.64,308.6
2026-06-26,Keyboard,Accessories,West,7,1105.47,75.01
2026-07-12,Speaker,Accessories,East,8,4621.93,468.51
2026-06-17,Laptop,Electronics,North,10,3734.33,683.94
2026-06-20,Headphones,Accessories,East,1,3537.21,500.41
2026-06-26,Mobile,Electronics,South,6,3926.21,393.36
2026-06-12,Monitor,Electronics,North,3,931.72,104.44
2026-06-25,Tablet,Electronics,East,1,343.95,24.71
2026-07-12,Tablet,Electronics,East,1,3797.05,193.75
2026-07-04,Monitor,Electronics,West,6,4252.38,853.06
2026-07-02,Monitor,Electronics,West,5,3302.51,621.89
2026-06-16,Tablet,Electronics,South,1,2164.85,370.47
2026-06-22,Monitor,Electronics,North,6,3270.83,761.43
2026-06-18,Mobile,Electronics,South,1,913.67,249.86
2026-06-27,Mouse,Accessories,West,3,395.94,111.62
2026-07-06,Mouse,Accessories,East,9,2961.92,393.75
2026-07-04,Headphones,Accessories,West,9,1775.55,375.34
2026-07-10,Laptop,Electronics,South,4,2774.79,361.17
2026-07-02,Laptop,Electronics,West,9,1978.98,386.71
2026-06-15,Mouse,Accessories,South,3,3568.71,529.3
2026-07-05,Camera,Electronics,East,5,2438.84,596.2
2026-07-10,Camera,Electronics,South,1,2878.33,156.94
2026-07-04,Monitor,Electronics,West,7,4373.69,323.18
2026-06-19,Mouse,Accessories,South,4,4810.42,781.86
2026-07-05,Printer,Office,East,1,3038.85,458.59
2026-06-28,Camera,Electronics,North,1,213.25,12.29
2026-06-29,Mouse,Accessories,North,1,4851.95,899.48
2026-07-08,Tablet,Electronics,West,5,3614.39,393.54
2026-06-28,Tablet,Electronics,East,4,582.6,105.9
2026-07-05,Headphones,Accessories,East,2,2537.46,287.38
2026-07-05,Speaker,Accessories,South,4,2304.3,138.78
2026-06-30,Mouse,Accessories,South,3,652.61,165.86
2026-06-23,Camera,Electronics,West,1,4742.05,1245.22
2026-06-23,Speaker,Accessories,South,10,2594.19,346.97
2026-07-03,Laptop,Electronics,North,3,3112.28,918.7
2026-06-12,Keyboard,Accessories,South,10,1858.35,551.98
2026-06-27,Mouse,Accessories,North,2,228.79,46.33
2026-07-10,Camera,Electronics,West,10,2676.4,471.63
2026-07-06,Monitor,Electronics,East,1,1508.38,148.11
2026-06-24,Headphones,Accessories,West,10,3195.05,618.68
2026-07-02,Mouse,Accessories,North,1,1151.36,295.26
2026-06-13,Keyboard,Accessories,North,10,2424.42,527.95
2026-07-08,Printer,Office,East,7,1013.73,154.13
2026-06-14,Headphones,Accessories,North,4,2856.76,663.21
2026-07-09,Camera,Electronics,East,5,2985.38,532.02
2026-06-18,Keyboard,Accessories,East,9,3794.59,529.55
2026-06-17,Monitor,Electronics,North,6,1688.15,259.42
2026-07-12,Tablet,Electronics,North,3,100.67,25.8
2026-07-03,Mouse,Accessories,West,5,316.49,86.09
2026-07-05,Camera,Electronics,West,6,4772.69,566.01
2026-06-15,Speaker,Accessories,East,10,2237.31,448.71
2026-07-05,Mouse,Accessories,East,10,751.31,108.77
2026-06-22,Keyboard,Accessories,South,10,4012.03,1124.19
2026-06-26,Headphones,Accessories,South,9,4037.78,401.96
2026-07-11,Mobile,Electronics,West,7,4678.18,909.59
2026-06-22,Mouse,Accessories,West,2,1876.72,94.08
2026-07-02,Tablet,Electronics,West,1,3875.72,540.17
2026-06-20,Speaker,Accessories,West,9,435.58,107.38
2026-07-11,Speaker,Accessories,North,8,2245.95,383.0
2026-06-14,Printer,Office,South,10,1679.37,264.66
2026-06-12,Speaker,Accessories,North,8,3061.46,600.48
2026-06-15,Speaker,Accessories,North,5,4029.77,279.3
2026-06-28,Monitor,Electronics,East,4,4955.12,644.06
2026-07-02,Keyboard,Accessories,West,5,3494.11,260.12
2026-06-14,Printer,Office,West,2,1818.85,158.75
2026-06-26,Camera,Electronics,West,6,3661.15,534.16
2026-07-05,Mouse,Accessories,West,2,120.86,21.17
2026-06-30,Printer,Office,North,3,3414.33,838.87
2026-06-19,Mobile,Electronics,East,1,1734.51,474.29
2026-06-18,Speaker,Accessories,North,7,1121.89,163.8
2026-07-03,Laptop,Electronics,North,9,3918.42,593.32
2026-07-11,Headphones,Accessories,North,5,1149.59,243.31
2026-07-06,Keyboard,Accessories,South,4,2366.07,492.46
2026-07-12,Mobile,Electronics,East,9,2672.23,191.1
2026-06-22,Mobile,Electronics,North,4,1974.82,309.41
2026-06-27,Speaker,Accessories,West,1,4089.23,779.92
2026-06-13,Keyboard,Accessories,North,2,2149.89,217.7
2026-06-25,Mouse,Accessories,West,7,647.64,149.73
2026-06-13,Tablet,Electronics,North,5,1645.37,109.83
2026-06-30,Headphones,Accessories,East,2,2228.02,236.51
2026-06-18,Headphones,Accessories,North,3,2184.84,653.28
2026-06-15,Headphones,Accessories,West,7,2742.88,404.25
2026-06-29,Speaker,Accessories,South,2,2165.58,426.05
2026-06-25,Speaker,Accessories,East,5,1289.62,77.05
2026-07-05,Keyboard,Accessories,West,2,4548.32,428.49
2026-06-24,Printer,Office,North,1,1755.91,279.72
2026-07-11,Speaker,Accessories,West,9,4076.66,689.51
2026-07-04,Keyboard,Accessories,South,2,3406.92,882.83
2026-06-15,Mobile,Electronics,West,1,4664.45,607.69
2026-06-28,Mouse,Accessories,North,5,1663.26,441.02
2026-06-23,Printer,Office,South,1,3578.38,364.55
2026-07-08,Tablet,Electronics,North,7,1917.73,222.03
2026-06-12,Speaker,Accessories,East,4,3952.1,857.85
2026-07-06,Keyboard,Accessories,South,4,3908.14,760.72
2026-06-14,Speaker,Accessories,West,6,1345.06,187.18
2026-06-13,Headphones,Accessories,West,1,3679.68,615.17
2026-06-20,Laptop,Electronics,East,10,1905.02,387.22
2026-06-24,Laptop,Electronics,East,3,565.81,85.93
2026-06-28,Mouse,Accessories,South,4,400.62,97.26
2026-07-01,Headphones,Accessories,South,5,2338.59,336.28
2026-06-19,Keyboard,Accessories,West,8,530.22,52.79
2026-06-12,Keyboard,Accessories,West,7,349.65,79.61
2026-07-04,Printer,Office,East,2,2601.59,212.85
2026-06-14,Camera,Electronics,South,2,4390.26,1117.88
2026-06-23,Camera,Electronics,East,10,1494.08,133.79
2026-06-12,Speaker,Accessories,South,6,2018.02,516.97
2026-06-30,Laptop,Electronics,North,5,1605.16,415.71
2026-07-12,Speaker,Accessories,South,5,3700.37,264.89
2026-07-03,Keyboard,Accessories,North,5,274.05,17.47
2026-06-24,Headphones,Accessories,West,9,1553.16,329.64
2026-06-18,Keyboard,Accessories,North,8,104.56,10.35
2026-06-24,Keyboard,Accessories,East,4,788.64,182.37
2026-06-22,Tablet,Electronics,South,6,4419.78,1224.29
2026-07-01,Monitor,Electronics,North,6,2740.85,558.52
2026-06-26,Headphones,Accessories,South,9,1387.24,343.77
2026-07-03,Headphones,Accessories,South,10,1228.06,252.21
2026-07-03,Keyboard,Accessories,East,1,2754.7,650.8
2026-07-06,Mobile,Electronics,South,1,369.8,95.57
2026-06-23,Keyboard,Accessories,West,7,4383.24,601.09
2026-07-06,Camera,Electronics,North,1,3790.12,657.12
2026-06-12,Laptop,Electronics,East,3,1402.07,274.46
2026-06-22,Mouse,Accessories,South,4,3602.9,895.76
2026-06-25,Keyboard,Accessories,East,3,4303.54,991.16
2026-06-17,Keyboard,Accessories,South,2,3438.1,283.66
2026-07-07,Keyboard,Accessories,East,10,205.52,19.05
2026-07-08,Printer,Office,North,5,4352.38,1204.93
2026-07-10,Mouse,Accessories,West,3,4425.92,333.99
2026-07-02,Tablet,Electronics,North,5,427.83,76.43
2026-06-29,Tablet,Electronics,South,1,2127.0,258.37
2026-07-04,Camera,Electronics,West,10,3064.79,632.27
2026-07-06,Keyboard,Accessories,East,10,380.51,28.32
2026-07-07,Printer,Office,South,7,1529.26,167.46
2026-06-29,Keyboard,Accessories,West,3,2524.27,287.62
2026-06-20,Headphones,Accessories,North,9,2662.99,521.59
2026-06-16,Camera,Electronics,South,10,2688.35,524.38
2026-07-03,Camera,Electronics,North,9,3872.68,545.54
2026-07-05,Camera,Electronics,South,4,3817.13,1049.73
2026-06-14,Speaker,Accessories,South,1,1720.37,359.05
2026-07-05,Keyboard,Accessories,North,2,2586.51,666.62
2026-07-03,Monitor,Electronics,West,7,2320.58,282.78
2026-06-27,Speaker,Accessories,East,2,1939.61,556.11
2026-06-26,Tablet,Electronics,South,5,706.92,142.79
2026-07-02,Speaker,Accessories,East,4,1840.08,300.49
2026-07-05,Camera,Electronics,North,8,2885.49,170.57
2026-06-27,Keyboard,Accessories,West,8,4664.99,324.98
2026-06-30,Keyboard,Accessories,North,3,3198.4,605.98
2026-06-26,Camera,Electronics,South,5,4271.5,673.7
2026-06-23,Mouse,Accessories,North,8,2474.08,283.69
2026-06-13,Camera,Electronics,South,3,591.36,34.8
2026-06-18,Headphones,Accessories,West,1,2891.36,404.56
2026-06-27,Keyboard,Accessories,East,3,3640.92,200.19
2026-06-27,Tablet,Electronics,East,9,3864.71,964.1
2026-07-08,Laptop,Electronics,East,9,1962.29,496.52
2026-06-14,Tablet,Electronics,South,4,691.53,170.17
2026-07-04,Mobile,Electronics,South,10,406.6,73.52
2026-06-17,Mobile,Electronics,East,8,1835.53,467.27
2026-07-06,Headphones,Accessories,West,5,595.9,151.55
2026-06-21,Monitor,Electronics,East,10,1441.43,283.93
2026-07-10,Headphones,Accessories,West,1,224.7,50.79
2026-06-29,Speaker,Accessories,East,3,824.3,192.27
2026-06-21,Camera,Electronics,North,5,3843.98,293.28
2026-07-12,Camera,Electronics,South,10,1505.6,252.03
2026-06-18,Mobile,Electronics,South,8,1999.77,265.09
2026-06-28,Printer,Office,North,8,3404.3,638.71
2026-07-10,Monitor,Electronics,North,9,1681.58,319.08
2026-06-18,Headphones,Accessories,West,1,3011.21,290.35
2026-06-23,Speaker,Accessories,North,3,2819.89,398.46
2026-06-25,Speaker,Accessories,East,6,2556.49,401.03
2026-07-11,Mobile,Electronics,West,7,2292.58,202.52
2026-06-18,Tablet,Electronics,North,7,277.2,17.21
2026-07-05,Keyboard,Accessories,East,5,201.83,56.71
2026-07-10,Speaker,Accessories,East,5,4254.83,1029.41
2026-07-11,Tablet,Electronics,West,5,1454.11,106.78
2026-06-17,Mobile,Electronics,East,4,1301.88,216.1
2026-06-20,Camera,Electronics,West,10,3646.5,794.31
2026-06-24,Tablet,Electronics,South,2,3061.47,153.65
2026-06-22,Camera,Electronics,North,1,4010.5,686.97
2026-06-24,Keyboard,Accessories,South,6,2932.72,157.64
2026-06-22,Printer,Office,East,5,4798.34,615.9
2026-06-23,Printer,Office,North,8,4347.69,971.21
2026-06-17,Camera,Electronics,South,4,2028.05,252.86
2026-06-20,Tablet,Electronics,West,7,3313.59,306.9
2026-07-02,Camera,Electronics,West,9,890.62,229.4
2026-07-11,Monitor,Electronics,East,1,3141.23,756.82
2026-06-29,Keyboard,Accessories,North,3,3838.63,343.77
2026-07-03,Mouse,Accessories,North,5,133.02,36.92
2026-06-13,Tablet,Electronics,East,2,4867.32,285.72
2026-06-27,Camera,Electronics,East,5,1532.67,456.25
2026-06-19,Tablet,Electronics,East,7,3430.22,526.0
2026-07-01,Monitor,Electronics,West,1,4973.26,976.13
2026-06-18,Printer,Office,North,9,1388.98,169.93
2026-07-05,Speaker,Accessories,West,4,3597.66,425.21
2026-06-18,Printer,Office,North,9,4456.68,496.06
2026-07-04,Mouse,Accessories,North,2,4940.76,283.49
2026-06-29,Keyboard,Accessories,West,2,1307.29,206.25
2026-06-24,Printer,Office,North,1,3914.6,948.81
2026-06-29,Mouse,Accessories,North,9,4794.48,1153.66
2026-06-16,Headphones,Accessories,West,6,125.5,18.52
2026-06-12,Mouse,Accessories,South,2,4369.53,590.57
2026-06-18,Speaker,Accessories,West,9,1814.16,111.92
2026-06-17,Laptop,Electronics,South,9,3284.1,757.83
2026-07-08,Keyboard,Accessories,West,7,4545.59,679.54
2026-07-03,Mouse,Accessories,South,6,2108.36,544.59
2026-06-16,Speaker,Accessories,West,10,1837.7,405.23
2026-07-02,Keyboard,Accessories,North,2,1729.14,447.79
2026-07-01,Keyboard,Accessories,North,2,3243.12,266.5
2026-06-23,Headphones,Accessories,West,4,4399.42,1251.5
2026-06-17,Camera,Electronics,North,10,4361.31,598.81
2026-06-26,Headphones,Accessories,North,10,3649.52,870.77
2026-06-17,Mobile,Electronics,North,8,1845.62,255.75
2026-06-13,Printer,Office,West,5,1026.73,287.67
2026-06-17,Camera,Electronics,North,2,3952.95,604.98
2026-06-27,Tablet,Electronics,West,8,3095.31,340.52
2026-06-30,Headphones,Accessories,South,8,3261.71,269.93
2026-06-27,Tablet,Electronics,East,9,4833.03,829.68
2026-07-01,Headphones,Accessories,West,9,4419.55,856.29
2026-06-22,Headphones,Accessories,South,8,4516.46,1059.27
2026-07-04,Camera,Electronics,East,4,4652.76,413.79
2026-07-05,Laptop,Electronics,West,8,2245.55,461.86
2026-06-16,Camera,Electronics,West,6,3276.18,630.34
2026-06-23,Camera,Electronics,South,8,1327.98,254.33
2026-06-19,Printer,Office,West,6,4614.64,1322.29
2026-06-22,Mouse,Accessories,West,6,1083.94,111.61
2026-07-03,Headphones,Accessories,East,8,4299.83,621.0
2026-06-29,Mobile,Electronics,South,4,4149.69,533.14
2026-07-02,Printer,Office,West,4,4887.56,268.08
2026-06-22,Tablet,Electronics,South,6,527.19,153.01
2026-06-22,Tablet,Electronics,South,9,1109.82,212.87
2026-06-19,Speaker,Accessories,South,7,1805.46,163.46
2026-06-27,Mobile,Electronics,South,5,2039.92,117.66
2026-07-03,Tablet,Electronics,West,8,1837.78,140.31
2026-06-28,Speaker,Accessories,South,3,657.51,191.69
2026-06-24,Speaker,Accessories,North,7,2362.57,468.06
2026-06-17,Printer,Office,West,7,1138.1,141.2
2026-07-09,Camera,Electronics,West,7,316.13,56.79
2026-06-26,Keyboard,Accessories,West,4,4994.18,1412.55
2026-06-20,Mobile,Electronics,North,8,2533.38,697.6
2026-06-14,Camera,Electronics,West,2,4331.93,276.89
2026-07-01,Mobile,Electronics,East,10,2594.24,507.13
2026-07-04,Keyboard,Accessories,East,10,767.06,225.2
2026-06-23,Printer,Office,East,5,1703.59,189.13
2026-06-23,Monitor,Electronics,North,3,2464.46,448.07
2026-07-03,Headphones,Accessories,North,2,2499.37,607.6
2026-06-24,Mobile,Electronics,West,5,2801.06,348.98
2026-07-08,Printer,Office,West,2,3935.77,965.75
2026-07-03,Mouse,Accessories,North,5,2684.08,776.61
2026-07-03,Monitor,Electronics,North,9,941.13,136.29
2026-06-28,Camera,Electronics,West,3,1266.19,277.84
2026-06-23,Speaker,Accessories,East,1,514.59,119.78
2026-07-11,Camera,Electronics,South,9,2278.83,581.14
2026-06-16,Laptop,Electronics,West,7,2110.85,313.1
2026-06-22,Camera,Electronics,South,9,2588.67,662.04
2026-07-04,Camera,Electronics,South,6,4201.21,650.49
2026-07-02,Keyboard,Accessories,North,9,1773.45,100.36
2026-06-21,Printer,Office,East,3,3450.36,347.03
2026-06-25,Tablet,Electronics,East,5,2063.48,246.78
2026-07-09,Camera,Electronics,North,5,4269.84,304.78
2026-07-01,Monitor,Electronics,North,6,946.88,95.57
2026-06-25,Mouse,Accessories,East,4,743.03,98.58
2026-07-06,Mouse,Accessories,South,9,3541.56,630.66
2026-07-05,Mobile,Electronics,West,10,3556.61,205.42
2026-07-10,Tablet,Electronics,West,4,2992.36,810.5
2026-07-02,Mouse,Accessories,East,7,4921.71,939.65
2026-06-21,Tablet,Electronics,South,6,4665.02,467.16
2026-06-17,Printer,Office,West,7,3956.38,233.91
2026-06-24,Printer,Office,West,5,2588.84,400.81
2026-06-22,Laptop,Electronics,North,1,4954.9,946.25
2026-07-12,Keyboard,Accessories,East,3,2629.67,534.67
2026-06-18,Printer,Office,South,8,3356.34,536.5
2026-07-12,Mouse,Accessories,North,6,992.04,258.04
2026-06-30,Headphones,Accessories,South,3,3810.82,339.39
2026-06-25,Mouse,Accessories,West,3,4605.27,859.58
2026-07-07,Laptop,Electronics,East,9,1765.53,331.83
2026-06-24,Monitor,Electronics,North,8,3492.43,462.68
2026-07-03,Keyboard,Accessories,West,6,4022.24,350.51
2026-07-12,Tablet,Electronics,North,3,1148.81,127.56
2026-06-29,Headphones,Accessories,South,1,696.88,106.54
2026-07-01,Printer,Office,East,3,3224.01,817.25
2026-06-29,Laptop,Electronics,South,1,3557.88,882.39
2026-07-12,Mobile,Electronics,South,7,3132.11,406.44
2026-06-23,Mobile,Electronics,South,2,1420.9,403.17
2026-06-16,Keyboard,Accessories,South,8,3041.83,722.48
2026-06-23,Camera,Electronics,East,6,3733.04,217.73
2026-07-11,Monitor,Electronics,South,2,1970.96,440.39
2026-07-05,Laptop,Electronics,North,10,3722.03,1019.88
2026-06-14,Camera,Electronics,North,5,1916.47,516.5
2026-06-27,Mobile,Electronics,North,9,380.17,31.88
2026-06-15,Tablet,Electronics,East,1,1600.33,106.33
2026-06-19,Laptop,Electronics,East,6,3191.21,753.67
2026-06-19,Speaker,Accessories,South,1,1556.56,271.26
2026-07-03,Monitor,Electronics,West,8,3349.72,704.66
2026-06-26,Printer,Office,South,5,3198.4,551.11
2026-06-25,Mobile,Electronics,South,10,2210.06,327.08
2026-07-02,Headphones,Accessories,North,8,3619.96,1004.01
2026-07-07,Laptop,Electronics,South,3,4142.22,947.12
2026-07-07,Speaker,Accessories,South,8,158.49,30.84
2026-06-16,Laptop,Electronics,East,4,4808.81,1035.47
2026-07-01,Headphones,Accessories,South,3,1303.98,330.47
2026-06-21,Mouse,Accessories,South,3,4516.43,228.5
2026-06-13,Printer,Office,East,2,3714.99,854.26
2026-07-03,Mobile,Electronics,East,4,3861.36,851.73
2026-07-01,Speaker,Accessories,West,6,155.97,24.74
2026-07-04,Printer,Office,North,8,878.8,191.27
2026-07-06,Tablet,Electronics,East,7,2989.77,724.24
2026-06-30,Tablet,Electronics,South,7,1214.37,339.83
2026-06-17,Mouse,Accessories,East,9,1001.53,101.0
2026-07-09,Laptop,Electronics,North,7,4869.12,279.19
2026-07-08,Tablet,Electronics,South,6,2212.1,512.86
2026-06-20,Headphones,Accessories,South,1,4529.39,934.6
2026-07-01,Mouse,Accessories,West,1,3915.04,832.09
2026-06-30,Monitor,Electronics,South,7,3644.83,431.42
2026-06-18,Camera,Electronics,West,8,271.63,45.86
2026-06-15,Laptop,Electronics,East,6,2603.54,133.24
2026-07-05,Camera,Electronics,West,8,3914.67,805.7
2026-06-12,Laptop,Electronics,North,8,1450.29,113.84
2026-06-30,Laptop,Electronics,West,10,4732.37,1254.92
2026-06-21,Monitor,Electronics,North,1,4190.37,1084.42
2026-06-18,Mouse,Accessories,North,8,3103.37,874.33
2026-06-21,Camera,Electronics,North,10,637.52,72.47
2026-06-12,Camera,Electronics,North,9,1982.27,138.54
2026-07-05,Headphones,Accessories,East,1,4010.9,844.8
2026-06-28,Mobile,Electronics,South,4,788.17,99.6
2026-07-07,Speaker,Accessories,West,1,2565.1,391.58
2026-06-15,Speaker,Accessories,South,3,519.62,74.13
2026-07-06,Monitor,Electronics,South,10,781.92,215.37
2026-07-07,Mobile,Electronics,West,3,3139.56,478.43
2026-06-13,Headphones,Accessories,East,5,3509.38,692.65
2026-06-16,Mouse,Accessories,West,5,3117.08,472.66
2026-06-15,Mobile,Electronics,East,8,4915.85,325.55
2026-07-09,Mobile,Electronics,North,9,776.57,165.61
2026-06-25,Tablet,Electronics,South,5,3694.55,985.18
2026-06-26,Printer,Office,East,3,2823.12,692.15
2026-06-12,Printer,Office,South,9,3406.03,463.39
2026-07-03,Printer,Office,North,7,4587.31,284.72
2026-06-18,Camera,Electronics,South,9,1488.27,203.25
2026-07-10,Mobile,Electronics,North,2,1375.06,99.63
2026-06-24,Monitor,Electronics,East,7,4163.47,682.83
2026-06-27,Mouse,Accessories,South,1,1696.67,96.77
2026-07-09,Speaker,Accessories,West,5,3597.64,613.77
2026-06-16,Mobile,Electronics,North,8,3320.7,993.9
2026-06-24,Camera,Electronics,North,7,4261.05,1209.2
2026-06-13,Headphones,Accessories,East,8,359.21,92.38
2026-07-06,Mouse,Accessories,East,1,4899.17,1290.67
2026-07-10,Headphones,Accessories,East,5,1367.58,248.03
2026-07-11,Printer,Office,West,3,4249.15,1241.16
2026-06-17,Headphones,Accessories,East,7,4340.18,994.33
2026-07-12,Mouse,Accessories,North,2,3855.51,408.62
2026-06-21,Keyboard,Accessories,East,6,3748.85,402.0
2026-06-16,Printer,Office,North,6,4495.86,444.3
2026-06-22,Camera,Electronics,South,2,4953.56,1072.39
2026-07-05,Printer,Office,South,7,1491.78,274.46
2026-07-08,Laptop,Electronics,East,7,4795.52,1267.71
2026-06-30,Mouse,Accessories,North,3,3584.04,666.08
2026-07-08,Monitor,Electronics,East,2,3460.71,239.38
2026-06-19,Mouse,Accessories,West,7,2471.93,436.5
2026-07-10,Camera,Electronics,East,8,2683.54,787.08
2026-06-17,Mobile,Electronics,East,7,1453.05,309.69
2026-06-22,Headphones,Accessories,North,6,3230.95,539.5
2026-07-11,Laptop,Electronics,North,2,4820.82,1444.63
2026-06-23,Speaker,Accessories,East,2,2075.86,403.58
2026-06-26,Keyboard,Accessories,West,5,2199.03,622.22
2026-07-01,Tablet,Electronics,East,2,3527.02,206.28
2026-07-08,Headphones,Accessories,North,8,2915.6,566.82
2026-06-24,Printer,Office,East,5,1554.78,142.37
2026-07-08,Keyboard,Accessories,West,3,455.91,84.59
2026-06-14,Speaker,Accessories,West,5,1335.2,305.01
2026-06-28,Laptop,Electronics,North,6,4284.36,1266.07
2026-07-06,Laptop,Electronics,North,8,3872.65,333.01
2026-07-03,Keyboard,Accessories,South,10,4205.98,740.53
2026-07-03,Keyboard,Accessories,East,2,3086.65,743.69
2026-06-13,Mouse,Accessories,North,6,1974.78,248.98
2026-07-11,Keyboard,Accessories,West,9,4802.68,260.21
2026-06-17,Laptop,Electronics,West,9,3501.78,415.77
2026-06-18,Laptop,Electronics,West,3,4641.95,899.28
2026-07-06,Monitor,Electronics,South,3,744.1,66.51
2026-06-14,Camera,Electronics,West,4,3045.74,462.25
2026-07-09,Tablet,Electronics,North,8,3534.62,759.43
2026-06-21,Printer,Office,West,10,3905.88,603.22
2026-06-13,Keyboard,Accessories,West,4,4296.45,882.75
2026-07-06,Speaker,Accessories,North,3,4133.47,1191.53
2026-06-21,Headphones,Accessories,South,3,1214.38,294.72
2026-06-23,Tablet,Electronics,West,4,3107.28,232.4
2026-06-15,Keyboard,Accessories,South,9,4362.1,224.07
2026-06-29,Mobile,Electronics,West,3,4366.98,858.54
2026-06-13,Mouse,Accessories,East,10,1204.35,316.41
2026-06-20,Tablet,Electronics,West,6,2090.89,235.37
2026-06-28,Headphones,Accessories,South,9,3954.42,849.83
2026-06-24,Keyboard,Accessories,East,8,663.33,193.84
2026-06-27,Monitor,Electronics,North,4,1502.67,111.3
2026-07-11,Mouse,Accessories,North,4,1371.57,232.13
2026-07-11,Tablet,Electronics,East,6,4443.44,763.82
2026-06-15,Keyboard,Accessories,South,6,4616.93,521.01
2026-06-13,Laptop,Electronics,West,5,3878.84,1012.43
2026-07-09,Printer,Office,West,2,406.55,46.95
2026-06-23,Keyboard,Accessories,West,3,913.45,240.79
2026-06-23,Mouse,Accessories,East,3,2552.13,556.78
2026-06-23,Mouse,Accessories,West,10,2115.47,578.58
2026-06-26,Speaker,Accessories,South,9,3777.69,801.68
2026-07-11,Camera,Electronics,West,6,1543.06,318.35
2026-07-05,Keyboard,Accessories,North,8,3144.26,265.17
2026-06-20,Camera,Electronics,West,7,1776.36,516.16
2026-06-24,Keyboard,Accessories,South,9,355.09,59.44
2026-06-19,Speaker,Accessories,North,2,2436.22,343.76
2026-06-17,Camera,Electronics,West,7,1086.47,151.02
2026-06-30,Printer,Office,East,2,4131.95,645.7
2026-06-19,Speaker,Accessories,South,10,3630.06,985.36
2026-07-04,Camera,Electronics,South,4,1527.28,123.25
2026-06-29,Camera,Electronics,West,1,714.46,185.16
2026-06-24,Mobile,Electronics,East,8,1712.48,345.54
2026-06-28,Printer,Office,South,5,614.7,64.54
2026-07-12,Laptop,Electronics,South,10,1950.54,207.21
2026-06-22,Monitor,Electronics,West,4,1196.71,339.55
2026-06-29,Mobile,Electronics,North,4,643.86,145.67
2026-06-22,Printer,Office,West,5,2817.29,438.85
2026-06-28,Keyboard,Accessories,South,9,2123.45,517.39
2026-06-12,Keyboard,Accessories,South,3,4884.94,403.42
2026-06-21,Monitor,Electronics,South,6,3934.88,204.59
2026-06-20,Tablet,Electronics,South,3,4123.5,437.43
2026-06-23,Headphones,Accessories,East,1,4294.06,324.5
2026-07-04,Camera,Electronics,West,4,547.68,81.78
2026-07-07,Tablet,Electronics,West,5,2502.46,663.3
2026-06-21,Speaker,Accessories,West,9,1243.31,213.75
2026-07-03,Camera,Electronics,North,2,3417.85,691.55
2026-06-14,Tablet,Electronics,East,2,2193.17,135.59
2026-07-12,Monitor,Electronics,West,3,4765.86,424.95
2026-07-02,Laptop,Electronics,West,1,4140.51,741.84
2026-06-17,Monitor,Electronics,North,4,1823.44,401.6
2026-07-11,Camera,Electronics,West,1,4092.86,796.14
2026-07-05,Printer,Office,East,10,3755.8,390.64
2026-06-25,Keyboard,Accessories,South,5,2176.98,610.98
2026-06-25,Camera,Electronics,South,5,1448.52,95.34
2026-06-16,Monitor,Electronics,North,7,4287.65,951.44
2026-06-21,Mouse,Accessories,West,7,1213.94,140.13
2026-06-24,Speaker,Accessories,East,1,487.74,116.87
2026-06-20,Tablet,Electronics,South,5,2269.18,185.69
2026-07-10,Monitor,Electronics,North,5,378.0,97.7
2026-06-17,Tablet,Electronics,East,3,2854.65,308.89
2026-06-26,Headphones,Accessories,West,1,2050.79,531.71
2026-06-23,Laptop,Electronics,South,7,1873.53,350.84
2026-06-13,Mobile,Electronics,North,6,1114.5,328.51
2026-07-09,Keyboard,Accessories,North,2,3171.33,404.98
2026-06-29,Speaker,Accessories,South,5,1108.67,136.88
2026-06-19,Keyboard,Accessories,West,8,272.19,27.19
2026-06-22,Speaker,Accessories,East,3,1932.41,311.9
2026-06-24,Speaker,Accessories,West,5,277.76,52.45
2026-06-25,Laptop,Electronics,South,4,3179.66,272.16
2026-07-12,Camera,Electronics,West,5,2439.18,428.1
2026-07-09,Headphones,Accessories,North,5,2271.46,601.13
2026-06-19,Tablet,Electronics,East,5,1865.19,235.68
2026-06-12,Mouse,Accessories,West,4,4147.12,281.12
2026-07-03,Speaker,Accessories,East,9,1994.42,147.4
2026-06-28,Keyboard,Accessories,West,1,250.57,54.02
2026-06-13,Speaker,Accessories,South,9,1363.08,86.56
2026-06-24,Speaker,Accessories,West,2,4359.85,1033.91
2026-06-27,Keyboard,Accessories,West,9,4544.15,238.74
2026-07-03,Monitor,Electronics,East,2,1966.47,213.9
2026-06-22,Camera,Electronics,South,4,2235.43,157.78
2026-06-23,Mouse,Accessories,South,6,1594.93,238.72
2026-07-10,Speaker,Accessories,South,4,259.09,43.19
2026-06-28,Mouse,Accessories,East,10,4488.46,330.23
2026-06-25,Mobile,Electronics,East,4,3316.78,762.87
2026-06-22,Monitor,Electronics,North,2,2475.15,235.54
2026-06-20,Monitor,Electronics,South,1,3251.81,690.46
2026-07-07,Camera,Electronics,South,2,649.55,191.8
2026-06-12,Keyboard,Accessories,South,1,1146.58,319.43
2026-07-12,Keyboard,Accessories,West,7,1929.72,315.39
2026-07-12,Monitor,Electronics,North,8,2177.83,415.47
2026-07-06,Keyboard,Accessories,West,3,776.64,172.26
2026-06-23,Speaker,Accessories,South,4,695.74,137.56
2026-07-08,Printer,Office,South,9,4078.2,819.55
2026-06-17,Monitor,Electronics,South,4,2294.57,657.88
2026-07-12,Laptop,Electronics,West,4,3951.46,995.03
2026-06-24,Mouse,Accessories,West,1,4457.63,501.29
2026-07-06,Camera,Electronics,North,1,3336.33,569.95
2026-06-20,Mouse,Accessories,North,6,1258.47,303.12
2026-06-21,Laptop,Electronics,West,7,2003.63,571.08
2026-06-17,Headphones,Accessories,South,7,4928.56,1347.15
2026-06-18,Mobile,Electronics,North,2,4521.18,303.1
2026-07-12,Camera,Electronics,North,1,1550.99,215.95
2026-06-22,Speaker,Accessories,West,3,1201.91,120.69
2026-07-03,Printer,Office,South,10,4075.39,279.07
2026-07-03,Camera,Electronics,West,7,523.24,117.11
2026-06-17,Headphones,Accessories,West,6,1898.64,515.39
2026-06-27,Monitor,Electronics,West,7,769.63,97.64
2026-06-30,Laptop,Electronics,West,7,2062.33,519.15
2026-07-12,Monitor,Electronics,East,9,367.68,44.05
2026-06-20,Speaker,Accessories,West,2,1048.58,302.47
2026-06-20,Mobile,Electronics,North,10,943.92,218.96
2026-06-21,Printer,Office,South,4,477.51,35.99
2026-07-01,Speaker,Accessories,South,1,3578.36,569.07
2026-07-04,Mouse,Accessories,East,8,1376.16,183.62
2026-06-14,Mobile,Electronics,East,2,1637.93,104.03
2026-06-21,Monitor,Electronics,South,2,2841.63,596.62
2026-06-14,Tablet,Electronics,East,5,568.77,131.22
2026-07-08,Speaker,Accessories,South,1,420.14,37.12
2026-07-12,Monitor,Electronics,South,9,3803.24,776.61
2026-06-12,Mobile,Electronics,West,2,2364.75,587.5
2026-07-01,Camera,Electronics,West,10,437.22,22.2
2026-06-16,Mouse,Accessories,West,7,3468.68,418.01
2026-07-12,Mouse,Accessories,South,4,3399.98,944.31
2026-06-22,Laptop,Electronics,West,10,1294.47,337.46
2026-07-08,Laptop,Electronics,West,4,3810.4,1043.81
2026-07-05,Mobile,Electronics,South,8,3547.84,353.89
2026-07-08,Camera,Electronics,South,7,2131.73,587.53
2026-06-13,Monitor,Electronics,South,3,2091.94,564.15
2026-06-14,Headphones,Accessories,South,10,3471.71,281.51
2026-06-16,Monitor,Electronics,North,10,3021.04,885.82
2026-06-20,Headphones,Accessories,South,2,1589.76,179.47
2026-06-24,Speaker,Accessories,East,6,1388.29,208.07
2026-06-19,Mouse,Accessories,West,8,1227.23,299.43
2026-07-09,Monitor,Electronics,South,3,4935.27,1410.02
2026-06-30,Monitor,Electronics,West,6,3134.06,659.78
2026-06-14,Headphones,Accessories,South,7,3013.63,611.13
2026-06-24,Printer,Office,East,10,3855.63,862.92
2026-06-25,Headphones,Accessories,North,6,713.58,155.91
2026-06-16,Headphones,Accessories,South,7,2587.71,506.2
2026-06-26,Monitor,Electronics,North,5,2814.37,767.74
2026-07-10,Headphones,Accessories,North,9,2322.01,674.0
2026-07-02,Mobile,Electronics,East,8,2135.66,630.24
2026-06-28,Camera,Electronics,North,2,1884.91,179.67
2026-07-02,Printer,Office,East,1,683.37,142.45
2026-06-14,Mouse,Accessories,South,4,2332.47,523.6
2026-07-09,Monitor,Electronics,East,4,3527.18,241.49
2026-06-25,Camera,Electronics,East,5,749.84,179.13
2026-06-15,Keyboard,Accessories,South,7,2408.91,166.97
2026-06-30,Headphones,Accessories,South,10,1594.27,191.91
2026-07-10,Headphones,Accessories,East,8,2657.81,740.72
2026-07-04,Printer,Office,North,6,3285.09,180.93
2026-07-02,Tablet,Electronics,West,3,1954.22,548.38
2026-06-26,Laptop,Electronics,North,4,2213.06,202.68
2026-06-18,Tablet,Electronics,South,1,4794.43,717.33
2026-07-05,Speaker,Accessories,South,1,3816.66,1037.64
2026-07-11,Monitor,Electronics,North,7,1653.18,272.81
2026-06-15,Headphones,Accessories,West,2,3478.55,513.85
2026-06-12,Laptop,Electronics,East,10,3718.9,1111.01
2026-06-17,Laptop,Electronics,East,2,3723.79,903.7
2026-06-18,Mobile,Electronics,South,4,2341.68,249.89
2026-06-28,Speaker,Accessories,East,4,2725.62,287.07
2026-06-20,Keyboard,Accessories,North,4,1247.08,307.69
2026-07-12,Speaker,Accessories,South,2,3956.46,1103.36
2026-07-09,Tablet,Electronics,East,6,1284.99,312.88
2026-06-15,Speaker,Accessories,West,9,4796.92,490.63
2026-06-24,Laptop,Electronics,East,10,3449.31,691.53
2026-06-25,Tablet,Electronics,West,9,313.44,50.07
2026-06-15,Headphones,Accessories,West,2,2546.27,509.16
2026-06-28,Keyboard,Accessories,East,6,2197.1,467.71
2026-06-28,Monitor,Electronics,South,2,2342.61,382.44
2026-07-05,Speaker,Accessories,South,8,4054.41,1212.81
2026-06-16,Printer,Office,South,3,4901.96,1260.4
2026-06-14,Mobile,Electronics,West,3,600.11,144.86
2026-07-07,Headphones,Accessories,South,3,4080.81,526.02
2026-06-25,Tablet,Electronics,East,9,1871.62,505.39
2026-06-26,Mobile,Electronics,East,7,3524.67,461.6
2026-06-15,Laptop,Electronics,West,5,4245.13,641.64
2026-07-08,Headphones,Accessories,South,10,3093.04,851.31
2026-07-03,Headphones,Accessories,East,8,353.49,66.83
2026-06-19,Printer,Office,South,6,4884.45,617.67
2026-06-19,Tablet,Electronics,North,3,1145.22,187.65
2026-06-27,Tablet,Electronics,South,10,3137.95,384.92
2026-06-13,Camera,Electronics,North,6,1682.15,184.71
2026-06-20,Mouse,Accessories,South,4,3428.36,421.83
2026-06-27,Tablet,Electronics,West,4,2215.19,126.39
2026-06-22,Camera,Electronics,West,3,2292.09,224.31
2026-06-25,Mobile,Electronics,East,6,299.28,59.51
2026-06-28,Headphones,Accessories,North,3,2441.37,547.65
2026-06-20,Tablet,Electronics,South,8,3803.57,341.69
2026-06-24,Laptop,Electronics,South,8,4956.85,322.94
2026-07-06,Keyboard,Accessories,South,6,2810.01,262.69
2026-06-18,Headphones,Accessories,West,1,1934.32,377.77
2026-07-02,Headphones,Accessories,North,10,4249.28,796.12
2026-07-04,Monitor,Electronics,West,6,2639.86,371.24
2026-07-07,Headphones,Accessories,West,10,1332.07,268.19
2026-07-01,Keyboard,Accessories,North,4,4840.45,1266.55
2026-06-18,Tablet,Electronics,South,1,3048.92,346.21
2026-07-08,Tablet,Electronics,South,9,2565.42,269.53
2026-07-04,Printer,Office,West,2,3017.95,781.47
2026-07-06,Camera,Electronics,West,3,2668.65,743.78
2026-07-10,Laptop,Electronics,East,5,3543.82,543.12
2026-07-03,Keyboard,Accessories,East,10,4893.13,325.48
2026-06-26,Laptop,Electronics,North,1,740.72,85.27
2026-07-12,Laptop,Electronics,East,8,457.11,51.71
2026-06-12,Tablet,Electronics,North,9,1003.92,81.47
2026-07-12,Camera,Electronics,South,9,1932.68,565.13
2026-06-22,Mobile,Electronics,South,2,846.01,102.12
2026-06-28,Mouse,Accessories,South,5,581.11,142.92
2026-07-04,Camera,Electronics,South,9,447.26,49.16
2026-06-14,Tablet,Electronics,West,9,3055.52,176.13
2026-07-05,Printer,Office,West,9,262.87,27.77
2026-06-13,Keyboard,Accessories,West,2,4630.99,524.16
2026-06-29,Tablet,Electronics,North,8,4951.52,1357.79
2026-06-27,Printer,Office,West,2,1548.4,410.3
2026-07-02,Laptop,Electronics,West,10,2818.58,761.16
2026-06-27,Laptop,Electronics,East,1,1911.54,484.2
2026-07-12,Keyboard,Accessories,South,4,2568.4,650.84
2026-06-18,Mouse,Accessories,East,7,807.58,196.7
2026-07-11,Mobile,Electronics,West,3,3133.08,886.09
2026-06-26,Monitor,Electronics,East,8,261.46,56.57
2026-07-11,Printer,Office,South,7,1046.69,252.09
2026-07-07,Laptop,Electronics,South,2,2736.86,175.61
2026-07-01,Headphones,Accessories,North,6,4634.54,1066.34
2026-07-01,Tablet,Electronics,North,2,4036.03,875.64
2026-06-23,Tablet,Electronics,West,6,972.33,162.9
2026-06-28,Mouse,Accessories,East,8,2376.22,384.3
2026-06-19,Mobile,Electronics,East,1,2018.55,510.8
2026-06-15,Camera,Electronics,South,6,1200.23,127.04
2026-06-21,Mouse,Accessories,North,7,816.48,181.51
2026-07-05,Monitor,Electronics,West,5,290.63,84.3
2026-06-23,Camera,Electronics,South,10,2321.01,652.23
2026-06-21,Headphones,Accessories,North,7,4314.19,268.41
2026-06-13,Keyboard,Accessories,North,6,907.19,200.01
2026-07-03,Camera,Electronics,West,8,1665.2,160.35
2026-06-17,Keyboard,Accessories,South,10,4898.23,349.56
2026-07-05,Speaker,Accessories,South,4,1455.42,110.26
2026-06-26,Tablet,Electronics,North,9,2404.46,592.7
2026-06-19,Mouse,Accessories,West,1,4826.31,1068.72
2026-06-17,Printer,Office,South,2,123.03,31.69
2026-06-18,Monitor,Electronics,East,1,2944.34,255.3
2026-06-28,Tablet,Electronics,South,8,3738.46,431.13
2026-06-17,Speaker,Accessories,South,2,1053.46,154.72
2026-06-28,Monitor,Electronics,West,2,2862.07,536.59
2026-07-05,Camera,Electronics,West,5,873.92,240.16
2026-06-15,Camera,Electronics,West,10,787.12,235.61
2026-06-13,Speaker,Accessories,East,2,1649.49,168.05
2026-06-22,Mobile,Electronics,West,7,710.59,144.97
2026-07-03,Printer,Office,North,1,3738.57,905.65
2026-07-05,Mobile,Electronics,South,5,4067.97,605.9
2026-06-19,Keyboard,Accessories,North,5,3018.26,410.68
2026-06-21,Monitor,Electronics,South,9,4498.99,630.89
2026-06-25,Camera,Electronics,East,1,4352.92,1266.98
2026-06-29,Tablet,Electronics,North,8,4114.19,952.47
2026-06-17,Keyboard,Accessories,South,1,4896.87,844.82
2026-06-23,Mouse,Accessories,West,10,1371.0,344.86
2026-06-24,Mouse,Accessories,North,6,210.61,63.08
2026-07-08,Monitor,Electronics,South,10,2539.54,755.78
2026-06-25,Laptop,Electronics,North,2,3009.44,345.56
2026-06-21,Camera,Electronics,North,3,1831.18,507.53
2026-06-25,Monitor,Electronics,West,6,174.9,49.99
2026-06-20,Mobile,Electronics,South,3,469.82,46.41
2026-06-19,Monitor,Electronics,West,1,4831.51,1300.08
2026-07-03,Camera,Electronics,North,10,2410.41,136.24
2026-07-05,Monitor,Electronics,West,1,2173.76,375.95
2026-07-11,Mobile,Electronics,East,8,1357.59,275.01
2026-06-22,Camera,Electronics,North,7,3020.39,623.34
2026-06-22,Monitor,Electronics,West,9,2446.07,277.63
2026-07-04,Mouse,Accessories,North,4,1750.28,110.29
2026-07-03,Mobile,Electronics,North,10,1035.76,121.66
2026-06-24,Keyboard,Accessories,North,6,4471.03,601.16
2026-06-17,Mouse,Accessories,West,1,2508.83,402.1
2026-06-26,Mouse,Accessories,East,7,4081.97,1132.72
2026-07-06,Monitor,Electronics,West,4,4254.87,971.31
2026-06-29,Monitor,Electronics,North,3,543.36,140.88
2026-07-03,Tablet,Electronics,North,9,4570.23,392.54
2026-07-06,Mobile,Electronics,North,3,2420.34,702.18
2026-06-21,Printer,Office,East,9,4376.38,1184.8
2026-07-06,Mobile,Electronics,North,1,3657.9,627.51
2026-07-06,Speaker,Accessories,South,5,859.54,178.0
2026-07-03,Mobile,Electronics,South,2,2981.98,501.54
2026-06-30,Keyboard,Accessories,East,6,3485.62,916.44
2026-06-14,Headphones,Accessories,North,9,2085.13,596.62
2026-06-28,Printer,Office,North,10,2377.79,502.45
2026-07-06,Headphones,Accessories,North,6,307.78,84.17
2026-06-20,Headphones,Accessories,West,1,2099.89,522.07
2026-07-03,Mobile,Electronics,North,7,3102.37,175.35
2026-06-30,Mobile,Electronics,West,5,2885.02,258.8
2026-06-30,Speaker,Accessories,North,2,707.95,150.71
2026-06-25,Camera,Electronics,West,8,922.93,107.88
2026-06-23,Monitor,Electronics,East,6,904.96,115.64
2026-06-24,Mouse,Accessories,North,8,1782.92,378.95
2026-06-14,Tablet,Electronics,South,5,293.8,79.47
2026-07-01,Printer,Office,East,3,3656.08,653.81
2026-06-29,Monitor,Electronics,South,10,3409.29,359.56
2026-06-23,Tablet,Electronics,North,8,4424.38,1290.23
2026-06-27,Laptop,Electronics,West,10,4706.2,679.57
2026-06-20,Tablet,Electronics,West,6,2781.53,344.74
2026-06-21,Camera,Electronics,South,7,221.09,43.58
2026-07-11,Mobile,Electronics,North,2,2679.1,185.44
2026-06-15,Printer,Office,South,1,2149.17,447.0
2026-06-15,Monitor,Electronics,East,10,4090.67,839.94
2026-06-29,Speaker,Accessories,North,8,4266.11,1138.58
2026-06-22,Monitor,Electronics,North,2,2586.25,482.53
2026-06-22,Mouse,Accessories,East,10,3919.91,258.79
2026-06-13,Camera,Electronics,North,9,4231.7,783.22
2026-06-15,Mouse,Accessories,West,3,3456.18,857.58
2026-06-19,Tablet,Electronics,East,3,3811.42,624.4
2026-07-04,Mouse,Accessories,North,4,3706.88,514.9
2026-06-20,Laptop,Electronics,West,2,4485.4,1124.31
2026-07-04,Monitor,Electronics,East,5,163.66,17.0
2026-06-22,Printer,Office,East,5,3410.36,913.52
2026-06-26,Printer,Office,South,10,3335.07,707.8
2026-07-04,Laptop,Electronics,North,3,555.21,100.42
2026-07-01,Mouse,Accessories,West,2,4005.48,843.56
2026-06-20,Headphones,Accessories,West,1,3639.78,758.48
2026-06-16,Mouse,Accessories,South,7,613.62,69.7
2026-07-09,Tablet,Electronics,South,1,3970.46,936.86
2026-07-12,Tablet,Electronics,East,4,868.45,238.17
2026-06-17,Mouse,Accessories,South,5,3845.53,539.11
2026-06-13,Speaker,Accessories,North,8,1488.71,342.34
2026-07-05,Mouse,Accessories,North,3,2794.86,528.77
2026-06-30,Keyboard,Accessories,East,3,646.41,92.33
2026-07-07,Headphones,Accessories,North,1,1859.99,452.8
2026-06-30,Printer,Office,South,9,4332.67,1020.85
2026-06-17,Monitor,Electronics,East,5,3335.56,469.42
2026-06-13,Mouse,Accessories,North,2,4476.96,406.03
2026-06-25,Monitor,Electronics,North,1,3877.26,646.84
2026-07-10,Camera,Electronics,North,10,3431.2,356.81
2026-06-25,Speaker,Accessories,North,6,4048.25,994.39
2026-06-14,Mobile,Electronics,North,6,289.1,86.51
2026-06-22,Tablet,Electronics,West,3,3053.37,629.28
2026-06-30,Headphones,Accessories,South,4,4900.64,1194.28
2026-06-24,Laptop,Electronics,East,5,2054.22,416.99
2026-06-29,Tablet,Electronics,West,8,3939.26,922.41
2026-06-24,Printer,Office,South,10,3572.03,308.23
2026-06-19,Mobile,Electronics,South,5,4342.16,580.88
2026-07-06,Laptop,Electronics,East,2,100.97,9.84
2026-07-12,Camera,Electronics,South,8,4379.63,563.55
2026-06-14,Mouse,Accessories,East,9,1491.27,377.88
2026-06-30,Headphones,Accessories,South,6,762.41,191.72
2026-07-11,Speaker,Accessories,East,9,3391.94,468.17
2026-06-27,Monitor,Electronics,South,5,4907.2,293.79
2026-06-13,Printer,Office,East,9,522.94,147.71
2026-07-07,Tablet,Electronics,East,4,2849.05,659.63
2026-06-21,Speaker,Accessories,East,5,127.07,18.43
2026-06-27,Monitor,Electronics,North,4,3939.47,1074.25
2026-06-19,Printer,Office,South,4,1018.13,267.5
2026-06-28,Tablet,Electronics,West,8,3468.81,537.52
2026-07-01,Mouse,Accessories,West,6,1052.67,226.06
2026-06-16,Camera,Electronics,West,7,1234.23,270.4
2026-06-26,Camera,Electronics,West,10,2089.59,225.23
2026-06-20,Camera,Electronics,East,2,459.19,134.77
2026-06-14,Printer,Office,South,6,1359.16,203.9
2026-07-04,Monitor,Electronics,East,7,3694.57,404.56
2026-06-24,Mouse,Accessories,East,8,2858.78,166.52
2026-07-09,Headphones,Accessories,North,3,3161.24,420.25
2026-06-20,Monitor,Electronics,West,5,1075.0,206.91
2026-06-22,Speaker,Accessories,North,2,4750.26,1391.11
2026-07-03,Headphones,Accessories,South,6,232.94,45.61
2026-07-09,Laptop,Electronics,South,5,346.57,78.45
2026-06-30,Mobile,Electronics,North,9,2996.33,384.57
2026-06-26,Printer,Office,South,10,3314.58,489.07
2026-07-10,Keyboard,Accessories,South,2,2318.52,127.93
2026-07-08,Speaker,Accessories,North,7,1647.46,361.8
2026-07-03,Speaker,Accessories,North,5,1956.43,384.69
2026-06-27,Headphones,Accessories,North,6,3960.78,1145.58
2026-06-28,Tablet,Electronics,North,3,1451.04,368.42
2026-07-10,Tablet,Electronics,West,3,2527.72,189.13
2026-06-24,Mouse,Accessories,South,1,1610.77,385.44
2026-07-06,Monitor,Electronics,East,1,2433.23,409.63
2026-07-12,Headphones,Accessories,West,1,846.67,85.55
2026-06-23,Monitor,Electronics,West,10,422.86,90.04
2026-06-26,Camera,Electronics,West,8,503.01,103.97
2026-07-06,Mobile,Electronics,West,5,3705.23,558.02
2026-07-12,Headphones,Accessories,West,4,1228.67,280.58
2026-07-11,Mouse,Accessories,South,10,1543.4,197.69
2026-06-26,Printer,Office,North,5,1703.49,228.86
2026-07-12,Mobile,Electronics,South,2,4044.47,739.53
2026-07-07,Camera,Electronics,South,3,1159.91,214.84
2026-07-11,Speaker,Accessories,West,8,2798.68,158.32
2026-06-15,Keyboard,Accessories,East,4,4617.2,1119.0
2026-06-18,Headphones,Accessories,South,4,3571.17,208.51
2026-06-28,Tablet,Electronics,South,4,3712.83,315.12
2026-06-26,Laptop,Electronics,South,2,1599.12,130.74
2026-07-12,Camera,Electronics,West,7,3304.67,430.48
2026-06-12,Printer,Office,North,9,2590.33,650.25
2026-06-24,Speaker,Accessories,West,8,4541.78,782.31
2026-07-10,Monitor,Electronics,South,10,724.55,186.28
2026-06-25,Headphones,Accessories,East,4,3680.82,723.84
2026-06-26,Camera,Electronics,West,4,3836.46,1083.12
2026-06-12,Camera,Electronics,West,6,1909.89,514.24
2026-07-01,Laptop,Electronics,South,10,4369.97,1173.82
2026-07-04,Mobile,Electronics,North,7,4119.7,391.52
2026-06-22,Keyboard,Accessories,West,3,1716.69,406.9
2026-06-21,Headphones,Accessories,East,6,1451.27,426.62
2026-06-22,Monitor,Electronics,West,3,2560.47,474.42
2026-07-10,Mobile,Electronics,East,4,2361.81,553.9
2026-07-05,Laptop,Electronics,North,8,285.78,82.46
2026-06-16,Mobile,Electronics,South,2,1299.05,115.99
2026-06-28,Laptop,Electronics,South,7,1351.78,96.46
2026-07-12,Printer,Office,South,2,2697.38,404.9
2026-07-04,Mouse,Accessories,West,9,1551.65,428.61
2026-06-21,Mouse,Accessories,East,7,1573.31,412.91
2026-06-13,Monitor,Electronics,West,3,1339.98,253.48
2026-06-13,Mobile,Electronics,East,2,906.01,204.46
2026-07-12,Laptop,Electronics,West,3,527.11,50.77
2026-06-17,Keyboard,Accessories,South,2,1694.5,106.13
2026-06-23,Laptop,Electronics,West,10,4109.35,648.65
2026-07-10,Monitor,Electronics,North,2,119.07,24.28
2026-07-11,Mouse,Accessories,North,5,318.29,53.7
2026-06-19,Printer,Office,South,8,3523.81,252.0
2026-06-16,Speaker,Accessories,East,8,648.5,58.21
2026-07-06,Laptop,Electronics,East,6,903.28,163.27
2026-06-25,Mobile,Electronics,North,5,2912.45,635.24
2026-07-09,Headphones,Accessories,North,5,1579.7,404.43
2026-06-28,Mobile,Electronics,West,5,4754.1,692.35
2026-07-02,Mouse,Accessories,West,5,132.86,36.42
2026-07-03,Printer,Office,South,7,4450.05,1119.18
2026-07-03,Laptop,Electronics,East,7,4635.6,628.11
2026-06-28,Headphones,Accessories,East,3,1888.2,230.08
2026-07-05,Laptop,Electronics,North,7,3037.23,724.67
2026-06-12,Camera,Electronics,East,6,3288.6,358.69
2026-07-05,Keyboard,Accessories,South,9,722.26,44.38
2026-06-26,Keyboard,Accessories,East,10,1546.94,79.05
2026-06-12,Keyboard,Accessories,West,2,867.51,160.01
2026-07-11,Monitor,Electronics,South,3,1506.83,229.99
2026-06-22,Tablet,Electronics,South,9,4420.92,962.34
2026-06-16,Speaker,Accessories,East,2,4683.24,853.11
2026-07-01,Headphones,Accessories,East,10,215.95,63.43
2026-06-16,Mobile,Electronics,West,3,2298.99,211.17
2026-07-04,Speaker,Accessories,South,1,1261.11,334.21
2026-07-06,Printer,Office,North,4,1210.7,333.62
2026-06-26,Keyboard,Accessories,West,8,2652.67,671.29
2026-06-22,Monitor,Electronics,West,2,2843.04,598.11
2026-07-12,Monitor,Electronics,East,6,4736.04,606.37
2026-07-10,Headphones,Accessories,South,5,4412.86,626.11
2026-06-21,Speaker,Accessories,South,2,487.71,49.21
2026-06-21,Laptop,Electronics,East,5,3246.92,912.36
2026-06-26,Keyboard,Accessories,North,3,222.38,55.27
2026-07-08,Keyboard,Accessories,East,5,691.44,169.48
2026-06-23,Laptop,Electronics,East,2,1792.97,140.66
2026-06-25,Mobile,Electronics,East,9,1721.85,267.39
2026-06-12,Camera,Electronics,South,9,1069.4,234.96
2026-06-25,Mouse,Accessories,South,8,2898.7,667.55
2026-06-16,Mobile,Electronics,East,2,4733.36,946.78
2026-06-23,Headphones,Accessories,East,8,3143.5,728.29
2026-06-19,Mobile,Electronics,East,9,3553.49,256.37
2026-06-29,Keyboard,Accessories,North,1,1726.56,273.42
2026-06-12,Speaker,Accessories,North,4,2379.93,515.23
2026-07-10,Headphones,Accessories,East,1,2354.57,321.67
2026-07-07,Mobile,Electronics,West,5,4379.27,1095.48
2026-06-26,Mobile,Electronics,South,3,4292.11,481.11
2026-07-04,Monitor,Electronics,West,5,4417.78,589.78
2026-06-25,Tablet,Electronics,South,8,3075.59,335.99
2026-06-17,Laptop,Electronics,North,4,3847.03,310.53
2026-06-23,Tablet,Electronics,South,7,1118.95,213.66
2026-06-20,Speaker,Accessories,West,1,4458.09,1332.57
2026-06-25,Laptop,Electronics,West,4,124.6,11.3
2026-06-28,Mouse,Accessories,North,3,2382.73,383.6
2026-07-01,Keyboard,Accessories,West,2,4555.97,1329.94
2026-06-14,Tablet,Electronics,South,8,789.6,132.37
2026-06-14,Headphones,Accessories,East,9,3606.35,1066.01
2026-06-15,Speaker,Accessories,South,6,2531.83,187.44
2026-07-05,Camera,Electronics,South,1,2283.95,140.41
2026-07-06,Keyboard,Accessories,West,9,2496.27,287.88
2026-06-22,Mouse,Accessories,South,2,3927.53,515.26
2026-07-06,Mobile,Electronics,South,5,4211.68,703.99
2026-06-21,Laptop,Electronics,South,10,3534.54,415.48
2026-06-19,Monitor,Electronics,North,9,1112.95,58.86
2026-06-29,Tablet,Electronics,East,9,2618.91,458.31
2026-07-05,Laptop,Electronics,West,2,108.1,23.44
2026-07-09,Laptop,Electronics,South,4,1389.58,367.1
2026-07-06,Keyboard,Accessories,North,6,3651.98,405.4
2026-06-16,Laptop,Electronics,West,7,2648.92,734.6
2026-07-06,Laptop,Electronics,North,2,1015.15,136.22
2026-07-07,Keyboard,Accessories,South,6,2734.01,372.74
2026-06-24,Camera,Electronics,South,9,2909.74,766.14
2026-06-30,Mobile,Electronics,South,8,1102.0,218.07
2026-07-06,Mouse,Accessories,West,10,4620.47,1344.2
2026-06-21,Mouse,Accessories,West,5,912.5,109.29
2026-06-30,Tablet,Electronics,North,6,225.61,24.79
2026-07-04,Printer,Office,West,8,2504.47,536.43
2026-06-12,Headphones,Accessories,East,7,3617.07,564.97
2026-07-07,Mobile,Electronics,West,8,159.32,25.61
2026-06-16,Printer,Office,West,8,3198.06,450.74
2026-06-29,Mouse,Accessories,North,9,1057.06,179.69
2026-06-12,Speaker,Accessories,East,5,1813.27,164.54
2026-07-10,Speaker,Accessories,South,2,325.62,61.6
2026-06-15,Monitor,Electronics,West,7,727.54,178.89
2026-07-10,Printer,Office,South,6,868.23,145.86
2026-06-20,Mobile,Electronics,West,8,4564.52,812.0
2026-07-05,Speaker,Accessories,East,9,323.86,40.24
2026-06-23,Mobile,Electronics,North,7,4979.43,1114.49
2026-07-10,Mouse,Accessories,South,7,2502.26,554.69
2026-07-11,Keyboard,Accessories,East,10,494.45,133.48
2026-06-13,Laptop,Electronics,North,4,362.34,41.72
2026-06-20,Tablet,Electronics,North,7,3958.03,794.04
2026-07-12,Keyboard,Accessories,West,2,898.56,244.67
2026-06-30,Printer,Office,West,5,313.5,77.36
2026-06-23,Mobile,Electronics,North,6,3752.66,962.57
2026-06-13,Keyboard,Accessories,East,7,2950.43,646.74
2026-06-13,Tablet,Electronics,North,9,3675.9,215.22
2026-07-04,Mouse,Accessories,South,2,4193.72,405.67
2026-06-13,Printer,Office,East,8,947.61,111.74
2026-07-01,Laptop,Electronics,North,3,2985.45,347.4
2026-06-19,Mouse,Accessories,South,1,3083.96,254.35
2026-06-14,Keyboard,Accessories,West,8,1494.57,245.99
2026-07-02,Laptop,Electronics,South,2,4767.26,575.35
2026-06-20,Monitor,Electronics,West,8,580.68,97.38
2026-07-10,Camera,Electronics,West,10,1685.87,317.23
2026-06-26,Mobile,Electronics,West,2,1498.89,428.95
2026-06-13,Tablet,Electronics,North,7,4286.1,1085.83
2026-07-09,Camera,Electronics,West,8,359.06,87.57
2026-06-14,Mobile,Electronics,West,1,4641.29,680.11
2026-07-12,Laptop,Electronics,West,10,1611.62,289.3
2026-07-10,Headphones,Accessories,West,1,1643.32,197.8
2026-06-15,Monitor,Electronics,West,9,479.6,116.47
2026-06-21,Tablet,Electronics,South,10,1271.24,211.97
2026-06-21,Keyboard,Accessories,East,7,2966.48,182.61
2026-06-16,Camera,Electronics,West,9,1901.2,567.03
2026-06-25,Tablet,Electronics,North,3,3770.37,869.83
2026-07-01,Laptop,Electronics,West,9,2834.64,233.99
2026-06-28,Tablet,Electronics,West,6,4715.12,242.64
2026-06-15,Printer,Office,North,6,4297.29,442.27
2026-07-03,Keyboard,Accessories,South,4,1507.18,278.9
2026-06-29,Mobile,Electronics,East,5,2784.93,172.28
2026-07-10,Mobile,Electronics,North,10,4261.66,840.82
2026-06-15,Laptop,Electronics,East,5,1188.78,299.63
2026-07-06,Tablet,Electronics,South,7,4010.34,289.67
2026-07-06,Mobile,Electronics,West,7,1288.29,373.2
2026-06-20,Headphones,Accessories,North,1,1792.62,258.41
2026-07-11,Tablet,Electronics,West,3,4043.47,782.36
2026-07-09,Monitor,Electronics,East,8,1679.25,264.63
2026-06-13,Mobile,Electronics,East,10,649.28,146.36
2026-07-06,Speaker,Accessories,West,1,2642.6,635.95
2026-07-07,Tablet,Electronics,West,5,4421.36,415.69
2026-06-17,Monitor,Electronics,East,5,3442.89,736.87
2026-06-17,Monitor,Electronics,North,1,1861.99,313.97
2026-06-20,Camera,Electronics,South,9,1946.24,434.73
2026-06-16,Headphones,Accessories,South,5,849.83,79.28
2026-07-03,Monitor,Electronics,North,5,2180.74,300.54
2026-07-12,Camera,Electronics,South,5,881.35,250.46
2026-07-11,Tablet,Electronics,South,8,3831.25,316.51
2026-07-10,Printer,Office,West,4,2994.79,585.13
2026-06-20,Speaker,Accessories,East,10,2461.37,522.02
2026-06-20,Mouse,Accessories,West,3,776.21,166.01
2026-06-17,Monitor,Electronics,West,5,1311.04,163.02
2026-06-21,Mobile,Electronics,North,4,1611.17,217.28
2026-06-25,Printer,Office,West,6,4845.55,1049.31
2026-06-12,Mouse,Accessories,South,1,4952.72,1298.5
2026-06-27,Mobile,Electronics,East,3,2190.71,362.41
2026-06-27,Mouse,Accessories,East,4,1666.9,173.76
2026-06-21,Tablet,Electronics,East,5,4515.39,1071.42
2026-06-12,Keyboard,Accessories,East,3,982.44,148.32
2026-06-14,Mobile,Electronics,South,9,1572.63,164.14
2026-07-11,Camera,Electronics,West,10,915.7,169.17
2026-06-15,Printer,Office,East,4,4533.05,1130.77
2026-07-11,Headphones,Accessories,North,6,141.52,13.31
2026-06-17,Mouse,Accessories,West,6,3599.21,729.23
2026-06-28,Speaker,Accessories,South,3,2587.03,545.36
2026-06-12,Tablet,Electronics,East,4,2669.4,204.27
2026-07-06,Mobile,Electronics,East,4,2438.02,310.47
2026-06-26,Tablet,Electronics,East,4,1174.49,160.25
2026-06-25,Speaker,Accessories,East,1,3492.93,436.14
2026-06-12,Monitor,Electronics,East,5,2296.62,628.28
2026-06-13,Keyboard,Accessories,East,3,3293.31,849.59
2026-06-28,Tablet,Electronics,South,2,2147.0,488.86
2026-07-10,Tablet,Electronics,East,4,607.58,50.4
2026-07-06,Keyboard,Accessories,North,4,3231.97,471.26
2026-06-14,Camera,Electronics,North,4,4588.64,981.05
2026-06-24,Mouse,Accessories,West,9,467.1,98.41
2026-07-11,Speaker,Accessories,East,7,4745.45,1280.54
2026-07-09,Printer,Office,West,7,2025.34,180.76
2026-07-09,Mouse,Accessories,East,7,1106.17,67.47
2026-07-08,Keyboard,Accessories,South,8,323.33,79.24
2026-06-27,Mobile,Electronics,West,7,4326.91,581.11
2026-06-22,Camera,Electronics,West,10,4624.47,446.03
2026-06-22,Keyboard,Accessories,East,6,2870.72,326.81
2026-06-26,Tablet,Electronics,South,3,3169.97,804.0
2026-07-12,Mobile,Electronics,West,4,896.96,253.77
2026-07-11,Printer,Office,West,1,2599.65,735.56
2026-06-17,Keyboard,Accessories,West,8,899.74,180.97
2026-06-28,Printer,Office,South,10,4603.32,761.39
2026-06-13,Mobile,Electronics,North,4,2828.31,322.23
2026-06-16,Tablet,Electronics,East,8,3439.99,692.98
2026-06-20,Mouse,Accessories,South,2,3618.34,917.64
2026-06-14,Printer,Office,North,9,2219.16,474.91
2026-07-04,Tablet,Electronics,South,1,4102.02,905.57
2026-07-06,Mouse,Accessories,North,6,3490.65,508.22
2026-07-03,Speaker,Accessories,North,4,2183.59,494.74
2026-07-12,Keyboard,Accessories,West,5,3943.42,617.54
2026-06-24,Camera,Electronics,West,9,1928.87,254.21
2026-06-25,Laptop,Electronics,South,6,3904.02,269.19
2026-06-25,Laptop,Electronics,South,5,2679.35,544.81
2026-07-12,Printer,Office,West,5,755.48,46.74
2026-06-25,Tablet,Electronics,West,5,2902.03,191.33
2026-07-09,Headphones,Accessories,North,4,3124.05,203.63
2026-06-14,Keyboard,Accessories,South,4,3287.16,782.44
2026-07-02,Mobile,Electronics,West,4,1466.39,151.72
2026-06-21,Keyboard,Accessories,North,8,3862.29,1052.17
2026-06-26,Tablet,Electronics,West,3,283.52,43.69
2026-06-25,Keyboard,Accessories,South,3,3967.43,1117.32
2026-07-12,Keyboard,Accessories,North,5,3613.15,661.04
2026-06-21,Tablet,Electronics,South,6,4487.7,1246.35
2026-06-29,Printer,Office,North,9,658.67,195.39
2026-07-08,Keyboard,Accessories,East,4,4059.32,824.5
2026-06-15,Mouse,Accessories,West,5,1422.27,132.87
2026-07-08,Speaker,Accessories,South,4,899.11,267.29
2026-07-09,Speaker,Accessories,South,3,4156.14,217.71
2026-06-17,Mobile,Electronics,North,1,4105.19,369.45
2026-06-20,Headphones,Accessories,East,4,3178.68,447.25
2026-07-06,Monitor,Electronics,South,8,4344.69,1054.98
2026-07-07,Mobile,Electronics,North,10,1708.58,284.55
2026-06-15,Monitor,Electronics,East,10,4188.85,250.72
2026-06-27,Speaker,Accessories,East,4,4242.0,806.25
2026-06-16,Tablet,Electronics,North,5,1184.47,246.83
2026-06-18,Mouse,Accessories,North,10,1965.8,184.77
2026-06-21,Mouse,Accessories,East,7,527.51,57.68
2026-06-25,Speaker,Accessories,North,4,505.74,36.74
2026-07-04,Laptop,Electronics,East,10,3818.08,551.08
2026-07-09,Printer,Office,West,7,3495.08,385.44
2026-07-10,Speaker,Accessories,South,1,4213.96,765.93
2026-06-29,Laptop,Electronics,East,9,1274.18,252.53
2026-07-12,Keyboard,Accessories,East,9,4191.48,659.82
2026-06-16,Speaker,Accessories,North,8,3395.5,562.65
2026-06-26,Mouse,Accessories,East,7,2690.39,242.4
2026-06-15,Mobile,Electronics,North,8,2426.91,148.21
2026-06-23,Printer,Office,East,7,3589.68,1016.18
2026-06-28,Monitor,Electronics,South,7,2278.12,235.03
2026-06-23,Laptop,Electronics,South,9,3254.01,949.04
2026-07-09,Tablet,Electronics,South,10,794.2,192.68
2026-06-30,Printer,Office,North,5,1762.75,304.97
2026-06-20,Laptop,Electronics,West,6,2546.41,318.9
2026-06-13,Mouse,Accessories,South,1,503.0,77.63
2026-07-11,Laptop,Electronics,South,8,2896.26,159.53
2026-07-02,Headphones,Accessories,West,7,669.75,133.51
2026-06-17,Printer,Office,South,1,3421.22,703.02
2026-06-14,Mobile,Electronics,South,5,453.97,106.74
2026-07-10,Keyboard,Accessories,North,5,3688.05,1063.66
2026-07-07,Speaker,Accessories,South,5,2776.18,417.5
2026-06-15,Camera,Electronics,South,9,2503.93,285.02
2026-07-09,Speaker,Accessories,West,1,246.11,68.81
2026-06-20,Keyboard,Accessories,East,2,4285.94,541.51
2026-06-28,Keyboard,Accessories,West,7,950.04,213.85
2026-06-25,Camera,Electronics,West,6,1703.81,342.28
2026-06-14,Laptop,Electronics,South,1,3134.68,372.23
2026-06-26,Monitor,Electronics,North,1,3730.88,678.25
2026-06-15,Camera,Electronics,South,9,4527.51,310.34
2026-06-21,Camera,Electronics,West,6,3713.55,425.9
2026-07-09,Headphones,Accessories,South,3,2860.38,516.19
2026-07-11,Mouse,Accessories,West,1,2419.57,237.92
2026-06-14,Tablet,Electronics,East,4,2181.86,545.76
2026-06-15,Mobile,Electronics,East,4,3470.22,955.71
2026-07-02,Printer,Office,North,1,1714.96,360.07
2026-07-10,Keyboard,Accessories,West,9,3495.13,980.16
2026-07-08,Printer,Office,West,5,2590.04,730.34
2026-06-20,Printer,Office,West,1,3180.3,763.67
2026-07-04,Headphones,Accessories,East,7,3717.69,568.98
2026-06-28,Headphones,Accessories,North,6,4128.65,1011.27
2026-07-06,Mouse,Accessories,West,3,2372.9,353.12
2026-06-18,Speaker,Accessories,West,6,3558.59,312.5
2026-06-27,Keyboard,Accessories,West,2,1594.86,459.38
2026-07-01,Monitor,Electronics,South,5,3968.85,776.63
2026-07-10,Camera,Electronics,East,3,2846.3,756.33
2026-06-12,Headphones,Accessories,North,7,4706.14,999.04
2026-06-22,Laptop,Electronics,South,8,3526.49,331.55
2026-06-19,Printer,Office,East,10,4043.98,245.55
2026-06-24,Printer,Office,West,10,1816.59,121.44
2026-07-10,Speaker,Accessories,West,2,4308.19,295.43
2026-06-21,Mouse,Accessories,North,8,2529.25,427.18
2026-06-12,Camera,Electronics,West,5,3508.52,491.05
2026-07-01,Mobile,Electronics,North,2,3926.87,324.2
2026-07-09,Speaker,Accessories,East,8,2145.93,328.83
2026-06-30,Tablet,Electronics,East,6,1795.45,392.51
2026-06-25,Speaker,Accessories,North,5,4441.5,725.12
2026-06-21,Speaker,Accessories,South,4,365.29,107.38
2026-06-19,Camera,Electronics,North,3,3241.73,469.21
2026-07-11,Laptop,Electronics,South,9,2248.36,591.03
2026-06-23,Mouse,Accessories,South,3,4269.4,674.42
2026-07-12,Keyboard,Accessories,North,2,440.36,93.27
2026-07-01,Monitor,Electronics,North,10,3130.94,405.28
2026-06-18,Mobile,Electronics,North,6,2035.3,528.98
2026-06-14,Laptop,Electronics,South,8,2480.27,478.81
2026-07-07,Mouse,Accessories,South,9,4828.25,1298.17
2026-07-09,Mouse,Accessories,South,1,4077.68,636.81
2026-06-15,Mouse,Accessories,East,4,516.27,140.11
2026-07-11,Camera,Electronics,South,1,1010.66,193.82
2026-07-01,Camera,Electronics,South,10,3469.29,292.53
2026-06-24,Camera,Electronics,East,10,2730.84,477.18
2026-06-13,Headphones,Accessories,West,9,3957.57,440.85
2026-06-25,Mobile,Electronics,North,7,2940.68,809.92
2026-06-27,Monitor,Electronics,East,1,779.12,121.82
2026-06-24,Laptop,Electronics,North,3,3422.6,803.4
2026-06-14,Speaker,Accessories,South,7,1178.56,110.11
2026-06-19,Headphones,Accessories,South,7,1577.96,192.32
2026-06-19,Camera,Electronics,East,7,3369.57,921.89
2026-06-22,Camera,Electronics,North,1,223.08,44.19
2026-06-15,Speaker,Accessories,West,7,1958.07,580.45
2026-07-02,Mouse,Accessories,East,5,2612.56,657.45
2026-07-06,Headphones,Accessories,North,9,3134.03,650.21
2026-07-08,Speaker,Accessories,West,9,556.02,150.07
2026-06-12,Mouse,Accessories,North,8,770.43,40.22
2026-06-23,Speaker,Accessories,East,4,1682.64,315.23
2026-07-04,Mouse,Accessories,East,6,3072.73,521.51
2026-07-04,Tablet,Electronics,South,8,305.04,68.15
2026-07-03,Camera,Electronics,North,3,1476.25,358.86
2026-06-25,Keyboard,Accessories,South,5,4450.16,1270.4
2026-06-15,Tablet,Electronics,East,5,2736.9,150.84
2026-07-04,Mobile,Electronics,East,9,148.65,33.85
2026-06-12,Camera,Electronics,West,2,4402.3,324.7
2026-06-14,Mouse,Accessories,South,8,2694.67,300.57
2026-07-02,Laptop,Electronics,North,4,3139.14,875.3
2026-07-01,Camera,Electronics,West,9,768.26,135.09
2026-06-15,Keyboard,Accessories,North,3,2479.92,450.52
2026-06-18,Printer,Office,West,5,870.29,192.46
2026-06-15,Laptop,Electronics,West,8,136.05,21.74
2026-06-24,Monitor,Electronics,South,9,2499.43,502.83
2026-06-17,Laptop,Electronics,East,4,101.97,11.93
2026-06-19,Laptop,Electronics,East,9,996.84,233.41
2026-06-18,Monitor,Electronics,West,10,2385.13,608.28
2026-06-25,Monitor,Electronics,East,10,4147.99,348.43
2026-07-01,Headphones,Accessories,East,5,1066.85,67.84
2026-06-12,Mobile,Electronics,North,7,2205.03,234.49
2026-07-02,Printer,Office,North,8,3431.09,285.36
2026-06-12,Mobile,Electronics,South,3,2620.75,200.47
2026-06-19,Laptop,Electronics,West,3,1781.53,343.33
2026-06-21,Speaker,Accessories,West,8,299.7,44.4
2026-06-21,Headphones,Accessories,South,6,3157.54,185.16
2026-06-28,Speaker,Accessories,North,6,4727.9,1417.55
2026-06-13,Monitor,Electronics,West,1,1888.41,135.65
2026-06-30,Mobile,Electronics,South,6,1490.94,306.29
2026-07-02,Speaker,Accessories,North,9,819.28,161.98
2026-07-06,Keyboard,Accessories,East,7,3312.54,338.0
2026-07-05,Mouse,Accessories,East,1,745.8,76.32
2026-07-03,Mouse,Accessories,West,3,1847.64,466.92
2026-07-02,Headphones,Accessories,South,9,464.35,122.28
2026-06-15,Printer,Office,East,5,1771.1,207.45
2026-06-24,Mouse,Accessories,North,2,3603.57,1032.91
2026-07-01,Keyboard,Accessories,North,6,2380.4,238.35
2026-06-15,Printer,Office,South,1,1405.26,365.39
2026-07-03,Mobile,Electronics,East,10,4680.87,1109.74
2026-07-12,Speaker,Accessories,South,10,4036.14,975.84
2026-07-04,Mouse,Accessories,North,6,380.82,87.22
2026-06-29,Keyboard,Accessories,West,7,3749.0,808.31
2026-06-23,Mobile,Electronics,West,10,2334.69,553.42
2026-07-02,Monitor,Electronics,South,1,110.27,19.58
2026-07-02,Keyboard,Accessories,West,8,4883.6,1046.46
2026-06-22,Camera,Electronics,East,9,2765.99,642.27
2026-07-12,Keyboard,Accessories,South,4,4831.48,1426.14
2026-06-14,Tablet,Electronics,East,7,2815.54,475.58
2026-06-18,Laptop,Electronics,North,7,3593.06,1022.35
2026-06-21,Speaker,Accessories,North,6,1617.17,126.83
2026-06-30,Printer,Office,East,7,1993.03,479.35
2026-06-24,Mouse,Accessories,North,3,1491.02,172.49
2026-06-12,Speaker,Accessories,West,1,3682.39,702.26
2026-06-13,Camera,Electronics,West,3,1313.0,196.18
2026-06-17,Speaker,Accessories,North,2,2195.37,339.91
2026-06-26,Camera,Electronics,West,4,995.81,237.58
2026-06-30,Monitor,Electronics,West,5,3242.06,699.78
2026-07-08,Mouse,Accessories,North,10,1560.38,282.93
2026-06-29,Camera,Electronics,East,4,219.97,24.73
2026-06-17,Headphones,Accessories,West,2,430.4,86.15
2026-06-24,Tablet,Electronics,East,7,1330.57,367.95
2026-06-23,Printer,Office,West,8,4028.75,1152.67
2026-06-17,Keyboard,Accessories,West,4,948.35,152.16
2026-06-24,Headphones,Accessories,East,7,1488.14,325.61
2026-06-19,Laptop,Electronics,South,2,588.3,58.29
2026-07-07,Keyboard,Accessories,North,3,1507.14,238.27
2026-07-02,Camera,Electronics,North,10,3369.89,601.86
2026-07-09,Monitor,Electronics,East,3,4986.5,400.91
2026-06-20,Tablet,Electronics,West,7,2351.63,643.79
2026-06-19,Printer,Office,West,6,3193.64,293.36
2026-06-19,Tablet,Electronics,West,8,4962.58,1224.13
2026-06-22,Tablet,Electronics,West,1,2993.35,896.04
2026-06-15,Laptop,Electronics,East,2,3985.96,926.61
2026-06-13,Mobile,Electronics,West,8,2394.43,551.44
2026-06-23,Mouse,Accessories,North,3,2545.94,411.01
2026-07-02,Speaker,Accessories,South,2,2023.59,435.81
2026-07-07,Laptop,Electronics,East,6,2009.29,477.77
2026-07-07,Headphones,Accessories,West,6,1404.21,316.79
2026-07-09,Laptop,Electronics,North,9,3648.58,862.38
2026-06-12,Mouse,Accessories,West,9,2539.67,189.44
2026-07-11,Headphones,Accessories,North,9,3688.81,345.37
2026-06-13,Tablet,Electronics,South,9,604.37,119.08
2026-06-22,Mobile,Electronics,South,9,3767.99,481.7
2026-07-12,Printer,Office,East,10,4593.6,335.35
2026-07-08,Monitor,Electronics,West,10,3603.89,1062.81
2026-07-10,Tablet,Electronics,South,10,327.51,95.97
2026-07-06,Camera,Electronics,East,4,3976.03,785.22
2026-06-12,Keyboard,Accessories,South,5,3305.11,498.6
2026-06-14,Printer,Office,South,10,657.11,164.47
2026-06-25,Headphones,Accessories,North,9,404.23,29.27
2026-07-10,Laptop,Electronics,West,2,2359.9,377.81
2026-06-12,Speaker,Accessories,East,6,4363.07,479.8
2026-07-06,Tablet,Electronics,West,5,2361.59,551.76
2026-06-26,Keyboard,Accessories,East,9,3909.31,872.82
2026-07-06,Camera,Electronics,East,8,470.26,111.3
2026-06-13,Speaker,Accessories,East,4,1790.73,260.5
2026-07-09,Mobile,Electronics,South,9,2298.59,319.71
2026-06-15,Mouse,Accessories,South,2,1964.06,230.91
2026-07-07,Keyboard,Accessories,North,7,703.52,36.61
2026-06-30,Monitor,Electronics,East,9,2400.57,673.71
2026-07-10,Laptop,Electronics,North,8,666.45,154.75
2026-06-18,Mouse,Accessories,West,7,4909.14,734.56
2026-06-18,Camera,Electronics,East,6,4393.19,824.78
2026-07-11,Laptop,Electronics,North,2,378.55,95.48
2026-07-08,Mouse,Accessories,West,7,4472.92,690.69
2026-07-06,Printer,Office,East,9,1158.53,323.68
2026-06-17,Mobile,Electronics,North,4,2960.55,537.91
2026-07-06,Printer,Office,East,10,2245.9,643.27
2026-07-02,Mobile,Electronics,North,4,3532.17,205.63
2026-06-24,Speaker,Accessories,South,1,504.7,63.52
2026-06-17,Mobile,Electronics,East,8,4010.15,1050.93
2026-06-30,Tablet,Electronics,North,9,3902.16,347.4
2026-06-21,Speaker,Accessories,South,1,697.59,132.22
2026-06-22,Mobile,Electronics,West,6,1075.36,283.84
2026-06-30,Tablet,Electronics,East,6,3674.53,615.63
2026-07-06,Tablet,Electronics,West,4,1578.41,83.6
2026-06-19,Camera,Electronics,West,6,1640.8,448.23
2026-06-19,Keyboard,Accessories,North,8,4187.94,838.92
2026-06-21,Headphones,Accessories,South,8,635.35,104.89
2026-06-24,Laptop,Electronics,West,2,4386.4,1037.18
2026-06-24,Camera,Electronics,South,10,3066.43,301.54
2026-07-02,Speaker,Accessories,West,1,651.81,187.53
2026-07-12,Keyboard,Accessories,South,8,170.74,14.78
2026-07-12,Mobile,Electronics,West,6,836.08,82.51
2026-07-07,Printer,Office,West,9,1449.47,345.62
2026-06-27,Camera,Electronics,West,3,1773.43,208.53
2026-07-02,Monitor,Electronics,North,3,1287.57,163.21
2026-06-19,Tablet,Electronics,South,10,1273.16,140.16
2026-06-19,Laptop,Electronics,West,2,2761.71,232.3
2026-07-12,Mobile,Electronics,South,5,3708.06,801.27
2026-07-03,Speaker,Accessories,West,2,3035.96,672.6
2026-06-19,Keyboard,Accessories,West,3,3217.76,475.5
2026-07-07,Mouse,Accessories,South,6,4583.03,466.72
2026-06-23,Camera,Electronics,North,7,977.76,266.16
2026-07-10,Camera,Electronics,North,6,2415.64,191.09
2026-07-04,Laptop,Electronics,North,2,3135.95,182.22
2026-07-03,Tablet,Electronics,East,10,2696.87,216.94
2026-06-27,Speaker,Accessories,East,3,4896.65,702.43
2026-07-12,Headphones,Accessories,West,9,689.03,183.12
2026-06-25,Keyboard,Accessories,North,2,1892.73,203.43
2026-06-12,Keyboard,Accessories,West,10,2129.52,379.76
2026-06-16,Speaker,Accessories,East,8,863.61,57.28
2026-07-09,Monitor,Electronics,South,6,3646.35,443.42
2026-07-06,Speaker,Accessories,South,3,1044.57,246.2
2026-07-08,Mouse,Accessories,West,4,2921.59,697.16
2026-07-06,Laptop,Electronics,North,7,2450.46,365.53
2026-07-01,Printer,Office,South,5,4281.36,845.55
2026-07-04,Printer,Office,North,9,1715.77,137.55
2026-07-05,Keyboard,Accessories,West,4,1567.53,265.36
2026-06-13,Camera,Electronics,East,5,4338.67,1160.1
2026-06-19,Camera,Electronics,East,1,2849.98,537.35
2026-07-10,Camera,Electronics,South,4,185.62,38.57
2026-06-12,Laptop,Electronics,West,4,2313.14,499.78
2026-06-29,Keyboard,Accessories,West,7,522.78,95.98
2026-07-05,Mobile,Electronics,South,1,4077.92,1124.35
2026-07-11,Camera,Electronics,South,6,3625.65,1007.36
2026-06-29,Monitor,Electronics,West,9,3746.92,343.71
2026-06-18,Speaker,Accessories,North,7,805.97,164.13
2026-07-01,Monitor,Electronics,East,10,4585.11,281.44
2026-07-07,Laptop,Electronics,West,1,1777.0,532.09
2026-06-23,Laptop,Electronics,South,5,4235.31,1224.89
2026-06-17,Keyboard,Accessories,East,2,201.37,45.49
2026-06-23,Printer,Office,North,10,1377.77,293.36
2026-07-11,Mouse,Accessories,South,8,4546.26,729.78
2026-06-29,Headphones,Accessories,South,7,1362.77,237.17
2026-07-10,Printer,Office,West,5,4518.61,1182.57
2026-07-05,Headphones,Accessories,South,2,494.86,34.82
2026-06-17,Mouse,Accessories,East,3,3502.37,611.91
2026-06-20,Camera,Electronics,East,8,3555.04,673.13
2026-06-20,Keyboard,Accessories,East,1,1360.61,383.87
2026-06-28,Headphones,Accessories,West,2,3154.97,469.99
2026-07-08,Laptop,Electronics,East,2,3941.61,1112.36
2026-06-16,Keyboard,Accessories,West,1,4968.2,888.37
2026-07-03,Speaker,Accessories,South,5,3907.27,1115.38
2026-07-06,Keyboard,Accessories,West,1,2203.84,458.49
2026-07-01,Printer,Office,West,3,4307.09,325.38
2026-07-10,Keyboard,Accessories,West,1,2346.41,187.71
2026-06-30,Mouse,Accessories,North,10,4174.78,428.83
2026-06-25,Keyboard,Accessories,East,7,359.75,97.06
2026-06-13,Headphones,Accessories,East,10,346.52,54.62
2026-07-01,Keyboard,Accessories,North,4,2528.21,471.71
2026-07-12,Monitor,Electronics,South,1,2147.5,340.61
2026-07-05,Keyboard,Accessories,North,7,3381.23,869.71
2026-07-04,Printer,Office,East,7,1575.54,181.39
2026-07-03,Mobile,Electronics,West,10,2288.34,121.82
2026-07-04,Headphones,Accessories,East,1,918.86,170.53
2026-06-18,Headphones,Accessories,East,9,1676.63,263.52
2026-06-20,Laptop,Electronics,East,8,3439.0,435.65
2026-06-22,Tablet,Electronics,South,6,3736.6,591.32
2026-07-06,Keyboard,Accessories,North,9,2186.52,246.17
2026-06-16,Keyboard,Accessories,North,9,829.68,195.66
2026-06-19,Printer,Office,South,7,1485.6,112.05
2026-06-12,Monitor,Electronics,South,3,3506.1,641.57
2026-06-19,Keyboard,Accessories,East,1,3392.3,268.42
2026-06-26,Tablet,Electronics,North,7,3748.44,473.03
2026-07-06,Laptop,Electronics,South,10,949.13,226.85
2026-07-06,Laptop,Electronics,North,1,1939.75,131.16
2026-06-23,Tablet,Electronics,North,2,3549.05,855.44
2026-06-25,Laptop,Electronics,East,5,1518.72,147.78
2026-06-27,Keyboard,Accessories,West,1,3877.43,709.72
2026-07-10,Monitor,Electronics,East,9,3836.51,464.33
2026-06-15,Monitor,Electronics,West,10,4124.94,475.54
2026-06-13,Speaker,Accessories,North,7,3706.36,1084.23
2026-06-21,Mobile,Electronics,East,6,1741.43,295.64
2026-07-05,Camera,Electronics,North,9,2183.15,638.83
2026-06-12,Laptop,Electronics,East,2,1780.61,140.33
2026-07-11,Tablet,Electronics,South,5,561.52,36.85
2026-06-19,Camera,Electronics,West,10,4218.98,781.31
2026-06-20,Mobile,Electronics,West,8,2935.51,483.71
2026-07-01,Monitor,Electronics,West,6,1727.4,181.68
2026-06-20,Printer,Office,South,2,4385.86,1256.35
2026-07-01,Camera,Electronics,West,5,4112.71,951.76
2026-06-25,Mobile,Electronics,North,10,1684.96,111.31
2026-06-17,Keyboard,Accessories,North,2,554.61,158.19
2026-06-24,Monitor,Electronics,South,1,2019.7,231.14
2026-07-04,Mobile,Electronics,West,8,1088.15,268.23
2026-06-23,Tablet,Electronics,West,2,2432.49,468.17
2026-07-02,Camera,Electronics,East,10,4946.02,647.35
2026-06-22,Keyboard,Accessories,East,5,3499.97,647.08
2026-06-16,Headphones,Accessories,South,8,3080.27,296.94
2026-06-20,Headphones,Accessories,West,7,4905.61,929.83
2026-07-10,Speaker,Accessories,West,1,3263.19,201.32
2026-06-16,Speaker,Accessories,North,2,4119.59,751.9
2026-06-19,Keyboard,Accessories,West,3,4777.77,871.1
2026-07-09,Mouse,Accessories,East,1,3584.9,368.03
2026-06-27,Mouse,Accessories,West,2,4918.74,551.48
2026-06-27,Mouse,Accessories,East,1,4306.62,921.95
2026-06-29,Tablet,Electronics,South,9,1855.25,311.0
2026-06-19,Laptop,Electronics,South,4,2136.51,264.66
2026-06-30,Mouse,Accessories,East,5,632.23,124.8
2026-07-07,Headphones,Accessories,East,5,1313.21,121.41
2026-07-02,Laptop,Electronics,West,5,3826.84,1061.03
2026-06-16,Camera,Electronics,West,10,4324.22,1083.73
2026-06-19,Laptop,Electronics,North,2,4051.05,314.28
2026-07-08,Laptop,Electronics,West,3,2356.12,463.47
2026-07-12,Mouse,Accessories,South,9,1881.31,116.63
2026-06-22,Printer,Office,South,6,2570.25,324.77
2026-06-29,Mouse,Accessories,South,6,4497.91,1336.21
2026-07-02,Tablet,Electronics,North,5,2467.05,492.45
2026-06-27,Laptop,Electronics,East,3,4568.38,686.64
2026-06-27,Printer,Office,North,4,935.79,112.51
2026-07-09,Printer,Office,North,3,2141.16,624.77
2026-07-05,Headphones,Accessories,West,9,3491.57,284.76
2026-06-22,Keyboard,Accessories,South,4,3118.11,396.51
2026-06-23,Mobile,Electronics,East,6,4749.36,288.4
2026-07-08,Laptop,Electronics,East,10,2738.46,361.64
2026-06-23,Headphones,Accessories,North,9,1844.6,334.99
2026-07-11,Speaker,Accessories,North,6,235.36,62.44
2026-07-01,Mouse,Accessories,North,7,599.94,106.02
2026-06-28,Speaker,Accessories,North,3,4214.39,563.51
2026-07-10,Monitor,Electronics,West,1,4776.11,354.07
2026-07-03,Printer,Office,East,8,115.08,14.66
2026-06-16,Keyboard,Accessories,South,6,4550.09,1173.24
2026-07-06,Monitor,Electronics,West,6,1950.23,552.53
2026-07-12,Printer,Office,East,9,4815.45,483.69
2026-07-01,Laptop,Electronics,South,10,2585.52,256.39
2026-06-14,Laptop,Electronics,West,7,3578.45,377.28
2026-06-22,Monitor,Electronics,South,3,2462.65,380.79
2026-06-22,Headphones,Accessories,South,3,1267.82,97.45
2026-07-02,Speaker,Accessories,West,5,971.21,204.8
2026-07-08,Keyboard,Accessories,West,4,3129.4,392.31
2026-06-22,Keyboard,Accessories,East,3,3197.63,779.55
2026-06-18,Keyboard,Accessories,South,5,684.65,81.09
2026-07-05,Tablet,Electronics,West,2,4738.21,681.79
2026-06-27,Headphones,Accessories,North,6,3903.19,683.57
2026-07-02,Camera,Electronics,West,10,3754.08,365.14
2026-06-15,Tablet,Electronics,West,1,1203.4,357.58
2026-06-30,Speaker,Accessories,North,5,561.49,154.65
2026-07-08,Camera,Electronics,North,6,611.85,174.4
2026-06-14,Monitor,Electronics,East,5,3349.08,776.54
2026-07-03,Keyboard,Accessories,West,5,1094.49,76.66
2026-06-19,Speaker,Accessories,West,6,3824.32,326.65
2026-07-03,Printer,Office,East,2,1604.76,427.7
2026-06-27,Mobile,Electronics,North,10,3647.36,1007.97
2026-07-05,Speaker,Accessories,North,8,4131.19,436.97
2026-06-14,Tablet,Electronics,North,9,190.77,33.01
2026-07-01,Mobile,Electronics,West,4,4745.62,908.99
2026-07-09,Tablet,Electronics,West,2,2701.58,266.55
2026-06-21,Mobile,Electronics,North,5,753.4,54.39
2026-07-01,Mouse,Accessories,West,1,773.99,58.16
2026-06-13,Laptop,Electronics,South,5,4995.01,1083.71
2026-07-04,Printer,Office,North,9,3759.12,454.77
2026-06-14,Mobile,Electronics,South,6,471.95,135.51
2026-06-16,Mouse,Accessories,South,7,2931.45,451.44
2026-07-11,Camera,Electronics,East,1,2841.41,628.9
2026-06-29,Printer,Office,North,1,1461.85,266.76
2026-06-19,Monitor,Electronics,East,5,4916.96,1376.22
2026-06-13,Headphones,Accessories,East,5,3870.2,540.25
2026-06-23,Keyboard,Accessories,West,9,1938.37,468.52
2026-06-15,Laptop,Electronics,South,1,2978.24,407.15
2026-07-09,Mobile,Electronics,West,7,4237.44,1126.66
2026-06-21,Mouse,Accessories,South,3,1319.59,390.35
2026-07-12,Printer,Office,North,4,3609.12,956.73
2026-06-25,Printer,Office,East,6,2726.12,748.55
2026-06-21,Printer,Office,West,10,924.61,146.51
2026-06-27,Printer,Office,South,1,724.99,49.97
2026-06-15,Speaker,Accessories,South,7,369.14,85.57
2026-06-24,Printer,Office,South,8,435.13,50.36
2026-06-28,Keyboard,Accessories,East,4,3972.74,907.94
2026-07-06,Keyboard,Accessories,West,6,3656.93,960.78
2026-07-05,Mouse,Accessories,South,3,1800.94,130.32
2026-07-12,Laptop,Electronics,East,5,4809.47,536.5
2026-07-12,Tablet,Electronics,North,1,2784.5,608.6
2026-06-27,Laptop,Electronics,South,9,2579.31,374.33
2026-06-20,Mouse,Accessories,West,8,2685.33,387.11
2026-06-25,Headphones,Accessories,South,1,4484.83,423.25
2026-06-21,Laptop,Electronics,North,8,295.84,55.63
2026-07-06,Monitor,Electronics,North,1,4691.64,996.67
2026-07-11,Monitor,Electronics,West,8,3422.4,897.63
2026-07-08,Monitor,Electronics,North,4,3010.49,537.3
2026-07-12,Keyboard,Accessories,North,3,2823.39,247.99
2026-06-12,Printer,Office,West,8,1523.79,320.18
2026-06-13,Tablet,Electronics,West,6,492.4,65.01
2026-07-03,Laptop,Electronics,West,4,2064.3,403.66
2026-06-24,Speaker,Accessories,North,6,3933.41,434.83
2026-07-10,Laptop,Electronics,West,3,2971.65,225.6
2026-06-29,Keyboard,Accessories,East,1,1371.0,223.61
2026-06-19,Tablet,Electronics,West,5,3082.24,419.06
2026-06-25,Camera,Electronics,West,1,2291.46,374.57
2026-07-06,Headphones,Accessories,East,4,3729.67,453.09
2026-07-07,Laptop,Electronics,West,10,3069.05,374.97
2026-06-28,Printer,Office,South,10,2914.77,391.88
2026-06-29,Headphones,Accessories,South,10,2299.81,308.49
2026-06-15,Mouse,Accessories,West,6,3199.46,672.2
2026-07-05,Camera,Electronics,North,4,4129.03,931.99
2026-06-18,Headphones,Accessories,South,7,1647.74,295.79
2026-06-25,Mobile,Electronics,North,10,3837.57,358.28
2026-06-12,Printer,Office,South,3,3694.89,1027.9
2026-07-07,Camera,Electronics,West,1,2650.89,319.59
2026-06-23,Keyboard,Accessories,West,5,4025.04,531.07
2026-07-01,Speaker,Accessories,West,9,1529.27,392.6
2026-06-18,Headphones,Accessories,East,1,3101.29,399.73
2026-06-26,Mobile,Electronics,South,6,995.42,264.83
2026-06-20,Mobile,Electronics,North,7,2085.65,260.0
2026-06-19,Laptop,Electronics,South,9,330.42,65.75
2026-06-25,Camera,Electronics,North,9,212.74,15.07
2026-07-07,Keyboard,Accessories,West,4,2792.35,457.39
2026-07-03,Headphones,Accessories,North,10,1948.46,243.33
2026-06-16,Printer,Office,North,4,1197.01,147.88
2026-06-28,Keyboard,Accessories,North,3,4533.26,958.19
2026-06-29,Keyboard,Accessories,East,1,436.13,90.75
2026-06-13,Tablet,Electronics,North,7,4123.78,273.13
2026-07-06,Laptop,Electronics,North,4,4929.4,317.33
2026-06-26,Monitor,Electronics,West,7,4168.9,818.82
2026-07-08,Tablet,Electronics,East,7,2552.36,464.67
2026-07-06,Camera,Electronics,East,3,1239.52,136.54
2026-06-27,Mouse,Accessories,West,9,3018.33,513.61
2026-07-09,Mouse,Accessories,South,7,910.35,159.83
2026-07-07,Mouse,Accessories,South,6,4265.84,1097.19
2026-06-14,Mouse,Accessories,North,9,4114.46,306.18
2026-06-25,Headphones,Accessories,South,2,3953.19,877.77
2026-07-09,Laptop,Electronics,East,5,1738.11,158.7
2026-06-15,Monitor,Electronics,East,4,4929.24,250.27
2026-06-30,Printer,Office,West,10,4208.58,810.75
2026-06-14,Keyboard,Accessories,West,4,2636.09,397.28
2026-06-18,Tablet,Electronics,West,8,1002.36,196.49
2026-06-27,Headphones,Accessories,East,3,2025.06,241.47
2026-06-25,Keyboard,Accessories,North,2,976.85,235.63
2026-07-04,Laptop,Electronics,East,2,2794.72,159.4
2026-06-27,Mobile,Electronics,North,3,1231.86,86.94
2026-07-12,Mobile,Electronics,East,2,2740.18,251.82
2026-06-15,Printer,Office,East,3,622.62,65.64
2026-06-24,Keyboard,Accessories,North,9,3690.33,1013.02
2026-07-09,Speaker,Accessories,South,6,4715.86,1398.75
2026-06-26,Mobile,Electronics,East,7,1058.48,196.68
2026-07-04,Monitor,Electronics,West,4,746.52,172.57
2026-06-16,Headphones,Accessories,South,8,547.59,35.08
2026-07-09,Headphones,Accessories,North,1,560.35,130.59
2026-06-24,Tablet,Electronics,South,9,2517.66,374.3
2026-06-27,Printer,Office,South,4,4003.37,662.26
2026-07-03,Speaker,Accessories,South,9,3622.34,522.13
2026-07-01,Monitor,Electronics,West,8,3086.95,756.64
2026-07-05,Laptop,Electronics,West,9,156.66,17.58
2026-06-15,Headphones,Accessories,North,3,2973.98,247.1
2026-06-29,Laptop,Electronics,North,7,4157.39,613.94
2026-07-11,Laptop,Electronics,North,5,2837.47,516.28
2026-07-07,Mouse,Accessories,East,9,2167.33,564.58
2026-07-11,Mobile,Electronics,South,4,1644.65,303.32
2026-06-16,Laptop,Electronics,South,6,4847.6,549.76
2026-06-23,Mobile,Electronics,West,2,606.88,131.85
2026-06-12,Mobile,Electronics,South,1,3839.11,828.57
2026-07-01,Keyboard,Accessories,East,1,1838.21,351.73
2026-06-17,Monitor,Electronics,South,8,147.0,8.66
2026-06-13,Laptop,Electronics,East,5,2878.5,349.01
2026-06-28,Keyboard,Accessories,East,3,976.11,104.41
2026-07-08,Printer,Office,North,6,1586.02,119.08
2026-07-04,Mouse,Accessories,West,4,2970.57,358.5
2026-06-13,Tablet,Electronics,East,2,4931.78,1372.74
2026-06-23,Speaker,Accessories,East,3,4142.38,523.99
2026-06-27,Speaker,Accessories,South,8,309.55,47.85
2026-06-17,Laptop,Electronics,West,6,3319.58,587.56
2026-06-27,Laptop,Electronics,West,9,905.66,259.89
2026-06-15,Camera,Electronics,South,4,1736.16,235.13
2026-06-21,Mouse,Accessories,East,5,675.34,137.29
2026-06-18,Headphones,Accessories,West,7,4254.6,432.5
2026-06-14,Camera,Electronics,North,3,887.95,88.61
2026-07-04,Keyboard,Accessories,North,6,3788.15,189.75
2026-07-02,Mobile,Electronics,West,4,4824.05,1403.86
2026-06-21,Speaker,Accessories,South,9,2877.91,679.86
2026-07-12,Mobile,Electronics,West,5,4846.92,472.51
2026-06-26,Tablet,Electronics,East,8,3867.41,1133.71
2026-06-17,Tablet,Electronics,West,7,3976.78,824.21
2026-06-20,Speaker,Accessories,West,2,1447.99,102.17
2026-07-04,Mobile,Electronics,West,5,3249.29,928.17
2026-07-07,Camera,Electronics,West,8,3824.02,443.2
2026-07-11,Monitor,Electronics,West,3,457.96,125.76
2026-06-26,Mobile,Electronics,West,10,2530.83,448.65
2026-06-16,Laptop,Electronics,West,4,3478.11,309.53
2026-06-25,Headphones,Accessories,East,8,3602.94,1057.0
2026-07-06,Mobile,Electronics,North,8,3475.82,253.01
2026-07-05,Camera,Electronics,South,1,581.67,99.46
2026-06-22,Keyboard,Accessories,West,8,287.51,76.78
2026-06-27,Keyboard,Accessories,South,7,3230.66,482.68
2026-06-24,Mobile,Electronics,East,8,4914.86,252.3
2026-06-19,Mobile,Electronics,South,5,3661.12,600.31
2026-06-25,Tablet,Electronics,North,5,2594.05,467.16
2026-07-09,Mouse,Accessories,South,9,1705.11,495.71
2026-07-12,Speaker,Accessories,South,2,3339.13,795.92
2026-07-11,Mobile,Electronics,South,9,3655.59,723.46
2026-07-11,Mouse,Accessories,North,8,3093.33,820.38
2026-06-22,Tablet,Electronics,South,9,3708.06,770.34
2026-06-28,Headphones,Accessories,East,4,1905.64,240.58
2026-07-10,Keyboard,Accessories,South,6,752.31,66.34
2026-07-07,Mouse,Accessories,West,7,3698.21,587.28
2026-07-11,Mouse,Accessories,East,3,2950.85,197.37
2026-07-10,Headphones,Accessories,South,9,3758.39,400.37
2026-07-08,Speaker,Accessories,North,10,4938.93,808.26
2026-06-23,Headphones,Accessories,East,4,4793.03,737.42
2026-07-07,Speaker,Accessories,West,10,4459.96,602.87
2026-06-27,Keyboard,Accessories,West,8,2533.61,479.72
2026-06-17,Monitor,Electronics,East,10,3094.44,455.79
2026-06-21,Printer,Office,West,2,466.21,125.76
2026-06-28,Laptop,Electronics,West,2,3667.02,227.97
2026-07-12,Monitor,Electronics,East,5,4761.61,535.97
2026-07-03,Camera,Electronics,West,2,2686.64,277.97
2026-07-02,Mobile,Electronics,South,1,2106.04,438.18
2026-07-11,Mobile,Electronics,North,7,1295.19,158.16
2026-06-30,Speaker,Accessories,North,1,1791.76,527.14
2026-06-26,Speaker,Accessories,North,6,864.34,117.0
2026-06-25,Speaker,Accessories,South,1,206.73,17.95
2026-06-17,Mouse,Accessories,North,9,529.85,74.38
2026-06-29,Headphones,Accessories,North,6,1112.7,214.77
2026-06-24,Camera,Electronics,East,5,3971.74,636.83
2026-06-30,Speaker,Accessories,East,8,3691.32,874.69
2026-06-30,Speaker,Accessories,West,8,3441.44,340.46
2026-06-18,Mobile,Electronics,West,3,1675.1,90.35
2026-06-13,Keyboard,Accessories,North,4,2934.13,529.14
2026-06-12,Keyboard,Accessories,South,1,300.03,77.63
2026-07-06,Laptop,Electronics,West,1,1778.6,371.07
2026-07-06,Tablet,Electronics,South,8,2726.96,299.94
2026-07-03,Mouse,Accessories,West,5,1335.58,80.45
2026-07-03,Camera,Electronics,South,1,1940.73,432.42
2026-07-04,Laptop,Electronics,South,2,4441.12,590.07
2026-06-26,Keyboard,Accessories,South,3,4872.35,659.96
2026-06-18,Keyboard,Accessories,West,10,4342.16,583.19
2026-06-22,Tablet,Electronics,South,10,777.1,156.17
2026-07-08,Printer,Office,West,8,4229.35,582.08
2026-06-22,Laptop,Electronics,East,2,3554.72,901.77
2026-07-02,Tablet,Electronics,South,9,3699.04,861.21
2026-06-14,Mobile,Electronics,North,1,2146.18,448.56
2026-07-01,Headphones,Accessories,North,5,2449.17,479.85
2026-06-19,Speaker,Accessories,South,4,3371.7,395.03
2026-06-28,Laptop,Electronics,North,10,2510.84,207.4
2026-06-15,Mouse,Accessories,East,10,3783.33,410.55
2026-06-13,Camera,Electronics,North,7,2370.73,539.56
2026-06-29,Camera,Electronics,East,8,3025.32,447.47
2026-07-09,Monitor,Electronics,West,4,4548.92,867.59
2026-06-29,Monitor,Electronics,South,1,4775.6,596.88
2026-06-24,Speaker,Accessories,West,6,1059.29,249.83
2026-06-13,Mobile,Electronics,East,5,3643.03,729.37
2026-06-22,Tablet,Electronics,North,10,374.38,18.93
2026-07-04,Mouse,Accessories,North,3,4394.97,450.63
2026-07-10,Speaker,Accessories,East,9,552.67,164.37
2026-07-10,Laptop,Electronics,West,2,203.61,56.53
2026-06-12,Monitor,Electronics,East,8,3792.73,572.91
2026-07-10,Speaker,Accessories,North,1,2507.29,188.46
2026-07-04,Printer,Office,West,6,413.52,37.01
2026-07-01,Tablet,Electronics,South,6,2186.59,467.3
2026-06-28,Camera,Electronics,North,5,3298.65,221.3
2026-07-02,Headphones,Accessories,East,2,3739.67,875.77
2026-07-12,Laptop,Electronics,North,6,1083.81,73.84
2026-06-30,Headphones,Accessories,East,6,200.4,12.28
2026-06-16,Mouse,Accessories,West,1,2552.73,513.27
2026-06-12,Camera,Electronics,North,1,4758.4,751.22
2026-06-14,Speaker,Accessories,North,3,2048.58,333.67
2026-06-13,Laptop,Electronics,West,3,3591.2,548.09
2026-07-12,Mobile,Electronics,East,2,4880.58,247.86
2026-06-27,Tablet,Electronics,North,3,4163.7,496.93
2026-07-12,Monitor,Electronics,South,4,4969.6,1216.71
2026-07-08,Printer,Office,East,9,4109.37,652.93
2026-07-04,Keyboard,Accessories,East,7,220.17,65.78
2026-07-06,Camera,Electronics,South,4,425.73,36.23
2026-06-19,Tablet,Electronics,East,3,743.04,84.79
2026-06-15,Headphones,Accessories,South,2,2015.74,303.13
2026-06-12,Tablet,Electronics,North,4,4168.09,857.98
2026-07-10,Mobile,Electronics,North,10,1086.6,319.64
2026-06-16,Tablet,Electronics,East,6,4255.5,257.01
2026-06-24,Speaker,Accessories,North,5,1676.11,336.9
2026-06-22,Headphones,Accessories,East,8,2282.73,608.7
2026-07-07,Tablet,Electronics,West,3,4915.68,341.67
2026-07-11,Mobile,Electronics,North,5,2806.14,764.32
2026-07-10,Laptop,Electronics,East,1,1238.68,329.56
2026-07-02,Speaker,Accessories,East,2,4556.47,777.23
2026-06-28,Speaker,Accessories,North,8,3577.21,226.4
2026-06-22,Headphones,Accessories,North,10,2552.44,603.52
2026-07-03,Printer,Office,West,10,3643.29,732.24
2026-06-28,Mobile,Electronics,West,9,2104.03,168.3
2026-06-12,Headphones,Accessories,South,3,1720.62,377.44
2026-06-23,Printer,Office,South,3,619.86,178.63
2026-07-10,Monitor,Electronics,West,4,1487.02,139.95
2026-06-24,Mouse,Accessories,East,6,3138.94,366.13
2026-07-04,Headphones,Accessories,West,4,4249.23,503.48
2026-07-12,Printer,Office,South,7,4896.95,378.03
2026-07-02,Keyboard,Accessories,East,8,479.58,99.47
2026-06-29,Laptop,Electronics,West,9,2241.56,130.54
2026-06-18,Headphones,Accessories,South,10,342.4,72.22
2026-07-12,Keyboard,Accessories,South,8,2844.51,812.53
2026-06-27,Mobile,Electronics,South,1,4119.09,442.85
2026-07-02,Printer,Office,North,7,4037.07,321.1
2026-06-18,Mouse,Accessories,West,10,1879.1,492.51
2026-07-02,Headphones,Accessories,West,8,4780.91,539.64
2026-06-18,Headphones,Accessories,North,4,4603.73,1299.22
2026-07-12,Tablet,Electronics,West,4,1445.44,216.87
2026-07-02,Speaker,Accessories,North,10,3094.14,661.68
2026-06-20,Mobile,Electronics,South,2,2741.92,751.35
2026-06-24,Printer,Office,South,3,3999.97,226.4
2026-06-15,Camera,Electronics,West,5,4946.98,725.19
2026-06-18,Mobile,Electronics,East,8,1974.14,128.47
2026-06-28,Monitor,Electronics,North,2,1420.83,204.29
2026-07-11,Mouse,Accessories,East,4,1551.16,410.29
2026-07-07,Laptop,Electronics,South,1,4488.43,1045.71
2026-06-16,Printer,Office,West,1,3498.48,899.43
2026-06-18,Speaker,Accessories,West,4,2116.41,570.28
2026-06-23,Laptop,Electronics,West,7,1384.02,274.18
2026-06-21,Mouse,Accessories,West,9,2201.35,555.81
2026-06-20,Camera,Electronics,South,7,2353.88,119.24
2026-06-20,Keyboard,Accessories,West,10,1090.67,107.95
2026-06-27,Laptop,Electronics,East,6,1022.15,63.56
2026-07-09,Camera,Electronics,North,9,1358.03,400.33
2026-06-17,Laptop,Electronics,East,7,1605.31,438.31
2026-07-03,Speaker,Accessories,North,5,1438.77,140.78
2026-06-30,Headphones,Accessories,North,3,4271.93,1092.93
2026-06-14,Laptop,Electronics,West,1,4554.02,464.62
2026-07-11,Monitor,Electronics,South,7,662.43,103.61
2026-06-30,Laptop,Electronics,South,7,559.5,78.42
2026-07-06,Tablet,Electronics,West,10,3788.73,747.53
2026-06-12,Mouse,Accessories,West,7,1971.04,590.3
2026-06-24,Speaker,Accessories,North,7,662.57,46.97
2026-06-15,Laptop,Electronics,West,5,2949.34,559.67
2026-07-01,Headphones,Accessories,North,10,238.59,62.89
2026-06-17,Camera,Electronics,North,4,136.14,34.15
2026-06-27,Laptop,Electronics,East,4,1706.39,109.62
2026-06-16,Keyboard,Accessories,North,10,1406.02,335.38
2026-07-02,Mouse,Accessories,West,7,1748.2,96.44
2026-06-25,Printer,Office,South,6,1202.14,253.06
2026-06-15,Headphones,Accessories,North,10,946.86,129.39
2026-06-12,Mobile,Electronics,South,9,1176.29,123.63
2026-07-06,Mobile,Electronics,North,1,1393.17,155.86
2026-06-30,Headphones,Accessories,West,6,1839.89,545.59
2026-07-09,Headphones,Accessories,East,7,2074.76,153.96
2026-06-24,Mobile,Electronics,West,5,4761.01,390.57
2026-06-28,Monitor,Electronics,West,2,4120.84,347.03
2026-06-15,Mobile,Electronics,East,4,267.64,39.18
2026-07-12,Keyboard,Accessories,West,1,883.05,255.72
2026-07-07,Headphones,Accessories,North,8,1886.05,120.94
2026-06-13,Headphones,Accessories,North,1,4159.98,837.78
2026-07-05,Mouse,Accessories,West,7,1029.2,69.79
2026-06-18,Headphones,Accessories,South,7,4599.8,486.05
2026-06-25,Printer,Office,South,8,4522.43,958.19
2026-07-10,Headphones,Accessories,North,10,3400.42,707.22
2026-06-18,Keyboard,Accessories,North,7,3469.61,940.15
2026-06-21,Monitor,Electronics,South,10,4417.53,905.29
2026-06-21,Camera,Electronics,East,9,673.97,165.26
2026-07-12,Laptop,Electronics,East,2,2534.17,458.19
2026-06-16,Headphones,Accessories,South,5,539.88,135.3
2026-06-14,Keyboard,Accessories,South,2,3937.36,476.52
2026-06-29,Keyboard,Accessories,West,1,1335.54,290.81
2026-06-30,Laptop,Electronics,North,10,1668.9,472.71
2026-06-21,Mouse,Accessories,West,5,4004.71,513.2
2026-07-08,Printer,Office,South,5,4951.82,522.0
2026-06-30,Tablet,Electronics,South,4,574.62,129.97
2026-07-03,Speaker,Accessories,South,4,1845.57,169.31
2026-06-25,Camera,Electronics,South,6,687.14,155.52
2026-07-01,Mobile,Electronics,West,6,3486.5,635.37
2026-07-12,Camera,Electronics,North,3,4951.47,668.75
2026-07-03,Headphones,Accessories,East,3,3708.61,347.44
2026-06-19,Printer,Office,East,6,4387.86,1189.47
2026-06-21,Laptop,Electronics,East,6,1462.86,136.84
2026-06-25,Mouse,Accessories,West,9,1395.49,172.49
2026-06-29,Tablet,Electronics,South,7,3278.88,285.31
2026-06-27,Monitor,Electronics,North,4,3323.08,468.13
2026-07-08,Laptop,Electronics,South,9,990.98,139.17
2026-06-26,Mouse,Accessories,East,10,2377.57,699.57
2026-06-21,Tablet,Electronics,East,1,1095.1,84.49
2026-06-26,Camera,Electronics,South,2,2474.11,326.8
2026-07-07,Monitor,Electronics,East,8,1534.81,232.15
2026-06-30,Speaker,Accessories,West,9,858.31,81.03
2026-07-03,Tablet,Electronics,South,5,610.1,180.37
2026-06-17,Laptop,Electronics,South,4,2648.83,606.75
2026-06-28,Speaker,Accessories,West,4,1951.52,584.94
2026-06-24,Laptop,Electronics,West,1,3250.61,358.56
2026-07-11,Camera,Electronics,West,9,4502.06,1292.4
2026-06-15,Printer,Office,West,10,660.26,85.66
2026-07-02,Speaker,Accessories,East,4,722.75,202.17
2026-06-23,Printer,Office,South,9,3076.97,262.54
2026-06-28,Speaker,Accessories,West,8,506.66,71.4
2026-06-28,Monitor,Electronics,West,6,869.92,160.93
2026-06-16,Camera,Electronics,North,5,4018.77,480.42
2026-06-17,Headphones,Accessories,South,1,3856.74,811.33
2026-06-30,Headphones,Accessories,East,4,2466.03,150.42
2026-06-27,Tablet,Electronics,West,7,3333.82,740.15
2026-06-20,Mouse,Accessories,South,2,2504.02,408.74
2026-07-10,Printer,Office,North,9,3652.96,877.02
2026-06-29,Tablet,Electronics,East,2,985.07,120.73
2026-07-04,Printer,Office,West,8,4529.76,376.97
2026-06-26,Keyboard,Accessories,East,10,1280.6,197.78
2026-06-20,Monitor,Electronics,South,9,3975.99,302.67
2026-07-06,Tablet,Electronics,East,8,463.33,109.4
2026-07-10,Headphones,Accessories,North,5,1432.17,108.5
2026-06-30,Monitor,Electronics,East,7,3955.62,529.79
2026-07-08,Mobile,Electronics,South,2,766.1,213.83
2026-06-13,Keyboard,Accessories,West,5,1109.02,110.75
2026-06-29,Mobile,Electronics,East,1,3167.74,939.0
2026-06-15,Printer,Office,South,4,1888.05,363.55
2026-06-18,Monitor,Electronics,South,4,3952.51,1177.58
2026-07-05,Headphones,Accessories,East,4,3838.49,570.52
2026-06-22,Mouse,Accessories,North,9,2105.92,344.38
2026-07-10,Speaker,Accessories,West,8,2403.16,366.05
2026-06-20,Laptop,Electronics,North,5,2977.09,372.77
2026-06-15,Tablet,Electronics,South,8,1123.48,322.16
2026-06-23,Speaker,Accessories,North,9,3444.63,716.44
2026-07-05,Laptop,Electronics,South,7,1409.69,238.15
2026-06-26,Tablet,Electronics,East,7,3130.76,741.95
2026-07-08,Tablet,Electronics,South,6,706.62,35.42
2026-07-05,Mobile,Electronics,South,8,3877.1,509.47
2026-06-30,Speaker,Accessories,West,1,1830.97,342.82
2026-06-25,Laptop,Electronics,West,3,1507.51,269.21
2026-06-27,Keyboard,Accessories,North,6,2496.83,164.76
2026-06-22,Monitor,Electronics,West,9,2992.26,872.99
2026-06-15,Laptop,Electronics,South,5,3615.08,420.69
2026-07-05,Camera,Electronics,North,9,2292.63,663.51
2026-07-03,Laptop,Electronics,East,4,3782.98,426.95
2026-07-08,Mobile,Electronics,South,10,3172.52,443.45
2026-06-28,Laptop,Electronics,West,7,1382.56,196.86
2026-06-19,Headphones,Accessories,East,7,300.1,54.51
2026-06-20,Headphones,Accessories,East,1,1577.11,328.77
2026-06-17,Headphones,Accessories,North,2,1878.79,427.7
2026-06-24,Printer,Office,North,2,4253.5,1110.67
2026-07-02,Laptop,Electronics,South,10,4020.18,319.76
2026-07-01,Mouse,Accessories,East,9,3206.49,596.42
2026-06-30,Printer,Office,North,10,3301.68,819.02
2026-06-30,Tablet,Electronics,East,1,4855.81,1110.81
2026-06-23,Monitor,Electronics,North,5,4504.06,1093.52
2026-07-11,Keyboard,Accessories,North,1,1745.04,92.65
2026-06-30,Monitor,Electronics,South,8,2259.19,660.21
2026-07-09,Tablet,Electronics,South,1,1986.14,419.2
2026-06-14,Speaker,Accessories,North,3,4483.08,413.03
2026-06-29,Monitor,Electronics,South,1,2429.96,673.14
2026-07-04,Tablet,Electronics,South,1,1549.28,395.39
2026-06-18,Mobile,Electronics,North,4,2000.05,595.01
2026-06-12,Headphones,Accessories,North,4,1199.89,295.22
2026-06-17,Keyboard,Accessories,North,4,441.87,124.11
2026-06-22,Tablet,Electronics,East,3,4898.89,1220.11
2026-06-23,Laptop,Electronics,South,6,1839.12,125.36
2026-07-09,Printer,Office,West,10,4303.17,387.22
2026-06-14,Mouse,Accessories,East,4,3196.01,328.44
2026-07-08,Monitor,Electronics,North,6,804.91,201.8
2026-06-23,Keyboard,Accessories,East,3,3234.66,372.84
2026-06-21,Speaker,Accessories,South,6,3851.02,781.17
2026-06-13,Laptop,Electronics,West,2,599.99,66.37
2026-07-09,Mouse,Accessories,East,7,3555.3,503.34
2026-06-15,Mobile,Electronics,North,4,4388.23,302.68
2026-06-14,Speaker,Accessories,West,3,1250.48,182.64
2026-07-09,Speaker,Accessories,East,8,2752.48,806.67
2026-07-10,Keyboard,Accessories,West,5,3792.38,780.52
2026-07-09,Mobile,Electronics,West,2,3736.38,1083.59
2026-07-02,Monitor,Electronics,East,9,3861.82,902.48
2026-07-11,Printer,Office,East,1,4094.7,1205.32
2026-06-13,Keyboard,Accessories,East,3,1344.6,403.34
2026-06-25,Keyboard,Accessories,South,2,4857.15,537.81
2026-06-30,Laptop,Electronics,North,10,353.4,24.18
2026-07-04,Tablet,Electronics,North,2,1427.67,364.54
2026-06-27,Monitor,Electronics,South,2,4567.53,1057.45
2026-07-03,Printer,Office,West,7,2464.32,143.06
2026-06-25,Laptop,Electronics,South,2,3284.6,344.17
2026-07-12,Mouse,Accessories,West,2,2570.64,476.36
2026-06-23,Monitor,Electronics,North,10,275.65,54.2
2026-06-22,Mobile,Electronics,East,1,109.13,22.11
2026-06-28,Tablet,Electronics,West,9,1982.52,348.04
2026-06-18,Tablet,Electronics,East,2,2051.71,204.31
2026-07-01,Headphones,Accessories,West,2,2096.37,482.63
2026-07-09,Camera,Electronics,East,3,4215.74,397.52
2026-06-22,Monitor,Electronics,West,1,3172.39,784.63
2026-06-26,Tablet,Electronics,South,5,2229.34,173.41
2026-07-10,Headphones,Accessories,East,8,4748.13,566.33
2026-06-25,Mobile,Electronics,East,9,2456.81,409.58
2026-07-07,Camera,Electronics,West,3,306.55,39.71
2026-06-15,Tablet,Electronics,South,10,138.31,7.89
2026-06-21,Laptop,Electronics,South,8,4448.87,506.72
2026-07-10,Laptop,Electronics,South,9,2406.07,500.32
2026-07-09,Camera,Electronics,North,7,2680.17,734.83
2026-06-21,Tablet,Electronics,North,9,996.68,156.48
2026-07-12,Headphones,Accessories,East,2,1759.78,275.54
2026-06-14,Mouse,Accessories,North,2,1207.25,188.78
2026-07-08,Printer,Office,East,3,2318.94,186.51
2026-07-10,Keyboard,Accessories,North,10,4231.66,258.15
2026-06-20,Monitor,Electronics,South,4,2051.15,144.8
2026-06-13,Tablet,Electronics,West,6,2270.32,300.78
2026-07-11,Monitor,Electronics,South,6,1432.71,289.77
2026-06-26,Mobile,Electronics,North,1,1509.2,131.96
2026-07-11,Mobile,Electronics,South,9,4186.24,470.57
2026-07-01,Headphones,Accessories,North,9,4643.83,1103.48
2026-06-30,Keyboard,Accessories,North,8,2217.09,412.69
2026-07-02,Camera,Electronics,North,7,2398.06,478.49
2026-07-08,Speaker,Accessories,North,10,2770.56,627.18
2026-07-10,Mobile,Electronics,North,6,2583.95,591.3
2026-07-11,Monitor,Electronics,South,10,806.66,240.31
2026-06-20,Keyboard,Accessories,East,1,2243.97,207.15
2026-07-10,Camera,Electronics,West,10,4383.24,1297.23
2026-06-29,Headphones,Accessories,North,9,3126.68,464.99
2026-06-23,Speaker,Accessories,North,2,895.96,249.9
2026-07-05,Monitor,Electronics,East,10,179.88,11.06
2026-07-03,Headphones,Accessories,West,2,308.65,78.5
2026-07-08,Camera,Electronics,East,6,1412.06,275.37
2026-07-09,Speaker,Accessories,North,3,3939.34,846.65
2026-06-16,Monitor,Electronics,North,10,1848.38,285.81
2026-06-28,Keyboard,Accessories,North,10,2891.08,823.57
2026-06-24,Laptop,Electronics,North,6,835.91,88.44
2026-06-22,Mouse,Accessories,West,3,2937.05,398.05
2026-07-07,Headphones,Accessories,West,7,3251.01,399.46
2026-07-10,Speaker,Accessories,East,5,2948.73,811.86
2026-07-01,Speaker,Accessories,West,6,3258.07,772.92
2026-06-29,Camera,Electronics,East,1,2796.69,605.32
2026-06-13,Mobile,Electronics,South,6,1945.66,345.02
2026-06-23,Tablet,Electronics,West,8,426.48,120.68
2026-06-19,Keyboard,Accessories,East,9,2833.98,160.84
2026-06-29,Laptop,Electronics,North,3,1816.09,422.07
2026-06-21,Headphones,Accessories,North,10,1455.76,432.63
2026-06-20,Laptop,Electronics,South,10,1741.35,207.43
2026-07-09,Tablet,Electronics,West,7,3808.18,1067.08
2026-06-12,Mobile,Electronics,West,10,549.06,37.4
2026-06-14,Headphones,Accessories,South,7,4843.26,660.8
2026-06-27,Speaker,Accessories,West,8,176.88,33.76
2026-06-23,Laptop,Electronics,South,10,1422.24,251.18
2026-06-29,Speaker,Accessories,South,7,494.53,129.99
2026-07-09,Mouse,Accessories,East,9,4501.12,596.61
2026-07-07,Mouse,Accessories,North,7,1426.73,272.6
2026-07-09,Tablet,Electronics,East,8,3509.15,815.82
2026-07-03,Tablet,Electronics,West,6,1031.88,154.07
2026-07-07,Speaker,Accessories,West,5,4052.14,1022.25
2026-06-19,Mobile,Electronics,South,9,2134.38,634.11
2026-06-21,Monitor,Electronics,South,5,3426.05,854.92
2026-06-27,Laptop,Electronics,South,8,4113.2,400.9
2026-06-26,Camera,Electronics,West,6,4474.19,516.71
2026-06-23,Mouse,Accessories,South,8,3586.88,682.91
2026-06-28,Speaker,Accessories,East,8,1235.98,218.89
2026-06-30,Keyboard,Accessories,North,8,388.32,70.19
2026-07-04,Monitor,Electronics,South,3,879.54,155.47
2026-07-05,Mouse,Accessories,West,4,1645.66,278.29
2026-07-10,Speaker,Accessories,West,5,3196.51,312.26
2026-07-12,Tablet,Electronics,North,2,2738.12,626.84
2026-07-04,Tablet,Electronics,South,4,2273.5,669.35
2026-06-28,Camera,Electronics,North,5,4823.66,1417.82
2026-06-22,Speaker,Accessories,North,3,245.47,54.56
2026-07-06,Printer,Office,East,2,4720.4,1093.07
2026-06-17,Keyboard,Accessories,South,4,1399.63,284.6
2026-06-23,Monitor,Electronics,West,1,3084.17,896.67
2026-06-15,Speaker,Accessories,East,8,1672.73,134.4
2026-06-29,Keyboard,Accessories,West,9,4089.48,1006.55
2026-06-21,Keyboard,Accessories,North,6,1552.56,116.46
2026-06-19,Printer,Office,South,10,3437.33,197.75
2026-06-16,Camera,Electronics,South,1,176.81,37.45
2026-06-24,Speaker,Accessories,East,2,1461.21,377.33
2026-06-22,Monitor,Electronics,West,3,3002.43,425.43
2026-06-24,Mobile,Electronics,West,10,2291.05,260.04
2026-07-08,Speaker,Accessories,East,3,1934.55,570.92
2026-06-22,Camera,Electronics,East,10,1320.84,210.53
2026-07-10,Monitor,Electronics,South,6,4428.33,1025.52
2026-07-08,Speaker,Accessories,North,3,2316.45,690.47
2026-06-20,Headphones,Accessories,North,6,2870.26,762.31
2026-06-30,Keyboard,Accessories,North,5,4686.46,1141.57
2026-07-02,Printer,Office,North,8,1629.16,413.98
2026-06-28,Camera,Electronics,West,3,3161.77,242.08
2026-06-19,Monitor,Electronics,South,6,3642.84,683.57
2026-06-20,Headphones,Accessories,West,8,2743.53,153.2
2026-07-08,Mouse,Accessories,North,1,4779.5,1148.79
2026-06-26,Tablet,Electronics,East,3,2909.42,615.72
2026-06-17,Tablet,Electronics,South,2,1704.21,154.62
2026-06-15,Keyboard,Accessories,West,5,926.11,144.67
2026-07-04,Headphones,Accessories,South,5,4033.43,500.1
2026-06-15,Keyboard,Accessories,East,1,1147.92,283.73
2026-06-26,Tablet,Electronics,West,4,3827.35,448.41
2026-06-28,Tablet,Electronics,South,2,890.26,89.05
2026-07-01,Camera,Electronics,North,5,2110.43,112.04
2026-06-30,Mouse,Accessories,East,4,542.89,115.91
2026-07-07,Tablet,Electronics,South,10,2332.93,169.48
2026-06-17,Monitor,Electronics,West,7,567.4,73.86
2026-06-27,Mouse,Accessories,North,9,462.99,55.33
2026-06-17,Laptop,Electronics,South,5,4234.79,1236.76
2026-06-29,Monitor,Electronics,North,9,803.74,177.22
2026-07-06,Camera,Electronics,North,7,2278.12,536.63
2026-07-04,Tablet,Electronics,North,8,4891.39,276.72
2026-07-03,Mobile,Electronics,East,5,2316.12,230.34
2026-07-10,Monitor,Electronics,South,4,4395.17,555.69
2026-06-23,Speaker,Accessories,East,2,4735.14,627.96
2026-06-29,Speaker,Accessories,North,3,581.92,43.91
2026-07-09,Camera,Electronics,East,9,2168.28,570.96
2026-07-07,Monitor,Electronics,West,8,1486.58,236.02
2026-06-25,Printer,Office,East,3,2682.62,436.05
2026-07-11,Headphones,Accessories,East,1,3846.02,564.33
2026-07-10,Printer,Office,North,2,3594.27,758.09
2026-07-11,Camera,Electronics,South,2,470.94,25.76
2026-06-14,Printer,Office,North,4,1468.34,389.41
2026-07-03,Printer,Office,East,9,4122.33,994.15
2026-06-28,Mobile,Electronics,North,3,4063.74,572.5
2026-06-12,Mouse,Accessories,East,1,438.92,118.32
2026-06-14,Printer,Office,West,7,605.72,100.22
2026-07-06,Speaker,Accessories,North,4,2219.69,626.94
2026-06-21,Camera,Electronics,East,4,677.11,74.19
2026-06-23,Mouse,Accessories,South,5,2650.94,561.96
2026-06-28,Speaker,Accessories,East,1,2378.32,189.09
2026-07-09,Keyboard,Accessories,North,2,3413.24,910.08
2026-06-24,Speaker,Accessories,South,9,4360.45,924.67
2026-07-09,Laptop,Electronics,West,8,1631.4,379.76
2026-07-06,Monitor,Electronics,East,1,3731.15,992.68
2026-06-24,Camera,Electronics,West,9,1360.33,235.59
2026-07-05,Headphones,Accessories,East,5,2224.57,535.82
2026-06-18,Mobile,Electronics,West,7,3474.33,932.5
2026-07-07,Headphones,Accessories,North,3,3591.34,783.52
2026-06-14,Mouse,Accessories,North,3,4494.09,824.15
2026-06-20,Mobile,Electronics,West,1,3545.4,209.51
2026-06-17,Speaker,Accessories,South,3,817.59,166.18
2026-06-26,Speaker,Accessories,East,1,1247.28,126.07
2026-06-28,Printer,Office,East,10,2774.12,596.78
2026-07-01,Mouse,Accessories,South,9,3846.21,737.08
2026-06-19,Camera,Electronics,South,7,3655.45,778.08
2026-07-11,Tablet,Electronics,East,8,3000.56,327.62
2026-06-20,Keyboard,Accessories,North,4,1511.8,165.81
2026-06-23,Monitor,Electronics,East,9,593.91,119.17
2026-06-30,Keyboard,Accessories,South,9,4772.36,376.22
2026-06-27,Camera,Electronics,East,4,2638.83,475.01
2026-07-12,Keyboard,Accessories,East,2,3561.62,953.17
2026-06-13,Speaker,Accessories,North,8,104.15,26.94
2026-07-05,Printer,Office,South,7,3743.01,278.63
2026-07-03,Laptop,Electronics,South,1,1885.06,126.13
2026-06-19,Laptop,Electronics,East,1,1154.64,255.71
2026-06-24,Laptop,Electronics,North,5,1103.13,150.73
2026-06-22,Keyboard,Accessories,East,2,4527.22,323.04
2026-06-16,Keyboard,Accessories,East,5,2958.63,390.63
2026-06-30,Mouse,Accessories,North,8,2483.7,134.67
2026-06-19,Camera,Electronics,South,1,267.82,47.05
2026-07-06,Keyboard,Accessories,South,1,1768.64,471.12
2026-07-08,Camera,Electronics,East,6,339.23,56.82
2026-07-12,Speaker,Accessories,South,4,2874.25,196.17
2026-06-20,Monitor,Electronics,East,4,1347.93,199.41
2026-07-09,Tablet,Electronics,North,3,4124.13,711.77
2026-07-11,Printer,Office,North,1,3841.8,681.12
2026-07-08,Laptop,Electronics,South,1,326.87,31.67
2026-06-20,Tablet,Electronics,West,3,1277.79,278.6
2026-06-26,Mouse,Accessories,South,4,3149.26,401.6
2026-06-18,Monitor,Electronics,South,4,2735.03,634.77
2026-06-29,Laptop,Electronics,West,10,4743.83,1184.34
2026-06-20,Tablet,Electronics,South,3,615.88,57.15
2026-07-04,Monitor,Electronics,West,9,4314.27,892.01
2026-06-19,Mouse,Accessories,East,10,1582.77,447.04
2026-06-18,Tablet,Electronics,South,3,1987.39,336.41
2026-06-15,Laptop,Electronics,West,5,3387.15,537.5
2026-06-26,Printer,Office,South,1,3844.91,826.12
2026-07-11,Tablet,Electronics,North,7,656.43,163.46
2026-06-24,Keyboard,Accessories,East,5,3988.99,324.45
2026-07-05,Keyboard,Accessories,West,5,1886.08,156.74
2026-07-01,Mouse,Accessories,South,5,2139.47,208.94
2026-07-04,Speaker,Accessories,South,4,1990.0,591.12
2026-07-06,Mobile,Electronics,North,6,1487.17,146.05
2026-06-15,Monitor,Electronics,West,3,2814.91,368.07
2026-07-10,Laptop,Electronics,South,3,1717.85,109.88
2026-06-22,Tablet,Electronics,East,10,4015.87,405.21
2026-06-14,Tablet,Electronics,North,10,4039.79,810.4
2026-06-29,Printer,Office,East,6,1640.09,207.76
2026-07-09,Keyboard,Accessories,West,6,1943.33,384.17
2026-07-12,Mobile,Electronics,North,4,3193.86,867.99
2026-06-23,Printer,Office,North,1,576.04,170.2
2026-07-03,Mouse,Accessories,South,4,1693.04,358.65
2026-06-14,Laptop,Electronics,East,5,1912.15,294.29
2026-07-10,Speaker,Accessories,East,6,3035.35,242.89
2026-06-16,Mouse,Accessories,South,3,4729.86,1284.35
2026-07-02,Mobile,Electronics,West,6,2347.92,204.11
2026-07-11,Headphones,Accessories,East,7,4682.36,1351.24
2026-07-05,Headphones,Accessories,West,7,4514.24,402.75
2026-06-14,Headphones,Accessories,East,7,1467.23,156.3
2026-07-11,Mobile,Electronics,South,3,3486.71,418.56
2026-06-13,Speaker,Accessories,South,5,1955.11,583.78
2026-07-10,Laptop,Electronics,South,9,4490.58,522.84
2026-07-03,Keyboard,Accessories,South,5,3643.99,637.54
2026-07-12,Camera,Electronics,East,5,2857.99,156.35
2026-07-10,Camera,Electronics,West,1,469.65,62.91
2026-07-10,Mobile,Electronics,South,1,2161.84,555.71
2026-06-21,Mobile,Electronics,East,2,4028.96,1052.21
2026-07-06,Mobile,Electronics,South,8,3974.3,780.65
2026-06-12,Camera,Electronics,South,3,1930.48,480.68
2026-06-25,Headphones,Accessories,South,8,2693.76,573.83
2026-07-06,Mouse,Accessories,West,6,3402.19,310.23
2026-06-14,Tablet,Electronics,North,8,2450.72,732.8
2026-06-16,Speaker,Accessories,North,9,2153.14,125.64
2026-06-23,Monitor,Electronics,North,5,1717.26,166.99
2026-06-21,Headphones,Accessories,East,6,2031.45,589.32
2026-06-23,Tablet,Electronics,West,8,752.09,191.62
2026-07-05,Monitor,Electronics,South,1,3349.3,218.81
2026-07-12,Tablet,Electronics,East,4,2499.48,411.33
2026-06-18,Speaker,Accessories,North,1,2288.12,681.78
2026-06-21,Mouse,Accessories,North,2,3380.02,310.56
2026-06-13,Speaker,Accessories,South,7,4401.53,522.44
2026-07-07,Monitor,Electronics,South,7,4838.17,1191.11
2026-06-25,Tablet,Electronics,South,6,2359.95,639.64
2026-06-12,Mouse,Accessories,East,1,2406.56,211.37
2026-06-18,Monitor,Electronics,East,1,1584.15,461.93
2026-06-16,Tablet,Electronics,North,10,2712.5,561.08
2026-06-23,Speaker,Accessories,South,2,1055.6,256.18
2026-07-02,Mouse,Accessories,South,3,2819.04,367.22
2026-06-20,Camera,Electronics,North,3,3341.22,932.54
2026-06-27,Mobile,Electronics,East,7,1302.69,188.4
2026-07-02,Camera,Electronics,East,8,1211.69,281.18
2026-06-25,Keyboard,Accessories,North,1,4924.0,1386.94
2026-06-19,Tablet,Electronics,East,6,214.87,41.17
2026-06-14,Keyboard,Accessories,East,3,2493.96,245.42
2026-06-26,Mouse,Accessories,South,8,2185.92,453.4
2026-07-02,Speaker,Accessories,South,9,3113.54,606.05
2026-06-15,Keyboard,Accessories,West,2,1312.06,110.21
2026-06-13,Keyboard,Accessories,West,1,573.56,87.11
2026-06-24,Speaker,Accessories,South,1,1339.69,166.56
2026-06-25,Mobile,Electronics,West,5,2137.67,496.63
2026-06-30,Headphones,Accessories,North,7,4286.86,1168.34
2026-07-05,Speaker,Accessories,West,2,3238.2,687.81
2026-06-26,Keyboard,Accessories,South,5,3590.19,1060.26
2026-06-17,Laptop,Electronics,North,3,2860.78,440.25
2026-07-11,Laptop,Electronics,North,7,418.08,106.08
2026-07-12,Tablet,Electronics,North,6,2692.31,492.66
2026-07-07,Printer,Office,West,9,4066.95,506.61
2026-07-02,Mouse,Accessories,North,7,3789.37,192.03
2026-07-03,Mobile,Electronics,East,2,4271.71,367.98
2026-06-17,Printer,Office,East,1,4190.22,512.84
2026-07-12,Printer,Office,East,2,4787.1,1244.23
2026-06-27,Camera,Electronics,East,4,3486.06,180.9
2026-06-22,Printer,Office,North,8,1591.62,92.67
2026-06-21,Speaker,Accessories,South,1,2447.21,163.53
2026-07-10,Laptop,Electronics,South,10,1323.71,137.44
2026-06-20,Mouse,Accessories,West,5,4737.28,910.49
2026-06-24,Mouse,Accessories,West,8,4651.04,322.06
2026-07-06,Camera,Electronics,West,1,2102.33,579.58
2026-06-21,Speaker,Accessories,North,5,567.8,148.87
2026-06-29,Camera,Electronics,South,5,1732.53,179.7
2026-06-30,Headphones,Accessories,East,10,1686.05,242.29
2026-06-16,Tablet,Electronics,West,4,719.2,144.99
2026-06-19,Tablet,Electronics,North,6,978.0,198.44
2026-06-23,Monitor,Electronics,East,9,1979.65,391.25
2026-06-21,Headphones,Accessories,West,1,2079.14,148.17
2026-07-04,Headphones,Accessories,South,9,1989.1,121.06
2026-07-03,Camera,Electronics,West,10,2082.05,508.5
2026-07-06,Speaker,Accessories,East,9,4405.63,366.81
2026-06-27,Keyboard,Accessories,North,8,132.05,14.95
2026-06-24,Mouse,Accessories,North,1,4583.78,1060.98
2026-06-18,Monitor,Electronics,East,3,3288.62,179.12
2026-06-15,Mobile,Electronics,North,3,576.26,88.28
2026-06-23,Monitor,Electronics,East,5,2924.54,744.4
2026-07-11,Laptop,Electronics,North,8,3984.47,1069.87
2026-07-02,Mouse,Accessories,North,6,2957.75,316.87
2026-07-10,Camera,Electronics,East,3,3473.11,970.35
2026-06-28,Laptop,Electronics,North,4,4880.51,379.96
2026-06-25,Mobile,Electronics,East,4,4958.27,601.87
2026-07-09,Tablet,Electronics,West,10,3117.12,553.65
2026-07-05,Laptop,Electronics,North,6,4601.96,348.66
2026-07-11,Laptop,Electronics,North,4,2368.53,210.52
2026-06-27,Mouse,Accessories,North,7,4939.46,963.11
2026-06-17,Monitor,Electronics,East,10,586.03,52.28
2026-07-06,Printer,Office,North,6,4398.98,1075.45
2026-07-12,Keyboard,Accessories,North,9,2885.35,195.19
2026-06-13,Keyboard,Accessories,South,5,1295.37,345.71
2026-07-11,Camera,Electronics,West,9,1591.79,360.74
2026-06-16,Camera,Electronics,South,1,214.47,52.03
2026-06-22,Mouse,Accessories,East,5,3405.84,916.57
2026-06-20,Laptop,Electronics,West,4,2828.97,540.18
2026-06-21,Mobile,Electronics,West,9,2314.05,682.9
2026-07-02,Speaker,Accessories,North,1,1941.86,191.0
2026-06-21,Mobile,Electronics,North,5,4411.64,351.58
2026-06-17,Tablet,Electronics,East,3,2979.39,320.91
2026-06-23,Headphones,Accessories,East,9,2163.07,565.81
2026-07-11,Laptop,Electronics,South,4,637.03,51.8
2026-07-03,Mobile,Electronics,West,2,3068.92,197.17
2026-06-15,Laptop,Electronics,East,10,3583.68,483.49
2026-07-02,Laptop,Electronics,North,3,3669.73,575.17
2026-07-03,Tablet,Electronics,South,2,889.28,252.52
2026-06-14,Camera,Electronics,South,2,1963.09,466.1
2026-07-03,Monitor,Electronics,East,7,1535.97,269.97
2026-06-20,Headphones,Accessories,West,8,369.43,84.18
2026-06-21,Printer,Office,West,4,2647.26,367.34
2026-07-03,Mouse,Accessories,North,3,4013.1,208.19
2026-06-24,Camera,Electronics,West,5,3442.61,980.31
2026-07-10,Mouse,Accessories,West,6,4459.1,541.18
2026-06-13,Camera,Electronics,North,2,4112.35,325.29
2026-06-18,Headphones,Accessories,North,2,2661.21,645.54
2026-06-25,Keyboard,Accessories,South,4,3621.37,400.39
2026-06-30,Keyboard,Accessories,South,4,3005.85,288.7
2026-06-26,Printer,Office,West,10,4354.36,271.87
2026-06-17,Mouse,Accessories,East,4,987.87,232.17
2026-07-09,Printer,Office,South,6,3851.52,1094.15
2026-06-29,Tablet,Electronics,North,8,1278.26,300.74
2026-06-23,Monitor,Electronics,North,8,1773.46,390.33
2026-06-29,Headphones,Accessories,North,5,1315.94,326.17
2026-06-15,Printer,Office,East,6,2633.21,349.06
2026-06-30,Speaker,Accessories,South,1,4281.41,944.7
2026-06-24,Printer,Office,East,4,4365.29,244.56
2026-06-21,Tablet,Electronics,South,7,2540.25,220.84
2026-06-29,Printer,Office,East,7,1632.8,429.06
2026-07-01,Camera,Electronics,North,8,4177.96,1076.44
2026-07-02,Keyboard,Accessories,East,4,1820.35,181.99
2026-07-02,Mouse,Accessories,South,9,3589.85,1010.37
2026-06-29,Monitor,Electronics,West,6,101.92,25.19
2026-07-10,Headphones,Accessories,South,8,3714.82,438.35
2026-07-01,Camera,Electronics,North,7,4435.32,912.28
2026-07-03,Tablet,Electronics,East,4,3481.17,802.13
2026-06-18,Printer,Office,East,9,3911.15,839.14
2026-07-01,Camera,Electronics,North,1,658.95,35.97
2026-06-30,Speaker,Accessories,South,4,1733.64,242.74
2026-06-14,Camera,Electronics,North,5,1397.35,398.93
2026-06-28,Mobile,Electronics,East,8,364.77,20.37
2026-07-12,Headphones,Accessories,West,7,2480.57,514.21
2026-07-02,Mobile,Electronics,South,2,3605.4,793.3
2026-06-18,Keyboard,Accessories,North,9,2545.55,699.98
2026-06-17,Camera,Electronics,West,4,1518.74,216.53
2026-07-01,Monitor,Electronics,East,9,174.22,30.33
2026-07-06,Monitor,Electronics,West,6,2966.63,791.14
2026-06-30,Mobile,Electronics,North,4,2918.24,286.52
2026-06-22,Laptop,Electronics,South,1,681.83,76.14
2026-07-04,Monitor,Electronics,North,5,3350.3,324.17
2026-07-07,Mobile,Electronics,West,1,961.98,54.47
2026-06-28,Headphones,Accessories,South,7,656.08,102.52
2026-06-17,Mobile,Electronics,North,10,4825.62,1054.72
2026-06-14,Mouse,Accessories,South,4,830.33,234.32
2026-06-30,Headphones,Accessories,South,9,3742.2,789.9
2026-07-08,Mobile,Electronics,West,1,1308.43,288.75
2026-07-11,Headphones,Accessories,South,4,2991.88,528.34
2026-07-05,Keyboard,Accessories,North,3,3185.92,448.98
2026-07-04,Camera,Electronics,East,5,1509.82,117.32
2026-06-12,Mouse,Accessories,South,8,4874.21,280.53
2026-07-04,Tablet,Electronics,North,10,2099.85,507.81
2026-06-20,Laptop,Electronics,West,7,1242.45,316.49
2026-06-23,Mobile,Electronics,South,3,4921.62,332.65
2026-06-15,Camera,Electronics,North,10,3800.29,418.68
2026-06-21,Mouse,Accessories,West,9,1482.69,405.93
2026-07-04,Headphones,Accessories,South,6,1053.98,119.12
2026-07-02,Headphones,Accessories,South,7,2345.25,348.88
2026-07-03,Headphones,Accessories,North,9,4404.94,1307.9
2026-06-12,Tablet,Electronics,North,8,3359.42,452.67
2026-06-29,Tablet,Electronics,West,10,2805.62,469.93
2026-06-15,Headphones,Accessories,South,2,3535.27,299.19
2026-07-12,Headphones,Accessories,South,2,846.13,120.87
2026-06-21,Headphones,Accessories,North,9,1643.67,157.22
2026-07-05,Keyboard,Accessories,South,7,2679.17,456.53
2026-07-05,Monitor,Electronics,West,10,2783.01,154.35
2026-06-26,Headphones,Accessories,North,3,4278.57,832.57
2026-06-20,Tablet,Electronics,North,9,287.43,59.1
2026-07-01,Camera,Electronics,West,9,1695.58,320.9
2026-06-19,Tablet,Electronics,North,5,1577.01,315.88
2026-06-25,Mobile,Electronics,North,3,2486.06,687.5
2026-06-18,Speaker,Accessories,West,7,3620.9,947.6
2026-07-09,Speaker,Accessories,East,1,4051.33,266.99
2026-07-12,Laptop,Electronics,North,4,2379.06,574.13
2026-07-07,Printer,Office,North,6,4522.87,829.84
2026-07-06,Monitor,Electronics,South,1,3221.23,799.11
2026-07-05,Mobile,Electronics,North,10,2260.3,470.24
2026-07-09,Mouse,Accessories,East,4,4760.37,1390.95
2026-06-27,Keyboard,Accessories,South,4,909.13,158.19
2026-06-26,Tablet,Electronics,West,3,3039.1,415.71
2026-06-30,Mobile,Electronics,South,6,3731.73,776.98
2026-06-18,Printer,Office,West,7,1844.51,211.78
2026-07-10,Camera,Electronics,West,9,1805.24,356.25
2026-07-08,Mobile,Electronics,North,6,499.72,95.66
2026-06-19,Monitor,Electronics,South,7,3168.39,938.86
2026-06-18,Printer,Office,West,7,1528.39,330.5
2026-06-26,Tablet,Electronics,East,4,141.6,32.64
2026-06-23,Mouse,Accessories,South,3,4631.41,911.52
2026-07-11,Monitor,Electronics,South,6,779.1,56.3
2026-06-25,Printer,Office,South,4,1753.31,164.51
2026-06-19,Speaker,Accessories,North,7,3580.29,903.75
2026-07-02,Camera,Electronics,North,10,1757.61,502.9
2026-06-20,Laptop,Electronics,West,9,2825.49,384.37
2026-06-30,Headphones,Accessories,South,6,2887.88,739.23
2026-06-17,Headphones,Accessories,North,4,4912.32,951.92
2026-06-26,Mobile,Electronics,North,1,1196.36,72.23
2026-06-14,Laptop,Electronics,East,1,3966.59,378.55
2026-07-09,Monitor,Electronics,South,2,1386.29,324.39
2026-06-15,Printer,Office,West,7,3297.21,427.25
2026-06-28,Camera,Electronics,North,6,631.24,83.69
2026-06-15,Monitor,Electronics,East,8,1357.7,145.08
2026-06-17,Mouse,Accessories,East,5,252.61,40.6
2026-06-17,Laptop,Electronics,South,4,1391.34,164.45
2026-06-23,Mouse,Accessories,North,1,879.16,152.54
2026-06-30,Keyboard,Accessories,East,2,1445.66,313.26
2026-06-14,Monitor,Electronics,South,2,1043.66,309.11
2026-06-29,Laptop,Electronics,North,1,4134.71,751.65
2026-06-25,Printer,Office,South,8,1522.73,94.71
2026-06-22,Tablet,Electronics,North,3,3187.64,395.12
2026-06-17,Laptop,Electronics,East,5,2895.61,841.65
2026-06-13,Tablet,Electronics,South,9,3705.3,512.57
2026-06-19,Tablet,Electronics,South,8,3894.68,705.17
2026-07-10,Laptop,Electronics,West,3,732.94,100.24
2026-06-13,Mouse,Accessories,West,2,599.78,145.83
2026-07-02,Printer,Office,South,8,4914.24,746.78
2026-07-12,Mouse,Accessories,South,10,352.19,31.19
2026-06-27,Camera,Electronics,East,2,2574.92,459.97
2026-06-28,Printer,Office,North,10,1531.03,291.24
2026-06-14,Printer,Office,East,2,2127.91,541.22
2026-06-25,Monitor,Electronics,North,3,3270.15,303.36
2026-07-09,Camera,Electronics,South,6,4149.06,573.79
2026-07-03,Speaker,Accessories,North,1,3848.2,435.09
2026-06-15,Tablet,Electronics,South,1,2677.47,165.74
2026-06-18,Camera,Electronics,East,7,3265.98,725.31
2026-06-16,Keyboard,Accessories,North,10,2781.49,144.37
2026-06-25,Camera,Electronics,East,7,3846.69,1046.15
2026-07-01,Headphones,Accessories,North,6,1345.68,278.07
2026-07-12,Laptop,Electronics,South,3,3049.62,598.56
2026-06-13,Tablet,Electronics,South,8,1103.12,259.94
2026-06-19,Headphones,Accessories,West,6,1674.89,459.95
2026-06-28,Mouse,Accessories,South,2,701.58,135.79
2026-06-17,Tablet,Electronics,West,2,4643.04,1119.43
2026-06-30,Speaker,Accessories,South,8,3179.36,409.18
2026-06-13,Printer,Office,East,5,4585.94,533.2
2026-06-12,Speaker,Accessories,North,8,2245.24,595.22
2026-06-13,Tablet,Electronics,South,8,4505.4,919.45
2026-06-28,Mouse,Accessories,East,1,1157.2,139.91
2026-06-26,Tablet,Electronics,South,9,965.99,207.08
2026-07-03,Tablet,Electronics,West,6,4954.26,283.85
2026-07-10,Headphones,Accessories,West,1,950.82,191.95
2026-07-01,Mouse,Accessories,East,6,3970.78,581.16
2026-06-27,Headphones,Accessories,West,6,2781.54,591.45
2026-06-24,Mouse,Accessories,West,10,4457.78,329.57
2026-06-20,Monitor,Electronics,North,6,4393.39,1169.07
2026-07-08,Speaker,Accessories,East,3,2772.18,196.82
2026-06-21,Mobile,Electronics,South,9,422.09,69.38
2026-07-09,Printer,Office,North,10,3258.3,328.19
2026-06-22,Laptop,Electronics,East,10,4366.75,961.54
2026-07-12,Monitor,Electronics,East,4,3856.67,268.43
2026-07-06,Monitor,Electronics,North,4,4610.88,620.18
2026-06-13,Monitor,Electronics,North,10,948.43,100.06
2026-06-24,Printer,Office,North,9,4378.83,302.34
2026-06-21,Camera,Electronics,West,7,2720.22,204.91
2026-06-15,Laptop,Electronics,South,10,4632.49,582.69
2026-06-14,Camera,Electronics,East,8,4346.76,1115.81
2026-06-26,Camera,Electronics,West,5,2231.36,526.66
2026-06-22,Mouse,Accessories,West,9,1157.83,289.9
2026-07-03,Monitor,Electronics,North,9,2117.16,342.63
2026-06-18,Laptop,Electronics,East,1,426.96,69.42
2026-07-04,Camera,Electronics,West,7,4696.84,744.06
2026-06-24,Tablet,Electronics,West,2,615.25,46.71
2026-06-18,Mouse,Accessories,West,3,4685.25,1273.66
2026-07-03,Headphones,Accessories,East,6,4543.3,1082.7
2026-07-02,Monitor,Electronics,West,5,2146.0,239.52
2026-06-22,Printer,Office,South,8,2993.95,159.93
2026-06-24,Monitor,Electronics,East,7,1827.76,101.52
2026-07-05,Mouse,Accessories,East,2,4489.91,402.81
2026-07-09,Monitor,Electronics,North,7,3494.63,384.95
2026-06-15,Keyboard,Accessories,North,10,374.17,26.5
2026-07-11,Speaker,Accessories,East,5,4549.51,637.66
2026-06-28,Tablet,Electronics,North,3,1628.35,312.75
2026-06-21,Mouse,Accessories,North,10,4776.24,541.8
2026-07-12,Tablet,Electronics,East,7,2664.71,430.29
2026-07-02,Headphones,Accessories,North,9,1497.89,308.44
2026-07-11,Speaker,Accessories,East,7,3795.72,997.6
2026-07-01,Camera,Electronics,East,3,1206.19,178.05
2026-06-24,Speaker,Accessories,West,3,325.17,31.99
2026-06-30,Printer,Office,North,3,3133.34,826.45
2026-07-07,Tablet,Electronics,South,8,2296.82,145.72
2026-06-28,Headphones,Accessories,East,6,3696.38,824.08
2026-07-03,Monitor,Electronics,South,9,4848.87,300.55
2026-06-26,Printer,Office,West,8,1944.07,380.75
2026-07-11,Camera,Electronics,North,1,4438.18,1066.62
2026-06-27,Headphones,Accessories,South,7,1701.62,279.72
2026-07-01,Speaker,Accessories,South,9,326.02,61.8
2026-07-01,Camera,Electronics,West,4,1329.52,105.59
2026-07-02,Mouse,Accessories,South,2,2950.87,771.74
2026-07-10,Laptop,Electronics,East,8,2027.96,123.32
2026-06-27,Mobile,Electronics,West,8,3908.58,520.9
2026-06-19,Mobile,Electronics,South,9,2909.89,765.5
2026-07-11,Keyboard,Accessories,West,2,2511.96,322.77
2026-06-28,Headphones,Accessories,East,1,2210.49,439.91
2026-06-25,Tablet,Electronics,North,2,2190.65,545.22
2026-06-29,Laptop,Electronics,South,10,4606.93,667.91
2026-06-18,Laptop,Electronics,North,1,3354.86,201.88
2026-07-09,Printer,Office,North,5,1777.19,120.15
2026-07-03,Tablet,Electronics,North,5,2091.52,365.01
2026-07-02,Tablet,Electronics,East,3,4937.41,1401.07
2026-06-22,Headphones,Accessories,North,5,4475.0,943.84
2026-07-11,Keyboard,Accessories,East,2,168.1,37.81
2026-07-12,Mobile,Electronics,West,4,1181.83,269.81
2026-06-15,Mouse,Accessories,North,8,3542.85,651.94
2026-07-09,Laptop,Electronics,North,10,1474.66,364.49
2026-06-27,Speaker,Accessories,South,3,2854.7,467.01
2026-06-26,Laptop,Electronics,South,3,2676.04,345.88
2026-07-09,Printer,Office,South,2,4199.25,1058.96
2026-06-24,Laptop,Electronics,North,2,2586.81,446.52
2026-06-24,Laptop,Electronics,West,9,961.86,60.17
2026-07-11,Monitor,Electronics,East,10,1076.92,77.83
2026-06-25,Mouse,Accessories,North,8,1125.32,295.33
2026-06-12,Printer,Office,West,8,4120.46,468.57
2026-06-25,Keyboard,Accessories,South,2,2933.15,557.7
2026-07-07,Speaker,Accessories,North,5,3702.64,767.17
2026-07-07,Laptop,Electronics,West,6,4749.54,892.81
2026-07-02,Headphones,Accessories,North,3,733.38,65.57
2026-06-26,Tablet,Electronics,South,9,3965.94,581.71
2026-07-12,Keyboard,Accessories,West,10,1196.88,158.02
2026-07-05,Headphones,Accessories,East,4,330.4,58.69
2026-06-27,Headphones,Accessories,West,9,709.41,207.57
2026-06-17,Laptop,Electronics,South,1,1565.57,183.05
2026-06-17,Printer,Office,North,7,520.73,117.09
2026-07-06,Printer,Office,West,1,3363.97,828.39
2026-07-02,Keyboard,Accessories,East,2,1661.1,160.57
2026-07-10,Keyboard,Accessories,North,2,2477.16,351.38
2026-06-23,Keyboard,Accessories,South,8,1027.86,296.96
2026-06-29,Monitor,Electronics,West,2,799.58,201.97
2026-06-16,Speaker,Accessories,North,7,3337.92,442.87
2026-06-27,Mobile,Electronics,North,5,4523.56,736.7
2026-06-15,Keyboard,Accessories,West,1,1841.57,167.36
2026-06-16,Keyboard,Accessories,South,7,4489.23,660.25
2026-06-19,Monitor,Electronics,North,7,3279.83,462.57
2026-06-13,Mobile,Electronics,East,5,4341.2,1120.52
2026-06-24,Printer,Office,South,9,4873.36,825.89
2026-07-03,Mouse,Accessories,North,10,3091.98,812.33
2026-07-05,Headphones,Accessories,North,6,210.7,27.16
2026-06-21,Printer,Office,West,9,1960.25,143.95
2026-06-28,Speaker,Accessories,North,8,1174.62,327.56
2026-07-02,Headphones,Accessories,West,9,3578.9,344.54
2026-07-01,Mouse,Accessories,North,1,2235.15,381.88
2026-06-16,Speaker,Accessories,North,1,2454.86,298.7
2026-06-17,Monitor,Electronics,West,5,4612.66,373.3
2026-07-03,Mobile,Electronics,East,3,1142.16,182.61
2026-06-28,Mobile,Electronics,South,5,3041.47,718.23
2026-07-11,Mouse,Accessories,West,4,2549.45,466.79
2026-07-06,Mouse,Accessories,North,2,4568.63,346.47
2026-06-18,Speaker,Accessories,North,5,1130.81,171.22
2026-07-03,Headphones,Accessories,East,2,4195.23,1233.46
2026-06-29,Mobile,Electronics,North,6,811.34,63.02
2026-07-03,Printer,Office,South,6,4498.47,431.29
2026-07-10,Mouse,Accessories,East,1,3241.04,811.61
2026-06-13,Mouse,Accessories,West,5,3620.35,540.38
2026-06-18,Mouse,Accessories,East,8,2637.97,731.19
2026-07-09,Monitor,Electronics,North,5,2396.8,343.99
2026-06-12,Printer,Office,West,8,775.76,69.22
2026-07-09,Laptop,Electronics,East,6,4004.65,734.22
2026-07-07,Speaker,Accessories,West,2,793.45,206.62
2026-06-13,Mobile,Electronics,West,4,4351.48,465.05
2026-07-05,Keyboard,Accessories,North,6,4625.26,344.11
2026-06-14,Monitor,Electronics,East,5,192.86,30.02
2026-06-23,Headphones,Accessories,East,5,2805.22,695.14
2026-06-30,Mouse,Accessories,West,5,2972.93,280.59
2026-07-02,Mobile,Electronics,North,7,3839.43,719.37
2026-07-05,Tablet,Electronics,South,3,1567.11,316.37
2026-06-17,Keyboard,Accessories,West,2,769.32,82.88
2026-06-14,Monitor,Electronics,West,4,2499.51,365.46
2026-06-30,Speaker,Accessories,East,3,772.86,77.6
2026-06-27,Headphones,Accessories,East,2,4472.72,1340.58
2026-06-20,Laptop,Electronics,South,9,1266.36,374.39
2026-07-02,Speaker,Accessories,South,5,3346.11,227.67
2026-06-28,Headphones,Accessories,South,8,2325.04,506.52
2026-06-25,Mobile,Electronics,North,5,4776.05,696.48
2026-07-03,Speaker,Accessories,North,2,3919.44,953.16
2026-06-21,Headphones,Accessories,North,1,1291.56,258.3
2026-07-04,Camera,Electronics,East,6,1273.97,131.06
2026-06-23,Tablet,Electronics,East,8,2665.07,573.88
2026-06-29,Mouse,Accessories,North,4,1355.37,103.82
2026-06-22,Mouse,Accessories,North,4,4910.46,841.27
2026-07-12,Camera,Electronics,East,1,4461.23,1219.73
2026-07-09,Tablet,Electronics,North,10,4989.49,657.01
2026-06-17,Mobile,Electronics,South,6,1468.99,235.08
2026-06-15,Keyboard,Accessories,South,7,4896.73,380.53
2026-06-27,Camera,Electronics,North,9,4372.84,367.93
2026-06-15,Printer,Office,South,10,826.03,90.85
2026-07-12,Laptop,Electronics,East,6,230.27,18.8
2026-07-04,Tablet,Electronics,South,5,419.67,108.86
2026-06-16,Keyboard,Accessories,East,7,2908.65,643.76
2026-06-30,Laptop,Electronics,South,4,2465.25,405.49
2026-07-07,Monitor,Electronics,North,9,882.14,228.71
2026-07-08,Headphones,Accessories,North,6,3061.06,682.57
2026-06-22,Tablet,Electronics,North,3,3043.34,907.86
2026-06-19,Mobile,Electronics,West,2,3529.71,770.21
2026-06-24,Mobile,Electronics,North,6,4638.48,890.48
2026-06-17,Monitor,Electronics,North,2,2931.07,743.62
2026-06-29,Mobile,Electronics,South,3,985.27,133.38
2026-06-18,Printer,Office,South,9,2942.71,534.48
2026-07-11,Headphones,Accessories,North,4,3182.77,908.32
2026-06-18,Laptop,Electronics,West,4,1774.68,498.23
2026-07-05,Camera,Electronics,South,4,127.53,16.72
2026-07-07,Camera,Electronics,West,7,4487.03,1015.59
2026-06-23,Monitor,Electronics,East,8,1031.87,263.07
2026-06-18,Headphones,Accessories,East,3,1874.32,212.28
2026-06-25,Mobile,Electronics,West,5,3920.14,689.81
2026-06-22,Headphones,Accessories,North,4,4612.22,1079.27
2026-06-16,Printer,Office,North,8,4774.67,445.01
2026-06-27,Headphones,Accessories,South,2,3286.21,467.58
2026-07-08,Keyboard,Accessories,South,5,1010.84,301.18
2026-06-19,Speaker,Accessories,East,8,4852.52,1387.81
2026-06-29,Camera,Electronics,North,5,4305.17,1192.48
2026-06-23,Laptop,Electronics,East,3,3478.86,748.31
2026-07-07,Keyboard,Accessories,South,1,1184.47,346.74
2026-07-08,Headphones,Accessories,East,6,3306.5,608.28
2026-07-07,Camera,Electronics,North,6,1967.41,355.9
2026-07-02,Headphones,Accessories,East,10,3447.18,669.94
2026-06-26,Mouse,Accessories,West,7,865.31,94.21
2026-06-30,Speaker,Accessories,West,10,3934.06,990.32
2026-06-25,Laptop,Electronics,North,5,4449.68,1157.09
2026-07-03,Printer,Office,West,5,4884.94,1268.92
2026-06-12,Tablet,Electronics,East,6,3559.25,590.86
2026-07-01,Headphones,Accessories,West,7,838.5,229.16
2026-06-12,Mouse,Accessories,South,3,1567.65,412.54
2026-06-17,Keyboard,Accessories,East,8,4777.19,1070.19
2026-07-08,Camera,Electronics,East,10,3877.94,1127.81
2026-06-27,Camera,Electronics,East,3,1601.59,287.54
2026-07-11,Keyboard,Accessories,East,6,3037.71,568.75
2026-06-27,Monitor,Electronics,West,5,1050.64,120.7
2026-07-03,Printer,Office,West,2,4217.79,1042.15
2026-07-06,Mobile,Electronics,South,9,1944.37,119.29
2026-06-26,Monitor,Electronics,East,1,3893.15,283.16
2026-06-16,Mobile,Electronics,East,4,2251.29,191.66
2026-06-16,Camera,Electronics,West,10,1409.94,202.6
2026-07-10,Laptop,Electronics,South,2,3179.71,858.02
2026-06-30,Keyboard,Accessories,West,8,4724.78,719.13
2026-06-27,Mobile,Electronics,South,8,2598.15,504.9
2026-06-28,Monitor,Electronics,West,7,3292.86,740.1
2026-07-05,Keyboard,Accessories,West,1,3643.79,921.41
2026-06-27,Printer,Office,South,9,1413.61,316.78
2026-07-02,Camera,Electronics,South,2,970.18,154.36
2026-06-12,Tablet,Electronics,North,10,2463.22,677.59
2026-07-08,Headphones,Accessories,North,5,1771.21,324.07
2026-06-20,Camera,Electronics,South,4,1620.97,187.29
2026-07-07,Camera,Electronics,East,2,1262.62,309.71
2026-06-16,Tablet,Electronics,North,7,4092.73,250.3
2026-06-14,Printer,Office,West,4,4487.0,1107.78
2026-07-06,Camera,Electronics,East,3,2435.07,498.1
2026-07-10,Keyboard,Accessories,East,7,4442.38,1093.67
2026-06-16,Camera,Electronics,South,5,4483.14,1317.74
2026-06-12,Tablet,Electronics,East,2,674.78,170.55
2026-06-12,Laptop,Electronics,West,1,3767.42,789.61
2026-06-26,Speaker,Accessories,North,7,3248.99,466.27
2026-06-21,Mouse,Accessories,West,9,4242.93,779.2
2026-07-08,Tablet,Electronics,East,5,3970.81,807.0
2026-06-16,Camera,Electronics,West,6,2337.1,145.86
2026-06-13,Tablet,Electronics,North,2,702.92,165.18
2026-06-25,Laptop,Electronics,West,1,1891.88,382.62
2026-07-01,Monitor,Electronics,South,7,287.48,76.22
2026-06-28,Speaker,Accessories,East,5,4586.7,466.06
2026-07-02,Printer,Office,South,6,4742.69,699.32
2026-07-04,Printer,Office,South,5,4544.79,513.27
2026-07-05,Camera,Electronics,South,6,620.11,58.66
2026-06-26,Printer,Office,South,10,2961.25,593.44
2026-06-28,Keyboard,Accessories,West,1,199.33,32.16
2026-07-06,Tablet,Electronics,North,10,709.34,63.78
2026-07-10,Monitor,Electronics,South,2,3707.16,461.01
2026-07-01,Laptop,Electronics,West,3,325.73,23.47
2026-06-25,Monitor,Electronics,North,2,3424.12,340.2
2026-06-18,Mobile,Electronics,South,8,2534.49,536.67
2026-07-12,Printer,Office,North,5,2110.29,409.47
2026-06-12,Mobile,Electronics,North,10,4465.09,1207.15
2026-06-19,Camera,Electronics,South,3,2903.42,488.46
2026-07-07,Printer,Office,East,10,3516.11,628.11
2026-07-10,Speaker,Accessories,West,5,2079.52,566.76
2026-07-10,Monitor,Electronics,East,10,4941.1,1273.58
2026-07-08,Mobile,Electronics,North,5,3921.83,972.44
2026-06-23,Monitor,Electronics,South,7,571.47,142.18
2026-06-12,Laptop,Electronics,North,9,637.59,179.69
2026-07-06,Mouse,Accessories,South,10,2195.12,539.69
2026-06-20,Mobile,Electronics,North,2,4963.82,372.41
2026-06-25,Printer,Office,North,9,1001.91,107.64
2026-07-09,Mouse,Accessories,East,3,1484.64,290.44
2026-07-11,Keyboard,Accessories,North,9,1262.62,127.14
2026-06-30,Tablet,Electronics,West,8,2539.28,344.07
2026-07-12,Headphones,Accessories,West,6,2886.95,777.7
2026-06-23,Keyboard,Accessories,West,5,4061.65,629.8
2026-06-17,Mobile,Electronics,South,9,2303.99,450.35
2026-06-12,Printer,Office,West,7,3032.93,204.61
2026-07-03,Monitor,Electronics,South,10,3419.11,970.71
2026-07-05,Keyboard,Accessories,East,8,3191.77,258.57
2026-07-03,Mobile,Electronics,West,7,2653.39,270.9
2026-06-17,Camera,Electronics,South,8,2741.87,565.66
2026-06-24,Headphones,Accessories,South,4,1046.54,226.73
2026-07-09,Keyboard,Accessories,North,6,671.62,74.39
2026-07-06,Mobile,Electronics,North,1,902.74,46.54
2026-06-24,Monitor,Electronics,North,3,3808.98,1002.37
2026-06-14,Keyboard,Accessories,South,5,3371.69,750.2
2026-07-01,Printer,Office,North,3,1690.25,287.1
2026-06-17,Printer,Office,East,10,816.82,236.18
2026-07-07,Keyboard,Accessories,West,1,524.78,82.24
2026-06-17,Monitor,Electronics,West,5,3317.45,910.14
2026-06-13,Printer,Office,West,2,4034.81,936.04
2026-06-18,Camera,Electronics,East,7,1595.11,94.07
2026-06-19,Printer,Office,West,4,2785.57,690.03
2026-06-21,Keyboard,Accessories,North,2,3661.0,1038.04
2026-06-22,Mobile,Electronics,North,6,916.6,143.71
2026-07-06,Speaker,Accessories,South,1,3134.97,612.7
2026-06-15,Printer,Office,West,2,2867.79,165.88
2026-07-06,Speaker,Accessories,South,6,1107.26,330.56
2026-06-15,Camera,Electronics,East,1,267.26,13.64
2026-06-16,Mobile,Electronics,East,6,4420.64,318.64
2026-06-18,Printer,Office,South,6,2251.32,617.48
2026-07-02,Laptop,Electronics,West,1,2772.19,619.18
2026-06-29,Printer,Office,South,8,4618.96,807.82
2026-06-22,Keyboard,Accessories,West,9,2633.63,351.76
2026-06-24,Speaker,Accessories,North,9,4591.09,736.76
2026-07-09,Keyboard,Accessories,East,1,2153.79,403.65
2026-07-06,Monitor,Electronics,East,10,1929.76,565.01
2026-06-15,Laptop,Electronics,West,8,3242.93,490.22
2026-06-25,Monitor,Electronics,North,9,4835.4,458.45
2026-06-24,Printer,Office,West,10,4932.38,589.06
2026-06-28,Monitor,Electronics,South,6,2484.16,695.15
2026-06-16,Headphones,Accessories,South,7,3536.02,456.21
2026-06-26,Mouse,Accessories,North,7,152.28,14.97
2026-06-18,Monitor,Electronics,East,9,4946.49,461.39
2026-07-10,Tablet,Electronics,South,4,230.66,19.53
2026-07-07,Laptop,Electronics,East,7,4966.4,1033.36
2026-06-19,Mouse,Accessories,South,4,3899.55,493.57
2026-06-27,Tablet,Electronics,East,5,2189.73,626.3
2026-06-15,Mobile,Electronics,East,5,757.14,70.89
2026-06-26,Mobile,Electronics,West,7,1818.75,322.16
2026-07-12,Monitor,Electronics,North,2,337.9,83.83
2026-07-02,Printer,Office,East,5,676.92,125.71
2026-07-10,Keyboard,Accessories,South,9,3379.41,427.37
2026-06-22,Mouse,Accessories,East,4,341.03,89.23
2026-07-12,Mobile,Electronics,South,8,3658.2,430.54
2026-06-25,Laptop,Electronics,East,2,674.78,144.56
2026-07-09,Printer,Office,East,1,3687.29,1001.88
2026-06-20,Tablet,Electronics,East,3,4129.95,1000.45
2026-07-12,Speaker,Accessories,North,4,3510.84,822.09
2026-06-25,Mouse,Accessories,East,7,4125.44,442.85
2026-06-27,Monitor,Electronics,North,1,2261.88,468.66
2026-07-11,Monitor,Electronics,North,6,3928.16,892.51
2026-07-01,Mouse,Accessories,East,1,3934.45,365.05
2026-07-02,Laptop,Electronics,South,8,3817.26,1129.45
2026-06-20,Mobile,Electronics,East,9,2810.74,557.53
2026-06-28,Headphones,Accessories,North,10,610.76,105.75
2026-06-12,Keyboard,Accessories,West,3,4909.29,453.61
2026-06-16,Keyboard,Accessories,North,9,3126.97,387.23
2026-06-23,Monitor,Electronics,East,2,904.75,254.76
2026-06-19,Headphones,Accessories,West,2,3597.89,624.67
2026-06-25,Monitor,Electronics,North,8,3316.27,578.16
2026-06-16,Mobile,Electronics,South,3,3653.46,241.35
2026-07-12,Headphones,Accessories,South,2,2110.01,565.66
2026-07-01,Tablet,Electronics,South,9,2089.02,349.43
2026-06-24,Keyboard,Accessories,East,7,1844.41,455.4
2026-07-03,Mouse,Accessories,East,8,1284.26,382.71
2026-07-09,Mobile,Electronics,West,1,2164.15,277.12
2026-07-09,Speaker,Accessories,South,5,210.16,57.07
2026-06-28,Laptop,Electronics,West,3,2457.25,614.71
2026-07-10,Mobile,Electronics,North,4,901.57,163.62
2026-06-23,Keyboard,Accessories,North,2,4664.3,1120.68
2026-07-09,Monitor,Electronics,North,7,3458.16,484.13
2026-07-08,Headphones,Accessories,East,6,1046.9,278.21
2026-07-01,Mobile,Electronics,West,6,2955.05,317.36
2026-06-18,Monitor,Electronics,West,4,1962.7,327.59
2026-06-30,Speaker,Accessories,South,3,1447.4,308.93
2026-06-23,Camera,Electronics,North,9,1171.39,143.51
2026-07-11,Mobile,Electronics,East,7,2492.89,423.95
2026-07-09,Laptop,Electronics,South,5,4792.21,663.58
2026-07-07,Printer,Office,East,9,2670.25,660.98
2026-06-16,Monitor,Electronics,North,2,4805.24,826.49
2026-07-10,Tablet,Electronics,East,10,480.72,135.39
2026-06-21,Mobile,Electronics,West,5,3835.89,465.08
2026-07-02,Mobile,Electronics,North,2,2702.2,466.34
2026-06-16,Mouse,Accessories,North,8,1364.35,179.56
2026-06-21,Printer,Office,South,2,2491.94,377.49
2026-07-04,Printer,Office,East,1,3101.69,398.58
2026-06-28,Keyboard,Accessories,East,1,1511.93,373.17
2026-07-10,Mouse,Accessories,South,1,2565.74,711.88
2026-06-22,Speaker,Accessories,South,7,378.22,46.21
2026-06-26,Mouse,Accessories,North,10,2763.28,798.23
2026-06-17,Monitor,Electronics,West,10,2966.46,827.17
2026-06-14,Mouse,Accessories,North,5,4350.79,293.7
2026-06-28,Keyboard,Accessories,South,1,3720.28,1037.99
2026-06-17,Headphones,Accessories,South,3,1763.54,399.26
2026-06-28,Tablet,Electronics,North,10,707.09,124.44
2026-07-08,Tablet,Electronics,West,6,4655.93,979.81
2026-06-24,Keyboard,Accessories,South,9,1900.86,232.2
2026-06-28,Speaker,Accessories,North,4,4673.12,257.49
2026-06-19,Camera,Electronics,West,1,1712.72,450.75
2026-07-01,Mobile,Electronics,East,8,4319.08,1008.44
2026-06-29,Monitor,Electronics,West,5,3856.54,654.25
2026-07-05,Printer,Office,East,5,3965.82,519.57
2026-07-01,Keyboard,Accessories,South,9,2371.1,473.57
2026-06-24,Mobile,Electronics,West,3,2490.14,219.49
2026-06-13,Printer,Office,South,6,4353.21,1232.61
2026-07-08,Mouse,Accessories,East,3,3269.56,470.76
2026-07-01,Printer,Office,South,1,3193.3,894.74
2026-07-01,Speaker,Accessories,South,3,1185.29,109.46
2026-07-11,Speaker,Accessories,West,6,616.25,46.57
2026-06-29,Tablet,Electronics,South,6,4857.63,964.39
2026-07-03,Speaker,Accessories,South,9,2779.53,425.8
2026-06-21,Keyboard,Accessories,East,9,2271.93,543.38
2026-06-20,Camera,Electronics,North,1,2327.21,450.29
2026-07-09,Monitor,Electronics,North,2,2469.33,732.09
2026-06-15,Keyboard,Accessories,South,5,2534.49,275.04
2026-06-18,Mouse,Accessories,North,8,2227.21,642.23
2026-07-11,Mouse,Accessories,North,9,2292.3,224.92
2026-07-05,Keyboard,Accessories,East,9,1004.01,53.99
2026-07-10,Speaker,Accessories,East,10,4053.92,1199.91
2026-06-24,Monitor,Electronics,South,2,1786.6,504.43
2026-06-29,Keyboard,Accessories,South,8,4949.18,990.35
2026-06-30,Speaker,Accessories,South,2,2533.98,513.33
2026-07-08,Keyboard,Accessories,West,3,4534.9,402.34
2026-06-19,Tablet,Electronics,South,8,1074.89,204.19
2026-06-17,Speaker,Accessories,South,9,1897.12,433.8
2026-06-26,Keyboard,Accessories,West,7,2799.47,325.65
2026-07-11,Headphones,Accessories,West,6,2535.63,405.86
2026-06-28,Laptop,Electronics,South,9,2589.67,502.11
2026-06-14,Mobile,Electronics,East,10,1120.47,310.59
2026-06-16,Speaker,Accessories,West,5,555.57,98.48
2026-07-04,Camera,Electronics,South,1,2029.39,577.91
2026-07-11,Camera,Electronics,North,10,803.87,101.19
2026-06-20,Monitor,Electronics,West,9,3752.23,993.31
2026-06-24,Headphones,Accessories,South,7,1978.55,376.85
2026-06-29,Keyboard,Accessories,North,9,4113.71,299.6
2026-07-08,Tablet,Electronics,East,6,484.42,106.28
2026-06-25,Mouse,Accessories,West,8,2828.17,506.81
2026-06-13,Keyboard,Accessories,East,10,4704.87,420.72
2026-06-12,Headphones,Accessories,East,9,1179.83,194.7
2026-07-03,Tablet,Electronics,West,10,101.28,26.15
2026-07-03,Printer,Office,North,10,1812.96,497.17
2026-06-19,Tablet,Electronics,East,6,1006.53,262.54
2026-06-24,Keyboard,Accessories,West,2,2437.86,304.82
2026-07-10,Keyboard,Accessories,West,7,4640.5,675.46
2026-07-09,Camera,Electronics,North,3,2181.61,353.32
2026-06-26,Mobile,Electronics,North,3,2266.11,477.3
2026-06-15,Keyboard,Accessories,East,7,677.19,156.49
2026-07-05,Mouse,Accessories,North,6,1331.91,188.47
2026-07-05,Monitor,Electronics,North,9,201.86,11.73
2026-07-01,Monitor,Electronics,North,5,4332.38,675.74
2026-07-08,Mouse,Accessories,East,10,2592.31,146.46
2026-07-12,Mobile,Electronics,East,2,860.87,247.65
2026-06-13,Laptop,Electronics,South,3,2831.52,588.4
2026-06-13,Monitor,Electronics,North,7,871.92,101.79
2026-06-16,Mobile,Electronics,South,5,2135.72,502.12
2026-06-14,Keyboard,Accessories,West,2,1157.82,147.8
2026-07-04,Keyboard,Accessories,East,7,1992.56,363.21
2026-07-06,Laptop,Electronics,North,2,3505.5,907.53
2026-07-06,Monitor,Electronics,South,8,520.87,91.63
2026-06-16,Mobile,Electronics,West,2,3343.51,199.45
2026-06-30,Headphones,Accessories,South,7,2323.22,495.15
2026-07-04,Camera,Electronics,North,9,3256.61,976.21
2026-06-14,Headphones,Accessories,West,1,1673.58,259.67
2026-07-02,Laptop,Electronics,South,4,1874.35,422.16
2026-07-04,Printer,Office,North,2,3018.31,465.05
2026-06-21,Mouse,Accessories,East,7,3034.97,620.93
2026-07-06,Monitor,Electronics,North,10,426.07,125.79
2026-06-19,Speaker,Accessories,East,8,418.89,84.25
2026-06-26,Tablet,Electronics,South,5,3167.96,936.87
2026-07-01,Headphones,Accessories,North,1,1673.01,106.36
2026-07-10,Keyboard,Accessories,North,9,3805.31,634.65
2026-06-13,Speaker,Accessories,North,7,4785.57,540.17
2026-06-21,Headphones,Accessories,North,9,3205.53,716.01
2026-07-11,Camera,Electronics,North,1,3235.21,704.06
2026-06-25,Speaker,Accessories,North,6,4137.21,842.21
2026-07-05,Mobile,Electronics,South,5,2919.88,764.01
2026-07-01,Mobile,Electronics,South,6,4084.39,1022.93
2026-07-06,Keyboard,Accessories,South,3,941.89,243.33
2026-06-26,Speaker,Accessories,South,5,4895.45,482.44
2026-06-18,Camera,Electronics,East,10,4698.76,853.82
2026-06-28,Mouse,Accessories,North,6,1719.41,300.28
2026-07-01,Printer,Office,North,5,198.95,47.94
2026-06-19,Mouse,Accessories,North,1,744.32,37.33
2026-06-24,Printer,Office,North,6,1910.14,194.68
2026-07-03,Monitor,Electronics,East,5,116.41,28.59
2026-06-19,Speaker,Accessories,South,7,4640.37,282.59
2026-06-29,Monitor,Electronics,South,6,3603.8,272.36
2026-06-22,Printer,Office,North,8,728.74,162.49
2026-06-26,Mouse,Accessories,East,10,1028.3,189.41
2026-06-13,Speaker,Accessories,East,6,1158.76,248.93
2026-06-12,Mouse,Accessories,South,10,1311.05,182.95
2026-06-13,Mouse,Accessories,East,10,2116.59,392.66
2026-07-09,Keyboard,Accessories,South,8,1526.13,227.86
2026-06-13,Speaker,Accessories,South,1,771.72,92.59
2026-07-08,Tablet,Electronics,West,9,1528.25,96.24
2026-07-04,Mouse,Accessories,South,7,3208.34,719.63
2026-07-07,Monitor,Electronics,West,10,1322.69,140.5
2026-06-17,Tablet,Electronics,East,10,3016.26,750.82
2026-06-22,Speaker,Accessories,South,2,1301.27,232.82
2026-07-11,Mobile,Electronics,West,1,672.57,106.21
2026-07-06,Printer,Office,West,1,4997.86,815.24
2026-06-14,Camera,Electronics,West,4,3134.86,496.66
2026-07-06,Mobile,Electronics,East,3,3832.04,464.66
2026-06-28,Keyboard,Accessories,South,7,4470.93,402.32
2026-06-23,Tablet,Electronics,North,3,4152.62,705.39
2026-06-24,Camera,Electronics,North,4,640.8,60.5
2026-06-30,Mobile,Electronics,West,9,458.0,81.57
2026-06-21,Keyboard,Accessories,West,6,674.27,93.25
2026-07-11,Laptop,Electronics,North,3,3185.49,313.24
2026-06-15,Printer,Office,South,1,2051.78,198.67
2026-06-15,Tablet,Electronics,North,7,710.99,147.6
2026-07-05,Camera,Electronics,East,9,3484.14,202.67
2026-06-13,Monitor,Electronics,South,7,1129.81,298.01
2026-07-05,Laptop,Electronics,North,8,2624.8,647.48
2026-07-07,Keyboard,Accessories,West,3,885.17,160.32
2026-06-29,Tablet,Electronics,East,4,2068.71,613.14
2026-07-02,Printer,Office,East,1,997.86,125.14
2026-06-29,Monitor,Electronics,East,9,2485.07,153.48
2026-06-14,Headphones,Accessories,West,8,1783.64,199.05
2026-06-29,Keyboard,Accessories,South,2,4859.8,1012.69
2026-06-16,Printer,Office,North,9,1006.94,227.57
2026-07-11,Camera,Electronics,North,1,2872.93,265.08
2026-07-12,Camera,Electronics,East,4,2839.98,278.95
2026-06-29,Camera,Electronics,North,5,3605.45,708.03
2026-06-28,Tablet,Electronics,East,1,676.9,195.22
2026-06-15,Headphones,Accessories,West,9,2777.32,226.43
2026-07-12,Keyboard,Accessories,North,1,3600.2,696.92
2026-07-11,Monitor,Electronics,East,3,3885.67,868.88
2026-07-06,Laptop,Electronics,North,4,3975.74,714.57
2026-07-01,Keyboard,Accessories,West,5,2783.9,551.82
2026-06-16,Tablet,Electronics,East,5,3790.45,879.87
2026-06-29,Keyboard,Accessories,West,7,1246.74,209.9
2026-06-26,Speaker,Accessories,West,4,1152.47,151.14
2026-06-23,Monitor,Electronics,North,9,4819.3,832.99
2026-06-15,Mouse,Accessories,West,5,1580.33,405.68
2026-06-29,Printer,Office,East,1,3697.33,891.76
2026-06-22,Printer,Office,West,6,178.11,47.36
2026-07-03,Keyboard,Accessories,North,10,1092.01,145.69
2026-06-19,Monitor,Electronics,North,1,230.2,45.66
2026-07-05,Camera,Electronics,North,10,1487.17,433.56
2026-06-22,Camera,Electronics,West,10,1409.42,403.06
2026-07-05,Mouse,Accessories,North,2,3307.55,804.71
2026-06-13,Mobile,Electronics,North,5,4038.21,990.96
2026-07-10,Speaker,Accessories,West,3,2816.26,786.61
2026-06-19,Tablet,Electronics,North,9,554.03,153.74
2026-06-27,Headphones,Accessories,South,8,2515.29,223.9
2026-06-12,Speaker,Accessories,North,10,2207.48,473.87
2026-06-24,Mouse,Accessories,East,1,4122.88,1233.5
2026-06-23,Tablet,Electronics,North,5,1833.91,108.52
2026-07-05,Mouse,Accessories,East,5,4919.18,830.66
2026-06-30,Mobile,Electronics,East,5,2815.72,484.3
2026-06-12,Printer,Office,North,2,3936.5,1061.88
2026-07-11,Speaker,Accessories,South,10,1426.82,253.42
2026-07-03,Tablet,Electronics,South,7,1181.87,84.55
2026-06-25,Headphones,Accessories,North,9,2179.03,381.02
2026-06-29,Speaker,Accessories,North,1,4477.35,304.99
2026-06-21,Laptop,Electronics,West,6,3496.32,489.6
2026-06-20,Headphones,Accessories,South,5,4866.56,1073.73
2026-07-07,Headphones,Accessories,East,2,3966.8,917.09
2026-06-24,Speaker,Accessories,North,10,4434.06,455.56
2026-07-12,Camera,Electronics,West,1,4932.45,831.36
2026-06-15,Printer,Office,West,7,4635.42,444.25
2026-06-14,Speaker,Accessories,West,8,3439.22,867.74
2026-07-05,Tablet,Electronics,East,9,2958.27,459.14
2026-06-17,Printer,Office,South,4,663.54,100.36
2026-07-09,Printer,Office,North,2,1018.01,249.16
2026-07-09,Mouse,Accessories,North,9,4648.88,860.57
2026-06-14,Headphones,Accessories,South,5,1158.33,291.51
2026-06-26,Camera,Electronics,North,2,3083.13,364.7
2026-07-04,Mouse,Accessories,West,10,4197.33,497.42
2026-06-24,Mouse,Accessories,East,7,1190.12,133.62
2026-06-14,Tablet,Electronics,South,2,1406.89,321.74
2026-06-21,Keyboard,Accessories,West,9,1837.7,194.14
2026-07-05,Mobile,Electronics,North,7,4990.67,511.85
2026-07-08,Mobile,Electronics,East,3,3077.47,184.59
2026-06-14,Keyboard,Accessories,North,7,1926.9,228.67
2026-07-12,Speaker,Accessories,North,2,2604.45,595.84
2026-07-11,Laptop,Electronics,West,8,1740.83,383.74
2026-06-30,Keyboard,Accessories,South,7,1871.03,387.13
2026-06-23,Speaker,Accessories,South,7,3789.27,1082.25
2026-06-25,Camera,Electronics,South,6,4668.76,1274.51
2026-06-25,Keyboard,Accessories,South,9,1719.36,373.22
2026-06-20,Monitor,Electronics,North,3,609.34,116.15
2026-06-13,Speaker,Accessories,North,3,4710.13,740.13
2026-06-22,Mouse,Accessories,North,5,3068.14,459.99
2026-06-20,Printer,Office,East,9,990.32,94.39
2026-06-27,Speaker,Accessories,East,4,1666.07,234.22
2026-07-12,Printer,Office,West,3,185.31,18.67
2026-07-09,Laptop,Electronics,South,8,3874.43,1000.23
2026-06-30,Camera,Electronics,North,8,1855.99,309.09
2026-07-12,Laptop,Electronics,East,5,1601.13,356.17
2026-06-15,Mobile,Electronics,South,4,1411.93,322.88
2026-06-13,Camera,Electronics,East,2,1388.8,192.12
2026-06-30,Tablet,Electronics,West,6,653.69,141.93
2026-06-30,Printer,Office,East,2,811.52,199.64
2026-07-10,Headphones,Accessories,East,10,2605.93,621.23
2026-07-07,Laptop,Electronics,East,5,493.32,56.64
2026-06-26,Mouse,Accessories,South,7,3688.88,757.88
2026-06-23,Laptop,Electronics,North,1,3728.1,304.86
2026-07-01,Monitor,Electronics,North,7,1793.31,534.93
2026-06-19,Headphones,Accessories,West,4,2443.5,613.4
2026-07-09,Camera,Electronics,North,3,785.92,56.23
2026-06-30,Headphones,Accessories,West,1,529.02,33.25
2026-06-12,Laptop,Electronics,West,10,2855.79,328.92
2026-07-09,Monitor,Electronics,West,10,4495.69,454.83
2026-07-08,Headphones,Accessories,South,6,933.21,148.1
2026-06-22,Printer,Office,West,9,1574.29,319.72
2026-06-28,Printer,Office,South,8,2781.08,608.0
2026-06-22,Headphones,Accessories,West,8,4796.87,1282.19
2026-06-26,Camera,Electronics,East,7,320.65,87.73
2026-07-03,Laptop,Electronics,East,10,879.65,114.27
2026-06-30,Mobile,Electronics,West,1,221.64,26.17
2026-07-03,Camera,Electronics,South,4,4697.8,780.6
2026-06-29,Keyboard,Accessories,West,7,4702.9,740.53
2026-07-12,Headphones,Accessories,West,9,499.57,91.91
2026-06-16,Keyboard,Accessories,South,7,896.44,208.64
2026-06-12,Tablet,Electronics,West,2,874.41,203.78
2026-06-17,Mobile,Electronics,West,5,3653.54,276.62
2026-06-26,Laptop,Electronics,North,1,1469.24,192.04
2026-07-11,Monitor,Electronics,South,2,500.31,138.23
2026-06-14,Laptop,Electronics,South,5,2316.09,636.69
2026-06-27,Mobile,Electronics,South,5,2734.64,188.06
2026-07-11,Printer,Office,South,5,4001.07,218.5
2026-06-24,Speaker,Accessories,North,9,3471.26,430.8
2026-06-21,Speaker,Accessories,South,4,124.54,36.78
2026-06-14,Speaker,Accessories,East,10,4269.04,872.84
2026-07-05,Monitor,Electronics,West,8,4184.2,1205.91
2026-06-22,Tablet,Electronics,West,3,2497.58,574.99
2026-06-16,Laptop,Electronics,East,4,942.99,133.1
2026-07-09,Mouse,Accessories,South,4,2699.0,787.83
2026-07-01,Printer,Office,South,4,622.92,146.89
2026-06-26,Mouse,Accessories,West,2,607.93,124.55
2026-06-21,Speaker,Accessories,East,6,4840.02,829.2
2026-06-25,Printer,Office,East,7,4651.66,844.34
2026-06-26,Keyboard,Accessories,South,4,2629.79,677.48
2026-06-21,Laptop,Electronics,West,3,736.4,137.09
2026-06-23,Camera,Electronics,West,6,1828.03,246.26
2026-06-17,Printer,Office,North,7,1903.39,368.8
2026-06-14,Printer,Office,East,1,1261.3,278.13
2026-06-27,Tablet,Electronics,West,3,3445.93,784.23
2026-06-15,Mouse,Accessories,West,4,3513.78,756.72
2026-07-07,Printer,Office,East,2,3402.33,873.22
2026-06-19,Tablet,Electronics,East,9,3582.09,186.55
2026-07-01,Camera,Electronics,East,2,3330.72,965.12
2026-07-02,Camera,Electronics,West,9,1980.29,459.3
2026-07-03,Headphones,Accessories,South,10,4194.36,1150.52
2026-07-08,Monitor,Electronics,West,6,1198.18,254.63
2026-06-30,Tablet,Electronics,South,8,1343.85,314.35
2026-06-21,Mobile,Electronics,West,6,2574.94,623.63
2026-07-07,Mobile,Electronics,South,1,4694.84,1231.33
2026-07-11,Monitor,Electronics,South,3,388.69,95.91
2026-06-29,Speaker,Accessories,North,10,1857.07,303.77
2026-07-12,Mouse,Accessories,North,5,3426.59,263.48
2026-07-07,Speaker,Accessories,North,6,2547.93,217.81
2026-07-04,Monitor,Electronics,West,4,4528.84,789.91
2026-07-11,Monitor,Electronics,West,7,3628.25,785.36
2026-06-29,Monitor,Electronics,West,4,2707.52,278.41
2026-07-12,Keyboard,Accessories,North,2,2756.19,696.55
2026-06-18,Mouse,Accessories,South,1,2596.77,241.2
2026-06-25,Keyboard,Accessories,East,4,3245.55,623.51
2026-07-02,Tablet,Electronics,South,3,429.82,44.97
2026-06-23,Speaker,Accessories,East,7,137.56,21.57
2026-06-21,Monitor,Electronics,East,6,989.79,266.29
2026-07-04,Tablet,Electronics,East,8,3404.26,910.13
2026-06-24,Mobile,Electronics,East,4,2799.86,271.98
2026-06-16,Mouse,Accessories,East,4,1831.52,468.43
2026-06-12,Speaker,Accessories,North,7,4769.04,1326.36
2026-06-15,Laptop,Electronics,East,7,1906.52,475.39
2026-07-03,Keyboard,Accessories,West,7,1010.08,75.7
2026-06-14,Keyboard,Accessories,West,1,3780.55,399.58
2026-07-10,Mobile,Electronics,South,7,835.05,234.93
2026-07-11,Speaker,Accessories,South,9,1894.36,414.62
2026-06-14,Laptop,Electronics,South,1,592.56,48.68
2026-06-28,Camera,Electronics,West,10,1613.2,210.89
2026-06-15,Headphones,Accessories,North,4,2339.95,243.29
2026-07-12,Tablet,Electronics,South,10,1550.68,424.76
2026-07-04,Monitor,Electronics,West,6,1064.4,108.25
2026-06-24,Mouse,Accessories,South,8,4564.99,496.42
2026-07-11,Speaker,Accessories,North,6,2513.77,638.59
2026-07-07,Headphones,Accessories,North,8,3358.74,536.7
2026-07-04,Monitor,Electronics,North,7,1810.6,522.08
2026-07-05,Camera,Electronics,East,7,1185.33,271.3
2026-07-09,Mobile,Electronics,West,2,4740.12,418.95
2026-07-08,Keyboard,Accessories,South,9,2478.88,195.91
2026-06-19,Speaker,Accessories,South,3,722.2,116.92
2026-07-10,Speaker,Accessories,West,8,4865.82,1248.96
2026-06-29,Printer,Office,North,10,3048.45,906.4
2026-06-29,Camera,Electronics,West,10,1198.78,323.11
2026-07-03,Mouse,Accessories,South,4,2046.3,259.13
2026-06-14,Headphones,Accessories,South,2,1894.59,504.25
2026-06-30,Tablet,Electronics,South,7,4066.22,581.26
2026-06-18,Mobile,Electronics,North,9,1727.96,200.07
2026-07-12,Printer,Office,West,7,533.24,72.16
2026-07-02,Printer,Office,West,10,4422.44,1165.45
2026-06-29,Keyboard,Accessories,East,4,2525.24,491.42
2026-06-15,Monitor,Electronics,South,9,204.5,15.12
2026-07-07,Headphones,Accessories,North,9,4949.03,447.01
2026-07-07,Headphones,Accessories,South,8,2012.47,371.16
2026-07-12,Speaker,Accessories,East,9,4529.41,1302.98
2026-06-17,Monitor,Electronics,East,6,2183.03,457.86
2026-06-29,Tablet,Electronics,West,9,1460.87,404.7
2026-07-04,Tablet,Electronics,North,2,4497.54,419.28
2026-06-15,Laptop,Electronics,South,4,758.78,194.5
2026-07-03,Camera,Electronics,South,1,2774.51,186.97
2026-07-08,Mouse,Accessories,West,5,3561.68,932.44
2026-07-06,Speaker,Accessories,West,2,1603.4,419.5
2026-06-30,Mouse,Accessories,East,8,4322.33,1194.5
2026-06-29,Mouse,Accessories,North,6,2786.72,269.41
2026-06-25,Laptop,Electronics,East,2,4041.09,427.23
2026-07-07,Laptop,Electronics,North,7,925.72,232.83
2026-06-21,Tablet,Electronics,East,3,939.82,204.57
2026-06-30,Laptop,Electronics,South,1,2326.65,231.23
2026-07-02,Mobile,Electronics,East,9,3960.07,1079.23
2026-07-11,Headphones,Accessories,West,2,2931.23,579.06
2026-07-09,Mobile,Electronics,North,3,491.7,81.3
2026-06-24,Mobile,Electronics,North,1,3590.77,638.95
2026-06-30,Printer,Office,East,7,1699.15,334.94
2026-06-22,Speaker,Accessories,North,1,2155.48,297.6
2026-06-21,Mouse,Accessories,West,4,4009.7,430.92
2026-07-07,Printer,Office,West,3,4025.22,396.58
2026-07-04,Laptop,Electronics,South,9,2680.59,167.8
2026-06-30,Mouse,Accessories,South,3,3901.6,692.2
2026-06-16,Keyboard,Accessories,South,7,622.67,166.82
2026-06-19,Monitor,Electronics,North,10,4728.69,405.84
2026-06-29,Monitor,Electronics,East,6,767.1,46.1
2026-07-03,Printer,Office,West,2,584.08,124.39
2026-06-29,Tablet,Electronics,South,7,2445.85,300.48
2026-07-02,Tablet,Electronics,North,7,297.5,63.73
2026-07-11,Speaker,Accessories,East,1,981.46,266.38
2026-07-11,Tablet,Electronics,West,3,778.42,41.25
2026-07-11,Tablet,Electronics,East,6,564.6,103.54
2026-07-04,Monitor,Electronics,South,2,972.74,277.96
2026-07-01,Camera,Electronics,West,10,1108.21,266.61
2026-06-25,Speaker,Accessories,South,7,374.76,21.22
2026-06-26,Keyboard,Accessories,South,10,2799.19,597.21
2026-07-09,Camera,Electronics,West,7,4549.27,442.87
2026-07-07,Mouse,Accessories,East,4,788.3,184.11
2026-07-11,Headphones,Accessories,South,2,4889.61,1324.35
2026-07-08,Monitor,Electronics,East,4,2661.19,281.65
2026-06-18,Speaker,Accessories,East,1,4913.01,1135.06
2026-06-22,Tablet,Electronics,South,1,3002.66,645.72
2026-06-15,Monitor,Electronics,East,6,4017.11,416.72
2026-06-30,Mouse,Accessories,North,7,3478.37,339.71
2026-06-26,Mouse,Accessories,South,9,2289.12,368.16
2026-06-13,Speaker,Accessories,West,10,3407.54,712.82
2026-06-15,Headphones,Accessories,North,2,437.69,90.82
2026-07-07,Mouse,Accessories,East,10,2529.91,398.09
2026-06-26,Mobile,Electronics,East,7,4647.64,1039.84
2026-07-05,Laptop,Electronics,East,5,2169.6,588.65
2026-07-04,Laptop,Electronics,West,10,662.94,111.97
2026-07-12,Keyboard,Accessories,South,10,291.4,18.66
2026-06-18,Monitor,Electronics,South,9,279.05,40.25
2026-06-26,Mouse,Accessories,North,10,1508.92,237.43
2026-07-09,Laptop,Electronics,West,9,4164.49,747.17
2026-06-18,Camera,Electronics,East,2,2567.2,250.32
2026-07-09,Monitor,Electronics,North,4,1831.52,453.54
2026-07-12,Mouse,Accessories,South,4,3442.82,748.54
2026-06-17,Headphones,Accessories,North,5,446.93,56.81
2026-06-23,Speaker,Accessories,East,3,2520.65,371.89
2026-06-22,Headphones,Accessories,South,9,4303.23,1146.89
2026-07-06,Laptop,Electronics,West,5,4200.46,537.84
2026-07-02,Headphones,Accessories,South,6,2336.94,255.49
2026-07-05,Laptop,Electronics,West,5,3857.19,325.35
2026-07-12,Mouse,Accessories,South,10,1125.29,190.06
2026-07-08,Headphones,Accessories,North,4,4408.44,388.49
2026-07-10,Headphones,Accessories,North,3,1901.55,383.43
2026-06-18,Keyboard,Accessories,East,6,3426.95,723.12
2026-06-29,Monitor,Electronics,South,3,948.04,247.28
2026-06-14,Headphones,Accessories,East,6,3348.63,430.24
2026-07-08,Speaker,Accessories,South,3,4034.14,468.15
2026-06-21,Camera,Electronics,North,8,4191.42,899.02
2026-07-11,Headphones,Accessories,East,5,1414.65,129.04
2026-07-01,Speaker,Accessories,East,8,4623.42,383.26
2026-06-13,Printer,Office,West,4,1870.42,295.21
2026-06-19,Tablet,Electronics,North,4,3793.84,672.45
2026-06-17,Camera,Electronics,East,1,4984.27,309.43
2026-06-28,Camera,Electronics,West,6,572.07,69.65
2026-06-15,Headphones,Accessories,South,4,1613.46,265.61
2026-07-01,Headphones,Accessories,West,2,2639.91,665.23
2026-06-14,Headphones,Accessories,North,8,4959.7,490.77
2026-06-25,Headphones,Accessories,West,8,2279.76,570.95
2026-07-10,Headphones,Accessories,West,9,3886.9,441.07
2026-06-29,Speaker,Accessories,North,6,1397.47,254.45
2026-07-11,Speaker,Accessories,North,4,2948.99,312.71
2026-07-12,Printer,Office,East,1,2998.17,863.96
2026-07-01,Laptop,Electronics,East,6,1613.87,444.13
2026-07-07,Mobile,Electronics,North,4,3592.36,634.54
2026-06-12,Monitor,Electronics,East,3,1778.07,433.23
2026-07-06,Mobile,Electronics,South,5,1296.62,315.43
2026-07-01,Monitor,Electronics,West,2,2365.7,601.16
2026-07-10,Speaker,Accessories,East,2,760.74,161.8
2026-07-02,Monitor,Electronics,West,6,1367.83,191.54
2026-06-29,Monitor,Electronics,West,1,774.85,51.85
2026-07-09,Laptop,Electronics,East,2,3720.74,751.04
2026-07-08,Camera,Electronics,East,8,1776.11,253.75
2026-06-13,Monitor,Electronics,South,8,1768.01,353.41
2026-06-16,Mobile,Electronics,East,5,892.24,223.62
2026-06-14,Monitor,Electronics,West,7,404.07,87.44
2026-07-08,Mouse,Accessories,West,7,3214.35,866.39
2026-06-17,Headphones,Accessories,North,3,3971.9,848.98
2026-06-14,Headphones,Accessories,East,3,1136.35,206.32
2026-06-30,Laptop,Electronics,East,1,1334.54,122.54
2026-07-09,Headphones,Accessories,South,1,4428.48,280.25
2026-07-03,Camera,Electronics,West,8,1011.59,202.34
2026-06-18,Printer,Office,North,4,4762.03,771.9
2026-06-13,Mobile,Electronics,East,3,397.6,84.03
2026-07-04,Speaker,Accessories,North,1,913.27,89.74
2026-06-15,Speaker,Accessories,North,9,1583.74,237.26
2026-06-24,Laptop,Electronics,South,8,1435.87,113.74
2026-07-09,Tablet,Electronics,West,1,701.0,109.15
2026-07-04,Camera,Electronics,West,7,1579.12,127.14
2026-06-19,Mouse,Accessories,North,10,2153.58,409.18
2026-06-25,Monitor,Electronics,South,8,3780.34,924.38
2026-07-07,Laptop,Electronics,South,1,2008.39,163.32
2026-06-20,Printer,Office,South,3,4864.6,324.41
2026-07-08,Printer,Office,West,10,2563.48,475.17
2026-06-27,Printer,Office,South,4,2850.35,277.23
2026-06-17,Speaker,Accessories,North,9,4631.58,846.15
2026-07-02,Monitor,Electronics,West,8,3727.29,1039.5
2026-07-09,Printer,Office,East,5,4185.82,537.31
2026-07-10,Printer,Office,West,8,1630.2,409.46
2026-07-09,Mobile,Electronics,East,5,2047.08,257.71
2026-07-03,Camera,Electronics,West,2,3349.3,313.39
2026-06-29,Keyboard,Accessories,South,9,3915.31,520.19
2026-06-14,Speaker,Accessories,East,6,995.8,253.18
2026-06-22,Mouse,Accessories,North,7,4800.37,1108.85
2026-06-24,Camera,Electronics,West,2,4092.54,498.86
2026-06-16,Camera,Electronics,West,3,197.36,57.43
2026-06-19,Mouse,Accessories,West,5,1943.83,538.41
2026-06-14,Mouse,Accessories,South,2,1491.74,262.02
2026-06-17,Printer,Office,East,4,1687.33,365.0
2026-06-30,Monitor,Electronics,North,1,3512.83,466.96
2026-06-30,Printer,Office,North,10,3969.01,357.31
2026-07-04,Keyboard,Accessories,South,7,461.02,92.55
2026-06-19,Printer,Office,North,2,3840.79,503.62
2026-06-13,Keyboard,Accessories,North,1,3767.36,517.54
2026-07-03,Speaker,Accessories,East,10,1916.66,376.51
2026-07-07,Camera,Electronics,West,3,2772.31,537.75
2026-07-12,Speaker,Accessories,South,7,2318.92,612.16
2026-06-27,Speaker,Accessories,South,1,1603.81,180.38
2026-07-05,Printer,Office,East,8,1365.0,314.93
2026-06-26,Tablet,Electronics,West,9,770.84,115.88
2026-07-10,Camera,Electronics,South,10,3403.98,192.32
2026-07-04,Printer,Office,North,5,316.1,61.28
2026-06-20,Headphones,Accessories,North,2,442.16,118.08
2026-07-09,Camera,Electronics,West,8,4833.2,1189.31
2026-07-09,Printer,Office,South,7,2216.22,563.46
2026-06-19,Mobile,Electronics,East,8,2416.56,318.15
2026-06-20,Tablet,Electronics,South,1,1658.7,363.08
2026-06-24,Monitor,Electronics,South,7,142.21,22.01
2026-06-30,Keyboard,Accessories,South,7,2790.38,419.51
2026-06-30,Mobile,Electronics,East,8,2236.38,291.7
2026-06-19,Laptop,Electronics,East,1,3360.85,465.29
2026-06-16,Speaker,Accessories,West,2,2485.86,504.23
2026-06-12,Headphones,Accessories,North,7,405.04,106.36
2026-07-07,Printer,Office,West,4,1172.57,169.9
2026-06-16,Printer,Office,North,7,199.55,29.05
2026-07-04,Laptop,Electronics,East,8,3619.12,799.76
2026-07-02,Keyboard,Accessories,North,3,798.74,101.11
2026-06-14,Keyboard,Accessories,South,4,1967.18,129.9
2026-07-05,Mouse,Accessories,South,5,4460.12,1006.11
2026-06-13,Mouse,Accessories,West,3,2689.48,799.21
2026-06-26,Mobile,Electronics,East,2,3395.36,468.88
2026-06-26,Mobile,Electronics,East,2,1130.78,136.11
2026-06-22,Mobile,Electronics,East,9,2599.82,453.62
2026-06-22,Keyboard,Accessories,North,9,3326.35,680.4
2026-07-08,Headphones,Accessories,North,4,1271.85,283.87
2026-06-16,Mobile,Electronics,North,7,2038.79,343.67
2026-06-12,Laptop,Electronics,West,6,526.74,124.64
2026-06-13,Printer,Office,West,3,2281.72,167.82
2026-07-12,Keyboard,Accessories,West,10,3113.76,498.49
2026-06-24,Headphones,Accessories,East,8,104.42,18.67
2026-06-15,Speaker,Accessories,West,7,4485.82,1149.24
2026-06-18,Laptop,Electronics,West,1,789.08,61.67
2026-06-18,Mouse,Accessories,South,9,133.24,30.62
2026-06-30,Printer,Office,North,3,3243.76,679.54
2026-06-20,Keyboard,Accessories,South,5,3045.85,682.67
2026-06-13,Laptop,Electronics,East,5,3915.97,1006.82
2026-06-17,Printer,Office,North,9,2106.38,272.08
2026-07-03,Speaker,Accessories,South,3,2106.88,373.4
2026-07-09,Printer,Office,West,2,2031.05,198.2
2026-06-19,Mouse,Accessories,South,4,2702.06,664.1
2026-07-01,Keyboard,Accessories,East,5,4654.44,553.48
2026-06-21,Keyboard,Accessories,East,1,1571.9,130.65
2026-06-14,Monitor,Electronics,South,7,1975.43,321.26
2026-06-26,Laptop,Electronics,North,1,2111.05,494.67
2026-06-23,Laptop,Electronics,East,7,4545.95,898.85
2026-07-11,Camera,Electronics,South,2,2933.27,585.28
2026-06-12,Laptop,Electronics,South,8,3589.96,802.37
2026-07-04,Speaker,Accessories,North,5,1215.1,237.23
2026-06-29,Laptop,Electronics,North,1,4151.13,227.36
2026-06-15,Mouse,Accessories,West,8,2420.25,390.4
2026-06-18,Headphones,Accessories,South,2,1816.59,176.06
2026-06-15,Camera,Electronics,South,6,855.16,158.11
2026-07-04,Mouse,Accessories,North,8,2468.82,500.28
2026-07-11,Monitor,Electronics,West,9,4336.83,957.19
2026-07-03,Keyboard,Accessories,West,4,1806.51,255.14
2026-07-02,Headphones,Accessories,South,6,3618.09,691.37
2026-06-18,Monitor,Electronics,South,6,4583.38,683.66
2026-07-05,Tablet,Electronics,North,1,880.25,195.34
2026-06-17,Camera,Electronics,North,9,3490.12,529.33
2026-06-29,Camera,Electronics,North,6,148.99,40.49
2026-06-19,Monitor,Electronics,West,3,1014.13,299.97
2026-07-03,Speaker,Accessories,North,1,1391.14,233.88
2026-06-15,Tablet,Electronics,North,2,473.31,102.91
2026-06-21,Laptop,Electronics,East,7,3777.12,776.6
2026-07-12,Tablet,Electronics,East,8,4857.84,260.42
2026-06-19,Monitor,Electronics,South,6,793.18,176.91
2026-06-19,Tablet,Electronics,North,9,4467.62,940.73
2026-07-02,Camera,Electronics,North,5,3120.65,308.52
2026-06-30,Mobile,Electronics,North,6,306.85,40.83
2026-07-11,Keyboard,Accessories,North,3,1154.2,201.34
2026-07-08,Mouse,Accessories,West,8,1409.38,302.01
2026-07-07,Camera,Electronics,South,10,344.38,26.61
2026-06-27,Camera,Electronics,East,5,713.3,170.81
2026-06-21,Printer,Office,North,9,1817.55,286.64
2026-06-22,Mouse,Accessories,North,4,4868.44,326.99
2026-06-21,Keyboard,Accessories,West,6,1909.31,444.45
2026-06-15,Monitor,Electronics,East,9,199.84,57.49
2026-06-14,Mouse,Accessories,South,4,3607.54,445.14
2026-06-14,Mobile,Electronics,East,3,209.48,50.1
2026-06-29,Monitor,Electronics,East,1,2422.87,151.88
2026-07-11,Camera,Electronics,East,2,2409.94,369.34
2026-06-26,Speaker,Accessories,South,7,4281.74,1038.02
2026-06-25,Monitor,Electronics,West,8,1272.7,157.35
2026-06-16,Printer,Office,East,9,3723.02,1055.33
2026-06-20,Monitor,Electronics,North,10,1936.59,266.18
2026-06-20,Speaker,Accessories,West,6,3691.87,969.15
2026-06-23,Mouse,Accessories,East,9,4383.48,651.52
2026-06-24,Laptop,Electronics,South,6,1904.66,169.51
2026-06-30,Keyboard,Accessories,East,9,2123.15,302.56
2026-07-09,Monitor,Electronics,South,4,2589.33,607.29
2026-07-05,Headphones,Accessories,North,3,2123.88,267.33
2026-07-07,Camera,Electronics,North,7,1976.58,551.41
2026-07-01,Mobile,Electronics,South,4,4843.72,1291.21
2026-06-30,Headphones,Accessories,East,8,2533.2,455.12
2026-07-02,Monitor,Electronics,North,6,3888.31,516.46
2026-07-05,Mouse,Accessories,West,1,973.05,228.38
2026-06-23,Keyboard,Accessories,East,4,1257.53,79.8
2026-07-03,Speaker,Accessories,South,9,399.8,97.41
2026-06-13,Tablet,Electronics,West,3,2458.82,422.25
2026-06-21,Mouse,Accessories,South,3,3112.27,704.49
2026-06-20,Speaker,Accessories,South,4,4859.03,1302.73
2026-06-27,Mobile,Electronics,South,6,1978.25,160.66
2026-07-09,Mouse,Accessories,West,7,1077.28,295.44
2026-06-17,Printer,Office,South,9,4476.28,365.06
2026-06-14,Tablet,Electronics,South,6,2936.32,193.38
2026-06-28,Tablet,Electronics,North,3,2678.39,307.63
2026-06-30,Mobile,Electronics,South,10,4429.66,808.84
2026-06-17,Headphones,Accessories,South,2,2956.75,403.78
2026-07-07,Camera,Electronics,East,8,3800.25,732.89
2026-07-08,Headphones,Accessories,North,3,3431.81,502.52
2026-06-22,Tablet,Electronics,South,5,2592.24,689.38
2026-06-25,Mouse,Accessories,West,3,1007.42,108.63
2026-06-21,Camera,Electronics,East,7,4067.47,541.88
2026-07-11,Tablet,Electronics,East,3,1980.55,428.12
2026-06-20,Headphones,Accessories,North,10,1717.28,129.23
2026-07-05,Printer,Office,East,3,710.22,151.68
2026-07-08,Keyboard,Accessories,North,2,720.22,106.73
2026-06-14,Mouse,Accessories,East,3,2198.9,161.58
2026-06-12,Headphones,Accessories,North,6,4262.41,1090.27
2026-07-07,Printer,Office,South,6,2858.05,159.19
2026-06-21,Mouse,Accessories,North,5,607.81,140.58
2026-06-27,Speaker,Accessories,South,1,1518.0,397.49
2026-06-20,Tablet,Electronics,East,3,1794.5,139.56
2026-07-03,Laptop,Electronics,West,1,1641.04,291.1
2026-06-13,Camera,Electronics,South,1,2847.0,258.41
2026-06-19,Headphones,Accessories,East,5,424.45,33.45
2026-06-14,Printer,Office,West,8,806.93,76.38
2026-06-22,Headphones,Accessories,East,4,4986.81,1475.97
2026-06-30,Keyboard,Accessories,East,4,1304.18,341.47
2026-07-09,Speaker,Accessories,West,9,4670.74,536.0
2026-07-08,Keyboard,Accessories,South,4,3180.52,287.98
2026-06-14,Keyboard,Accessories,North,10,800.57,104.57
2026-07-05,Printer,Office,East,1,4101.01,209.1
2026-06-18,Laptop,Electronics,North,8,3080.78,499.9
2026-07-07,Speaker,Accessories,East,1,384.32,115.22
2026-06-30,Keyboard,Accessories,South,5,2203.06,428.91
2026-06-14,Monitor,Electronics,North,8,1211.81,183.35
2026-06-12,Speaker,Accessories,East,4,2683.81,140.22
2026-06-17,Mouse,Accessories,East,6,2338.44,527.48
2026-06-14,Monitor,Electronics,North,8,3884.09,1081.25
2026-06-12,Mobile,Electronics,North,6,4500.57,510.58
2026-06-13,Speaker,Accessories,North,8,126.24,21.76
2026-06-20,Printer,Office,North,4,2460.27,138.59
2026-07-12,Tablet,Electronics,South,1,3006.74,321.37
2026-06-21,Monitor,Electronics,East,2,2677.08,595.61
2026-06-20,Printer,Office,North,1,770.86,147.63
2026-06-28,Printer,Office,East,5,350.86,30.09
2026-06-26,Laptop,Electronics,East,10,2030.22,475.81
2026-07-01,Headphones,Accessories,South,8,4640.97,926.87
2026-07-11,Printer,Office,South,5,3007.53,231.04
2026-06-16,Camera,Electronics,West,9,4154.11,1183.8
2026-06-16,Monitor,Electronics,North,1,4367.67,647.66
2026-06-18,Laptop,Electronics,South,10,495.33,42.22
2026-07-06,Tablet,Electronics,East,4,3529.48,576.4
2026-06-20,Monitor,Electronics,North,7,3267.85,394.19
2026-07-03,Mouse,Accessories,South,2,4010.78,283.61
2026-07-02,Printer,Office,South,7,120.65,16.79
2026-06-16,Speaker,Accessories,South,4,4047.86,608.45
2026-06-26,Mobile,Electronics,East,5,2689.31,751.47
2026-06-21,Mobile,Electronics,North,9,4133.1,666.57
2026-06-12,Laptop,Electronics,East,10,663.05,39.18
2026-07-10,Speaker,Accessories,East,8,760.07,119.93
2026-06-20,Camera,Electronics,North,1,1904.13,478.04
2026-06-13,Headphones,Accessories,South,4,911.04,254.48
2026-06-15,Tablet,Electronics,North,2,2922.96,283.29
2026-07-09,Mobile,Electronics,East,7,1236.81,84.08
2026-06-29,Mobile,Electronics,South,1,2038.38,144.47
2026-07-02,Headphones,Accessories,North,3,3470.91,382.94
2026-07-05,Laptop,Electronics,South,4,2406.18,591.13
2026-07-12,Camera,Electronics,West,9,191.33,49.93
2026-07-08,Monitor,Electronics,North,8,3648.72,363.35
2026-06-18,Camera,Electronics,West,4,706.7,41.43
2026-06-26,Monitor,Electronics,North,8,3505.47,942.13
2026-06-18,Keyboard,Accessories,South,6,3045.45,677.5
2026-06-13,Mouse,Accessories,East,2,4184.04,939.19
2026-07-04,Printer,Office,North,7,3628.99,1004.92
2026-06-13,Speaker,Accessories,West,4,2652.42,709.17
2026-06-24,Mouse,Accessories,West,2,273.38,32.27
2026-06-24,Printer,Office,West,1,2270.72,388.35
2026-07-07,Tablet,Electronics,South,9,982.47,198.8
2026-06-26,Printer,Office,North,8,466.31,88.56
2026-06-28,Headphones,Accessories,South,7,2265.05,257.29
2026-06-12,Printer,Office,North,3,746.88,37.92
2026-07-08,Keyboard,Accessories,West,6,1130.37,266.77
2026-07-11,Mouse,Accessories,North,10,3124.09,861.04
2026-07-07,Camera,Electronics,West,4,1306.48,81.25
2026-07-03,Printer,Office,South,10,2465.99,503.67
2026-07-02,Printer,Office,South,3,2943.9,819.9
2026-07-08,Speaker,Accessories,South,8,3323.22,327.97
2026-07-07,Mouse,Accessories,West,5,3326.03,308.21
2026-07-01,Mouse,Accessories,East,3,1726.08,468.53
2026-06-28,Keyboard,Accessories,West,1,3158.78,425.89
2026-06-12,Keyboard,Accessories,South,6,4203.13,287.04
2026-06-22,Mouse,Accessories,South,6,3462.49,950.29
2026-06-29,Laptop,Electronics,North,4,4041.18,665.36
2026-06-14,Monitor,Electronics,West,2,4277.19,1282.52
2026-06-12,Tablet,Electronics,North,9,3983.77,1134.96
2026-07-11,Mobile,Electronics,West,1,4238.42,1140.37
2026-06-19,Laptop,Electronics,West,7,363.77,87.56
2026-06-20,Keyboard,Accessories,West,6,3131.74,161.98
2026-06-22,Monitor,Electronics,South,2,2836.76,713.61
2026-07-06,Headphones,Accessories,South,3,3150.04,786.41
2026-07-11,Keyboard,Accessories,North,7,4730.25,1266.26
2026-06-30,Mobile,Electronics,South,3,650.51,78.56
2026-06-20,Camera,Electronics,South,10,3860.32,832.47
2026-07-01,Mobile,Electronics,East,3,3607.4,291.62
2026-06-27,Keyboard,Accessories,North,2,302.22,39.87
2026-07-07,Camera,Electronics,North,5,3968.39,810.04
2026-06-25,Speaker,Accessories,South,3,3417.17,742.79
2026-06-14,Printer,Office,South,5,1419.28,393.84
2026-06-19,Speaker,Accessories,North,5,1434.58,132.91
2026-06-15,Keyboard,Accessories,South,7,1722.51,410.96
2026-06-16,Headphones,Accessories,East,1,508.46,56.73
2026-07-03,Mobile,Electronics,South,1,2839.4,228.2
2026-06-26,Mouse,Accessories,East,7,4488.98,749.95
2026-07-02,Camera,Electronics,South,9,861.01,201.08
2026-06-18,Mouse,Accessories,South,2,2123.25,340.56
2026-07-12,Monitor,Electronics,South,8,4432.86,1023.77
2026-06-12,Headphones,Accessories,North,7,1546.5,289.93
2026-07-09,Camera,Electronics,North,8,4307.95,837.38
2026-06-18,Keyboard,Accessories,West,1,2106.03,275.99
2026-06-17,Speaker,Accessories,East,7,4039.1,1125.75
2026-07-03,Laptop,Electronics,South,6,1931.83,404.44
2026-07-03,Camera,Electronics,West,1,2037.12,376.48
2026-06-16,Mobile,Electronics,East,9,231.24,47.1
2026-07-09,Mouse,Accessories,East,3,1076.17,268.37
2026-06-13,Mobile,Electronics,South,8,3870.32,498.4
2026-07-05,Speaker,Accessories,South,9,1993.89,339.16
2026-06-23,Monitor,Electronics,West,5,3955.55,601.89
2026-07-08,Keyboard,Accessories,North,8,2846.16,686.86
2026-06-14,Mobile,Electronics,North,3,3658.21,1002.69
2026-07-04,Monitor,Electronics,South,1,426.04,61.2
2026-06-25,Tablet,Electronics,North,9,3348.79,725.8
2026-06-27,Monitor,Electronics,North,7,1102.29,299.06
2026-06-30,Headphones,Accessories,West,1,4946.12,799.55
2026-06-18,Printer,Office,West,7,765.45,82.56
2026-06-28,Laptop,Electronics,South,8,273.09,17.3
2026-07-04,Camera,Electronics,West,10,3694.32,231.89
2026-06-18,Mouse,Accessories,North,7,695.28,93.11
2026-06-28,Headphones,Accessories,West,10,2440.84,676.72
2026-06-23,Laptop,Electronics,East,9,644.2,187.54
2026-07-04,Speaker,Accessories,South,1,1515.93,233.76
2026-07-03,Tablet,Electronics,West,9,1349.23,133.71
2026-07-06,Speaker,Accessories,South,9,4815.89,520.74
2026-06-20,Keyboard,Accessories,South,10,3228.04,715.72
2026-07-04,Tablet,Electronics,North,5,3315.12,498.46
2026-06-12,Mouse,Accessories,North,9,3332.96,515.6
2026-06-15,Headphones,Accessories,South,4,3050.51,651.01
2026-06-14,Keyboard,Accessories,East,4,1129.62,152.69
2026-06-12,Mouse,Accessories,East,4,1710.79,448.91
2026-06-22,Tablet,Electronics,East,9,4320.58,681.29
2026-07-11,Camera,Electronics,West,3,2929.96,276.73
2026-07-10,Camera,Electronics,East,6,3935.54,553.44
2026-06-17,Monitor,Electronics,South,8,1175.59,244.71
2026-07-05,Monitor,Electronics,South,10,466.18,117.92
2026-06-29,Speaker,Accessories,East,2,4274.37,953.9
2026-07-12,Mobile,Electronics,South,9,2721.23,139.52
2026-06-30,Mobile,Electronics,North,9,916.91,194.59
2026-06-29,Printer,Office,South,10,4765.85,564.43
2026-06-29,Camera,Electronics,West,5,370.27,93.26
2026-06-23,Monitor,Electronics,South,9,701.94,148.31
2026-06-25,Mobile,Electronics,West,2,396.52,76.72
2026-06-20,Mobile,Electronics,West,10,2929.84,306.49
2026-07-12,Monitor,Electronics,North,1,3205.05,824.04
2026-07-06,Mobile,Electronics,West,3,1003.7,59.44
2026-06-28,Speaker,Accessories,South,8,4446.37,1144.69
2026-07-07,Headphones,Accessories,South,1,3214.64,881.46
2026-07-07,Tablet,Electronics,North,9,3277.06,909.91
2026-07-05,Monitor,Electronics,East,6,3228.18,404.24
2026-06-22,Mobile,Electronics,West,5,1390.41,117.63
2026-06-14,Mouse,Accessories,North,6,216.96,25.04
2026-06-13,Mouse,Accessories,West,6,3328.3,412.34
2026-06-26,Mobile,Electronics,East,7,3983.88,823.34
2026-06-13,Speaker,Accessories,South,2,3689.93,893.59
2026-06-17,Mobile,Electronics,East,1,2200.09,549.38
2026-06-25,Printer,Office,North,7,4179.79,960.02
2026-07-10,Laptop,Electronics,North,6,3919.97,252.81
2026-07-04,Tablet,Electronics,North,4,4857.97,570.08
2026-06-19,Laptop,Electronics,North,8,3542.41,283.36
2026-07-01,Keyboard,Accessories,South,7,1699.54,433.3
2026-07-05,Headphones,Accessories,North,3,503.84,124.25
2026-06-22,Speaker,Accessories,West,2,704.38,185.34
2026-06-23,Mouse,Accessories,West,8,2154.38,203.17
2026-06-21,Headphones,Accessories,East,9,3823.01,489.52
2026-07-01,Tablet,Electronics,West,2,4563.81,1079.02
2026-06-29,Camera,Electronics,North,2,892.78,222.0
2026-06-26,Printer,Office,West,7,1835.17,365.55
2026-07-05,Mouse,Accessories,East,1,2704.52,234.98
2026-06-20,Laptop,Electronics,West,6,3999.7,779.28
2026-07-05,Camera,Electronics,South,7,3119.66,246.85
2026-07-03,Tablet,Electronics,West,3,472.25,84.11
2026-07-11,Speaker,Accessories,West,2,3094.53,527.56
2026-06-28,Mouse,Accessories,South,4,4527.56,373.6
2026-06-22,Laptop,Electronics,West,3,3778.67,1096.64
2026-07-04,Keyboard,Accessories,South,4,2843.24,804.14
2026-07-01,Speaker,Accessories,West,5,785.51,39.49
2026-07-01,Mouse,Accessories,South,9,4746.96,1037.85
2026-07-08,Laptop,Electronics,East,5,2479.92,669.01
2026-06-24,Mouse,Accessories,South,10,578.96,102.56
2026-06-26,Tablet,Electronics,North,5,762.91,137.95
2026-06-29,Mobile,Electronics,East,7,3380.16,841.18
2026-07-12,Monitor,Electronics,North,10,4782.52,536.18
2026-07-02,Mobile,Electronics,East,5,3564.03,478.08
2026-06-23,Printer,Office,North,4,3075.04,532.5
2026-06-27,Headphones,Accessories,West,10,2247.51,512.93
2026-06-17,Mobile,Electronics,North,10,3053.92,570.05
2026-06-30,Mobile,Electronics,North,9,2219.08,172.48
2026-06-28,Keyboard,Accessories,North,8,2351.91,197.97
2026-06-18,Printer,Office,West,4,1974.6,188.88
2026-06-15,Mouse,Accessories,West,7,244.62,22.23
2026-06-25,Monitor,Electronics,North,1,3171.8,609.79
2026-07-02,Mobile,Electronics,West,2,571.54,68.99
2026-06-29,Mobile,Electronics,South,4,3617.88,554.7
2026-07-08,Speaker,Accessories,North,10,3234.39,351.7
2026-07-05,Monitor,Electronics,West,10,4622.0,592.87
2026-07-11,Camera,Electronics,North,3,682.89,126.41
2026-06-23,Speaker,Accessories,South,6,3279.87,960.75
2026-07-12,Keyboard,Accessories,West,2,2770.81,458.94
2026-07-08,Camera,Electronics,South,2,3319.9,495.96
2026-06-16,Monitor,Electronics,East,5,3932.96,631.13
2026-07-05,Mouse,Accessories,West,2,3129.49,534.3
2026-07-04,Mouse,Accessories,North,3,3429.4,270.47
2026-07-07,Keyboard,Accessories,North,8,2241.2,585.58
2026-07-01,Camera,Electronics,South,3,1134.42,338.28
2026-07-12,Headphones,Accessories,North,10,3617.38,1002.94
2026-07-10,Mobile,Electronics,North,2,2765.46,300.46
2026-06-29,Monitor,Electronics,East,1,3010.81,587.82
2026-06-17,Speaker,Accessories,West,9,2431.97,441.22
2026-06-30,Laptop,Electronics,East,1,673.3,46.73
2026-06-23,Mobile,Electronics,West,3,4367.44,1228.18
2026-06-20,Camera,Electronics,West,2,4361.08,546.9
2026-06-20,Headphones,Accessories,South,4,415.67,105.41
2026-06-22,Printer,Office,South,9,4202.58,443.34
2026-07-11,Mobile,Electronics,South,7,1584.97,313.9
2026-06-28,Headphones,Accessories,South,5,2857.95,635.33
2026-06-21,Camera,Electronics,East,9,1784.99,382.71
2026-07-02,Headphones,Accessories,East,4,4397.51,371.83
2026-07-06,Camera,Electronics,South,7,3048.63,805.18
2026-06-29,Mouse,Accessories,West,2,156.86,18.64
2026-06-28,Camera,Electronics,North,6,585.51,88.67
2026-06-14,Mobile,Electronics,South,1,1767.47,381.9
2026-06-25,Keyboard,Accessories,East,4,3566.23,771.7
2026-06-17,Monitor,Electronics,North,1,2589.54,749.72
2026-07-11,Printer,Office,East,8,1416.34,325.84
2026-07-10,Laptop,Electronics,East,3,4902.8,652.58
2026-06-15,Laptop,Electronics,South,6,4004.81,385.69
2026-07-01,Tablet,Electronics,East,5,1403.8,99.31
2026-07-02,Keyboard,Accessories,East,10,1419.92,307.06
2026-06-19,Keyboard,Accessories,North,2,3214.66,659.47
2026-07-06,Mouse,Accessories,West,1,750.71,205.92
2026-06-15,Laptop,Electronics,East,10,4024.41,820.42
2026-07-05,Camera,Electronics,West,4,315.46,48.47
2026-07-12,Keyboard,Accessories,West,5,1747.55,243.82
2026-06-17,Mobile,Electronics,North,5,4639.95,750.87
2026-07-09,Camera,Electronics,North,9,3384.49,863.29
2026-06-23,Camera,Electronics,East,2,3738.67,987.31
2026-07-11,Tablet,Electronics,West,7,4709.59,1109.44
2026-06-16,Headphones,Accessories,East,1,2580.89,511.26
2026-06-22,Speaker,Accessories,East,2,224.82,13.76
2026-06-17,Camera,Electronics,North,5,4730.57,578.26
2026-06-21,Laptop,Electronics,South,4,2984.13,444.26
2026-06-30,Mobile,Electronics,North,3,2771.57,295.11
2026-06-18,Tablet,Electronics,West,3,3248.76,969.72
2026-06-19,Mouse,Accessories,South,1,1841.96,423.02
2026-07-05,Speaker,Accessories,East,4,1111.35,223.73
2026-06-22,Headphones,Accessories,East,1,2395.47,627.31
2026-07-10,Monitor,Electronics,West,2,3900.33,881.22
2026-07-11,Tablet,Electronics,North,1,3230.15,390.58
2026-06-25,Laptop,Electronics,East,4,474.37,78.89
2026-06-24,Monitor,Electronics,East,9,597.73,85.59
2026-06-24,Headphones,Accessories,West,4,2030.04,428.12
2026-07-10,Monitor,Electronics,North,6,4764.97,465.87
2026-06-16,Laptop,Electronics,South,10,852.66,198.44
2026-07-05,Speaker,Accessories,West,4,3451.25,568.48
2026-07-06,Tablet,Electronics,South,4,1751.01,370.39
2026-06-15,Tablet,Electronics,East,7,4922.36,1199.75
2026-06-14,Mouse,Accessories,West,1,4090.18,639.94
2026-06-15,Laptop,Electronics,South,2,4893.89,425.83
2026-06-13,Tablet,Electronics,East,1,4884.06,1240.12
2026-07-11,Camera,Electronics,North,2,2760.92,766.69
2026-07-08,Printer,Office,West,4,2118.59,321.96
2026-06-12,Mobile,Electronics,North,3,4276.66,320.0
2026-06-16,Tablet,Electronics,West,5,134.79,22.24
2026-06-17,Tablet,Electronics,West,10,2457.24,563.82
2026-07-05,Printer,Office,East,6,1488.01,262.88
2026-07-06,Laptop,Electronics,East,6,2774.46,386.45
2026-07-04,Camera,Electronics,East,4,3151.06,851.38
2026-06-13,Speaker,Accessories,West,10,3943.91,354.68
2026-06-17,Laptop,Electronics,East,1,3007.78,157.2
2026-06-28,Mobile,Electronics,North,3,416.53,54.61
2026-06-21,Laptop,Electronics,North,10,888.52,222.36
2026-06-18,Printer,Office,East,6,3648.99,425.57
2026-06-16,Tablet,Electronics,West,4,1659.99,230.15
2026-06-27,Tablet,Electronics,North,7,3107.95,508.94
2026-06-13,Monitor,Electronics,South,3,1136.88,183.07
2026-07-11,Printer,Office,West,1,915.71,71.91
2026-07-11,Monitor,Electronics,North,1,4807.2,982.42
2026-06-30,Printer,Office,South,6,1659.02,379.4
2026-06-22,Monitor,Electronics,South,4,147.65,26.17
2026-06-24,Mouse,Accessories,East,6,2754.0,647.1
2026-06-19,Speaker,Accessories,West,5,2772.91,772.62
2026-07-09,Keyboard,Accessories,North,3,3307.83,660.03
2026-06-24,Mouse,Accessories,East,4,3646.64,545.86
2026-07-09,Mobile,Electronics,North,9,2097.56,582.62
2026-06-13,Tablet,Electronics,East,9,1944.37,331.67
2026-07-03,Mouse,Accessories,East,9,885.2,141.65
2026-07-11,Keyboard,Accessories,East,10,1704.03,201.66
2026-07-08,Mobile,Electronics,North,2,3205.1,357.91
2026-07-12,Mobile,Electronics,West,1,1664.48,384.04
2026-06-12,Keyboard,Accessories,East,1,3730.93,1084.01
2026-06-16,Printer,Office,East,4,1278.2,309.8
2026-06-22,Mobile,Electronics,North,10,3082.57,673.08
2026-06-30,Camera,Electronics,South,2,943.43,123.03
2026-06-13,Headphones,Accessories,West,2,210.12,42.08
2026-06-12,Camera,Electronics,North,2,4446.93,582.07
2026-07-11,Mouse,Accessories,West,4,2073.92,427.07
2026-07-07,Laptop,Electronics,North,2,3627.03,1042.82
2026-06-12,Camera,Electronics,South,1,3990.51,814.14
2026-06-19,Laptop,Electronics,North,7,4619.37,622.97
2026-06-19,Printer,Office,East,7,4942.5,685.79
2026-06-27,Keyboard,Accessories,West,8,3213.95,496.87
2026-06-15,Tablet,Electronics,North,4,2707.43,570.73
2026-07-07,Camera,Electronics,West,3,4117.63,513.14
2026-07-10,Monitor,Electronics,East,9,1202.78,279.59
2026-06-26,Headphones,Accessories,West,1,3282.36,178.4
2026-06-25,Camera,Electronics,West,2,3032.32,749.33
2026-07-03,Keyboard,Accessories,East,9,1387.89,145.12
2026-06-13,Tablet,Electronics,North,9,1466.51,203.65
2026-06-30,Headphones,Accessories,South,5,1185.22,119.27
2026-06-24,Keyboard,Accessories,West,8,2198.71,153.12
2026-06-22,Monitor,Electronics,North,3,4919.21,617.16
2026-07-11,Laptop,Electronics,West,2,2640.88,737.78
2026-06-21,Tablet,Electronics,North,5,1824.97,226.25
2026-06-17,Mouse,Accessories,East,9,327.48,48.34
2026-07-12,Laptop,Electronics,North,7,520.58,129.86
2026-07-07,Mouse,Accessories,East,6,4354.43,868.11
2026-06-23,Monitor,Electronics,West,6,1279.09,196.09
2026-07-04,Speaker,Accessories,West,2,3369.5,219.79
2026-06-25,Headphones,Accessories,South,3,3700.93,952.49
2026-07-09,Keyboard,Accessories,South,2,1633.61,99.64
2026-06-25,Headphones,Accessories,East,7,2993.47,808.28
2026-07-07,Headphones,Accessories,East,2,4274.0,289.21
2026-06-29,Camera,Electronics,North,5,4941.05,1390.3
2026-07-09,Speaker,Accessories,East,3,1253.67,212.14
2026-06-21,Camera,Electronics,West,6,3616.14,851.98
2026-06-21,Printer,Office,East,9,2011.25,507.22
2026-07-07,Keyboard,Accessories,East,4,1856.71,261.01
2026-06-12,Mobile,Electronics,West,10,4385.17,1237.72
2026-07-10,Headphones,Accessories,East,2,3717.51,943.21
2026-06-20,Mouse,Accessories,West,1,4578.86,388.23
2026-06-20,Printer,Office,South,3,3286.93,485.22
2026-07-07,Headphones,Accessories,South,7,1050.76,150.95
2026-06-12,Mobile,Electronics,West,5,3112.11,382.89
2026-06-16,Speaker,Accessories,South,5,3660.61,958.47
2026-06-30,Laptop,Electronics,North,3,1554.57,412.63
2026-07-06,Monitor,Electronics,West,3,3043.83,465.79
2026-07-03,Tablet,Electronics,South,4,586.81,151.49
2026-06-29,Laptop,Electronics,East,2,4902.99,762.16
2026-07-10,Mouse,Accessories,South,1,2925.48,567.52
2026-06-20,Speaker,Accessories,South,2,3201.43,468.29
2026-07-03,Tablet,Electronics,North,5,3515.03,264.98
2026-07-06,Speaker,Accessories,West,8,1532.04,235.01
2026-07-01,Monitor,Electronics,East,2,3771.45,599.73
2026-06-20,Mouse,Accessories,South,2,3465.59,856.67
2026-07-07,Tablet,Electronics,West,2,2697.09,436.59
2026-07-05,Headphones,Accessories,North,8,1334.7,146.52
2026-06-28,Laptop,Electronics,North,9,780.82,186.41
2026-07-06,Headphones,Accessories,South,8,2753.85,436.91
2026-07-12,Camera,Electronics,West,4,1359.64,278.98
2026-07-02,Printer,Office,East,8,1325.66,125.47
2026-06-26,Headphones,Accessories,East,4,3315.21,773.97
2026-06-28,Monitor,Electronics,North,2,2814.96,296.85
2026-06-20,Headphones,Accessories,North,6,1089.09,138.61
2026-06-20,Mouse,Accessories,East,8,761.73,220.66
2026-06-23,Camera,Electronics,West,4,827.81,55.51
2026-06-25,Monitor,Electronics,East,9,4318.18,966.82
2026-06-14,Laptop,Electronics,East,6,1814.35,261.24
2026-06-23,Camera,Electronics,North,7,2620.74,598.27
2026-06-21,Monitor,Electronics,East,10,517.06,44.21
2026-06-14,Printer,Office,South,6,268.0,14.12
2026-06-15,Headphones,Accessories,South,7,950.01,76.42
2026-07-06,Speaker,Accessories,East,3,1874.18,358.18
2026-06-13,Monitor,Electronics,North,5,608.47,103.13
2026-06-20,Headphones,Accessories,West,1,2050.67,115.38
2026-07-03,Tablet,Electronics,East,8,1040.66,295.84
2026-06-12,Headphones,Accessories,South,5,397.14,80.99
2026-06-15,Mouse,Accessories,East,10,218.57,49.56
2026-07-04,Mobile,Electronics,South,3,962.86,249.25
2026-07-07,Camera,Electronics,West,4,1831.67,250.66
2026-06-29,Speaker,Accessories,North,4,4761.83,427.89
2026-06-30,Laptop,Electronics,East,8,2555.39,524.06
2026-07-03,Camera,Electronics,South,5,756.43,60.68
2026-06-25,Mouse,Accessories,South,9,2014.71,481.32
2026-06-25,Tablet,Electronics,East,8,2338.71,444.21
2026-06-13,Camera,Electronics,West,4,1144.4,244.13
2026-07-11,Printer,Office,West,4,1940.06,572.2
2026-06-25,Monitor,Electronics,North,5,136.69,23.64
2026-06-19,Mouse,Accessories,West,3,4563.75,1342.71
2026-06-18,Monitor,Electronics,North,6,625.8,46.4
2026-06-13,Laptop,Electronics,West,3,4893.43,868.02
2026-07-05,Mouse,Accessories,East,2,2729.33,240.11
2026-07-10,Camera,Electronics,North,5,4442.13,325.53
2026-07-11,Tablet,Electronics,West,5,3850.49,1012.11
2026-07-01,Camera,Electronics,West,8,889.04,249.36
2026-07-02,Mouse,Accessories,South,7,857.97,180.72
2026-06-27,Tablet,Electronics,South,2,1156.31,106.72
2026-06-23,Mouse,Accessories,West,10,4203.27,438.28
2026-07-02,Mouse,Accessories,West,8,4438.33,337.17
2026-07-12,Mouse,Accessories,North,4,1547.94,268.96
2026-06-16,Mobile,Electronics,North,6,4666.26,1150.21
2026-07-03,Mobile,Electronics,East,6,1591.59,475.87
2026-07-04,Tablet,Electronics,North,7,2468.76,686.08
2026-06-15,Laptop,Electronics,South,4,2669.62,264.64
2026-07-06,Mobile,Electronics,North,2,3317.6,909.0
2026-07-06,Mobile,Electronics,South,8,3323.92,463.95
2026-07-09,Mouse,Accessories,North,6,1416.8,396.44
2026-06-21,Mobile,Electronics,West,4,1414.6,234.26
2026-06-19,Tablet,Electronics,East,1,4877.95,1403.73
2026-06-30,Camera,Electronics,North,7,2349.52,494.78
2026-06-20,Keyboard,Accessories,South,8,1207.29,305.0
2026-07-01,Headphones,Accessories,South,4,3509.7,613.06
2026-07-05,Printer,Office,East,4,3479.04,665.23
2026-07-01,Camera,Electronics,South,6,2811.51,349.66
2026-06-30,Headphones,Accessories,South,2,4112.84,1071.97
2026-06-23,Headphones,Accessories,South,1,740.59,130.6
2026-07-01,Speaker,Accessories,South,10,3101.52,831.25
2026-06-26,Monitor,Electronics,North,1,3974.45,414.04
2026-07-04,Mobile,Electronics,East,4,4601.08,1200.97
2026-06-30,Tablet,Electronics,South,10,3798.85,409.26
2026-06-29,Mobile,Electronics,South,6,4807.58,263.62
2026-07-05,Speaker,Accessories,South,8,4122.71,984.46
2026-06-18,Printer,Office,North,10,1596.06,285.79
2026-06-28,Printer,Office,East,6,235.26,31.51
2026-07-08,Laptop,Electronics,North,1,1073.83,227.55
2026-06-24,Camera,Electronics,North,7,4043.93,1093.51
2026-07-10,Speaker,Accessories,North,8,4481.49,1073.93
2026-06-25,Headphones,Accessories,East,4,931.85,253.33
2026-06-13,Mobile,Electronics,East,7,2682.13,420.78
2026-07-05,Laptop,Electronics,West,3,4809.12,1136.19
2026-07-08,Monitor,Electronics,North,3,128.37,8.21
2026-06-24,Tablet,Electronics,North,8,1171.52,114.69
2026-06-17,Printer,Office,West,6,2185.1,629.58
2026-07-01,Tablet,Electronics,West,9,1789.47,266.23
2026-06-24,Printer,Office,South,10,1679.72,440.65
2026-06-27,Printer,Office,South,5,4420.53,668.72
2026-06-13,Camera,Electronics,East,7,3329.69,567.16
2026-06-25,Tablet,Electronics,North,3,2003.55,394.59
2026-06-15,Camera,Electronics,East,8,3027.21,427.96
2026-06-30,Headphones,Accessories,North,10,3800.06,366.33
2026-06-19,Mouse,Accessories,North,5,3329.68,172.28
2026-06-28,Keyboard,Accessories,West,7,3169.16,679.76
2026-07-07,Monitor,Electronics,West,7,641.13,119.6
2026-07-08,Keyboard,Accessories,East,5,2005.01,175.53
2026-06-22,Camera,Electronics,West,4,2500.4,220.27
2026-07-06,Keyboard,Accessories,South,2,3739.53,805.29
2026-07-10,Mobile,Electronics,West,10,4026.48,588.86
2026-06-14,Mouse,Accessories,East,6,4008.52,773.01
2026-06-23,Monitor,Electronics,East,3,3710.71,879.58
2026-06-25,Mouse,Accessories,North,5,4874.23,788.3
2026-06-23,Mouse,Accessories,West,8,1059.96,135.17
2026-06-15,Camera,Electronics,East,9,4258.05,544.37
2026-07-11,Tablet,Electronics,North,2,2462.66,190.49
2026-06-14,Camera,Electronics,West,9,2845.23,471.43
2026-07-03,Laptop,Electronics,North,1,1347.65,258.42
2026-07-07,Headphones,Accessories,North,10,2578.88,716.09
2026-06-25,Camera,Electronics,North,7,219.59,34.88
2026-06-18,Printer,Office,South,2,2547.0,546.49
2026-06-19,Mouse,Accessories,South,3,2638.97,248.79
2026-06-12,Keyboard,Accessories,West,2,4010.14,444.67
2026-06-21,Laptop,Electronics,South,1,4326.4,290.5
2026-07-08,Headphones,Accessories,North,2,517.5,84.72
2026-06-21,Laptop,Electronics,North,2,2044.94,126.18
2026-06-21,Monitor,Electronics,North,3,4180.32,836.37
2026-06-23,Keyboard,Accessories,North,1,612.5,80.37
2026-07-02,Mobile,Electronics,North,6,1590.52,114.02
2026-07-04,Tablet,Electronics,West,7,4803.98,1190.43
2026-06-30,Speaker,Accessories,North,9,1688.57,236.19
2026-07-06,Speaker,Accessories,North,8,4601.74,1161.6
2026-06-28,Headphones,Accessories,South,9,393.75,108.11
2026-07-11,Tablet,Electronics,South,1,419.09,35.16
2026-07-01,Speaker,Accessories,East,10,213.64,41.18
2026-06-13,Laptop,Electronics,West,7,286.88,34.09
2026-06-24,Camera,Electronics,East,10,1058.08,231.66
2026-06-17,Monitor,Electronics,North,9,4452.04,814.79
2026-07-08,Headphones,Accessories,East,1,3765.25,1115.16
2026-06-22,Mouse,Accessories,South,10,3032.09,633.74
2026-06-13,Laptop,Electronics,East,9,2924.03,377.96
2026-06-17,Camera,Electronics,East,8,1206.98,274.83
2026-07-06,Headphones,Accessories,North,10,3164.13,896.37
2026-06-18,Laptop,Electronics,East,6,4742.66,1084.47
2026-06-23,Keyboard,Accessories,West,10,3691.38,512.88
2026-06-18,Mouse,Accessories,South,2,2431.57,582.9
2026-06-17,Laptop,Electronics,South,3,4778.1,743.26
2026-07-06,Printer,Office,North,2,1449.08,251.61
2026-06-22,Tablet,Electronics,West,1,924.7,74.34
2026-06-21,Keyboard,Accessories,West,5,4976.61,640.49
2026-06-29,Laptop,Electronics,East,10,4258.57,506.26
2026-06-15,Mobile,Electronics,South,4,1060.38,245.37
2026-06-24,Camera,Electronics,North,8,4251.26,299.95
2026-06-30,Speaker,Accessories,East,1,2371.18,606.68
2026-06-27,Mobile,Electronics,North,1,2486.92,377.97
2026-07-09,Speaker,Accessories,North,1,1671.85,460.34
2026-06-30,Printer,Office,North,2,3028.69,245.35
2026-07-10,Keyboard,Accessories,West,4,345.37,27.4
2026-06-26,Keyboard,Accessories,South,4,4910.84,397.23
2026-06-19,Printer,Office,East,8,3715.26,668.65
2026-06-20,Keyboard,Accessories,South,2,4752.85,853.08
2026-07-01,Laptop,Electronics,South,6,3282.59,393.89
2026-06-26,Monitor,Electronics,West,6,1873.18,464.91
2026-06-19,Monitor,Electronics,West,2,1588.69,308.68
2026-07-06,Keyboard,Accessories,West,10,4201.37,591.84
2026-07-10,Laptop,Electronics,South,8,4545.04,412.37
2026-07-08,Mouse,Accessories,East,10,3199.89,529.92
2026-06-25,Printer,Office,East,10,3346.09,679.11
2026-06-25,Keyboard,Accessories,West,2,1546.72,262.74
2026-06-16,Keyboard,Accessories,South,5,2012.59,200.14
2026-06-12,Monitor,Electronics,North,3,2683.85,349.37
2026-06-17,Headphones,Accessories,South,9,3556.39,1017.11
2026-06-24,Camera,Electronics,West,3,2016.91,258.97
2026-07-08,Laptop,Electronics,South,10,3772.15,388.63
2026-06-26,Laptop,Electronics,East,3,3947.33,472.93
2026-06-21,Keyboard,Accessories,West,10,3732.55,992.9
2026-06-15,Speaker,Accessories,West,10,3493.05,635.43
2026-06-16,Camera,Electronics,East,9,2675.03,182.38
2026-06-22,Headphones,Accessories,North,10,2967.77,644.5
2026-06-26,Mouse,Accessories,South,8,2933.34,298.4
2026-06-27,Printer,Office,West,7,2975.52,864.07
2026-06-17,Speaker,Accessories,East,1,4316.51,666.37
2026-07-03,Mouse,Accessories,South,9,3561.49,821.84
2026-07-10,Keyboard,Accessories,East,8,2790.23,730.24
2026-07-08,Printer,Office,East,1,1973.49,418.73
2026-06-22,Printer,Office,South,5,4065.66,687.69
2026-07-10,Printer,Office,South,4,1296.39,227.72
2026-06-24,Camera,Electronics,South,6,1711.7,286.23
2026-06-27,Speaker,Accessories,West,8,4333.2,990.41
2026-07-12,Tablet,Electronics,North,3,3693.72,765.66
2026-06-28,Camera,Electronics,North,9,4055.47,1199.36
2026-07-04,Keyboard,Accessories,East,10,3392.22,459.19
2026-06-24,Headphones,Accessories,South,8,4719.27,795.27
2026-06-20,Printer,Office,North,7,1213.24,310.94
2026-06-29,Headphones,Accessories,North,6,4191.34,394.85
2026-06-12,Monitor,Electronics,East,7,1122.07,212.21
2026-07-07,Keyboard,Accessories,West,1,1412.22,423.41
2026-06-29,Speaker,Accessories,East,2,1837.83,138.95
2026-06-16,Tablet,Electronics,West,8,3697.8,931.27
2026-07-12,Tablet,Electronics,North,10,3342.78,933.28
2026-06-15,Keyboard,Accessories,North,6,1473.29,393.82
2026-07-10,Mouse,Accessories,North,1,723.57,181.76
2026-07-01,Mobile,Electronics,South,6,3147.34,904.93
2026-06-18,Printer,Office,East,6,4160.3,1047.99
2026-07-07,Keyboard,Accessories,West,9,876.48,206.01
2026-06-30,Mouse,Accessories,East,7,3320.69,166.37
2026-07-03,Speaker,Accessories,South,7,1530.03,102.12
2026-06-21,Headphones,Accessories,North,8,1519.26,113.72
2026-06-30,Mobile,Electronics,North,5,2150.35,268.35
2026-06-18,Mouse,Accessories,South,3,2179.44,572.88
2026-07-07,Mouse,Accessories,South,2,2247.78,466.17
2026-06-30,Keyboard,Accessories,East,7,4743.56,971.82
2026-07-06,Headphones,Accessories,West,6,4092.58,808.72
2026-06-20,Speaker,Accessories,West,7,234.42,12.56
2026-06-16,Speaker,Accessories,South,9,4563.36,781.2
2026-07-04,Headphones,Accessories,South,3,567.3,33.33
2026-06-26,Headphones,Accessories,South,7,1865.88,189.04
2026-06-14,Printer,Office,North,1,2127.97,409.5
2026-07-01,Speaker,Accessories,East,4,4420.61,903.53
2026-06-23,Headphones,Accessories,West,9,4675.5,862.34
2026-06-25,Laptop,Electronics,North,9,383.45,32.72
2026-06-23,Mobile,Electronics,North,3,1691.5,471.75
2026-07-03,Laptop,Electronics,North,5,4291.33,484.02
2026-06-20,Printer,Office,South,2,811.3,226.41
2026-07-04,Headphones,Accessories,South,9,1005.3,162.9
2026-07-01,Laptop,Electronics,South,2,1656.11,300.38
2026-07-01,Mouse,Accessories,North,9,1538.13,394.65
2026-07-07,Tablet,Electronics,East,5,3190.78,551.78
2026-06-26,Keyboard,Accessories,North,6,1552.69,269.72
2026-06-16,Monitor,Electronics,East,10,2431.02,163.02
2026-06-21,Mouse,Accessories,South,8,1092.45,125.79
2026-06-22,Printer,Office,North,7,2553.19,432.83
2026-07-05,Mobile,Electronics,South,9,2466.34,678.95
2026-06-17,Camera,Electronics,North,3,4820.03,509.81
2026-06-28,Keyboard,Accessories,West,5,4026.18,907.99
2026-07-06,Headphones,Accessories,West,5,3556.68,516.46
2026-07-10,Mobile,Electronics,East,5,695.05,89.38
2026-07-06,Mobile,Electronics,West,4,1572.23,411.28
2026-06-23,Tablet,Electronics,North,8,2221.55,346.74
2026-07-01,Speaker,Accessories,North,9,4803.83,1228.04
2026-06-15,Printer,Office,West,10,3600.32,357.34
2026-07-02,Headphones,Accessories,North,1,1887.35,310.47
2026-07-07,Headphones,Accessories,North,1,1411.43,109.96
2026-06-19,Mouse,Accessories,North,9,2612.38,146.57
2026-07-11,Monitor,Electronics,East,9,361.86,100.66
2026-07-04,Printer,Office,East,3,4065.86,728.04
2026-07-04,Printer,Office,South,6,1430.06,166.1
2026-06-14,Laptop,Electronics,North,2,258.08,63.9
2026-07-11,Speaker,Accessories,North,6,2542.3,480.67
2026-07-01,Keyboard,Accessories,West,1,914.53,111.38
2026-07-08,Monitor,Electronics,West,2,4898.25,434.72
2026-06-14,Mouse,Accessories,South,10,3626.91,1004.43
2026-07-10,Mouse,Accessories,East,5,203.44,26.74
2026-07-02,Speaker,Accessories,North,10,3486.47,1018.48
2026-07-03,Monitor,Electronics,North,8,3652.98,794.56
2026-06-18,Headphones,Accessories,East,5,1710.72,459.64
2026-06-22,Mobile,Electronics,East,6,3244.47,296.58
2026-06-24,Monitor,Electronics,West,3,1745.97,369.4
2026-06-15,Laptop,Electronics,South,10,301.66,76.39
2026-07-03,Headphones,Accessories,West,2,1792.14,278.46
2026-07-04,Monitor,Electronics,South,7,4625.87,489.05
2026-07-12,Laptop,Electronics,South,7,4147.76,1211.18
2026-07-06,Laptop,Electronics,South,2,4618.59,243.59
2026-06-18,Mouse,Accessories,East,2,3084.78,263.58
2026-06-24,Laptop,Electronics,South,4,706.33,202.31
2026-06-29,Printer,Office,North,1,307.04,22.1
2026-06-28,Tablet,Electronics,West,3,1958.87,385.71
2026-07-05,Mobile,Electronics,East,7,4212.29,955.69
2026-06-22,Printer,Office,North,7,4571.42,553.09
2026-06-19,Keyboard,Accessories,West,10,835.18,67.69
2026-07-12,Headphones,Accessories,South,9,338.66,87.08
2026-07-03,Speaker,Accessories,East,6,2231.57,644.92
2026-06-18,Laptop,Electronics,West,8,4122.13,1177.21
2026-07-04,Tablet,Electronics,South,8,3743.07,747.21
2026-06-21,Tablet,Electronics,West,10,1273.12,233.45
2026-06-16,Camera,Electronics,West,8,814.19,141.35
2026-07-02,Tablet,Electronics,East,2,794.35,78.05
2026-06-23,Printer,Office,North,8,4498.4,792.08
2026-06-28,Tablet,Electronics,East,9,1694.33,483.96
2026-06-12,Headphones,Accessories,East,9,913.71,120.67
2026-07-04,Speaker,Accessories,East,9,4446.83,1000.48
2026-07-01,Speaker,Accessories,East,7,3910.43,250.12
2026-06-15,Printer,Office,West,3,981.64,149.9
2026-06-17,Camera,Electronics,West,5,2458.51,647.75
2026-07-05,Tablet,Electronics,North,5,2768.24,667.35
2026-06-26,Camera,Electronics,South,1,3908.96,922.59
2026-06-17,Mobile,Electronics,South,2,3382.91,950.82
2026-06-25,Mobile,Electronics,North,2,1230.05,322.22
2026-06-27,Monitor,Electronics,East,10,1977.02,386.37
2026-07-09,Mouse,Accessories,North,2,2148.73,497.42
2026-07-07,Speaker,Accessories,East,7,2505.65,326.29
2026-06-24,Camera,Electronics,South,2,915.57,256.54
2026-06-16,Mouse,Accessories,West,8,1401.21,386.58
2026-06-26,Printer,Office,East,2,3658.37,638.91
2026-07-08,Laptop,Electronics,North,3,901.16,153.06
2026-06-27,Mouse,Accessories,West,9,4400.48,246.71
2026-07-07,Camera,Electronics,North,4,3203.28,533.12
2026-06-23,Headphones,Accessories,West,8,2156.04,208.94
2026-07-10,Headphones,Accessories,South,7,532.79,63.47
2026-06-28,Printer,Office,South,7,1806.73,93.14
2026-07-04,Laptop,Electronics,West,1,4140.21,1087.28
2026-06-16,Headphones,Accessories,West,4,4955.28,473.74
2026-06-25,Camera,Electronics,South,5,572.76,170.48
2026-06-25,Laptop,Electronics,North,1,2053.51,297.59
2026-06-19,Mobile,Electronics,West,9,605.25,137.26
2026-07-10,Monitor,Electronics,East,8,3723.0,818.94
2026-06-20,Keyboard,Accessories,South,5,980.79,132.82
2026-06-13,Monitor,Electronics,East,9,4944.73,955.01
2026-07-11,Speaker,Accessories,West,4,4681.11,906.85
2026-06-15,Keyboard,Accessories,East,8,305.98,62.03
2026-06-28,Monitor,Electronics,North,8,2879.36,151.38
2026-06-28,Monitor,Electronics,South,1,3051.69,407.8
2026-06-18,Speaker,Accessories,West,2,1315.52,143.09
2026-06-29,Mouse,Accessories,North,1,709.31,47.73
2026-06-13,Keyboard,Accessories,West,1,4414.4,677.42
2026-06-25,Laptop,Electronics,North,4,1385.41,297.47
2026-07-12,Mouse,Accessories,South,5,2747.57,485.0
2026-06-21,Tablet,Electronics,West,6,1305.98,194.69
2026-06-16,Speaker,Accessories,South,5,3017.89,567.71
2026-06-26,Speaker,Accessories,West,5,2333.55,549.38
2026-06-17,Speaker,Accessories,South,6,397.4,53.67
2026-07-05,Mouse,Accessories,West,4,3992.92,561.32
2026-06-12,Camera,Electronics,South,8,3621.37,437.79
2026-07-07,Headphones,Accessories,East,1,3789.52,1060.49
2026-06-30,Keyboard,Accessories,South,1,2538.45,248.66
2026-07-04,Keyboard,Accessories,West,10,3204.26,219.59
2026-06-25,Speaker,Accessories,East,5,2531.25,571.91
2026-06-24,Headphones,Accessories,North,8,2607.02,392.29
2026-06-30,Speaker,Accessories,East,9,2489.11,491.65
2026-06-16,Mouse,Accessories,East,7,2840.35,639.57
2026-06-25,Camera,Electronics,East,4,1457.32,222.66
2026-06-28,Laptop,Electronics,South,8,383.88,28.22
2026-06-17,Laptop,Electronics,North,1,1654.89,97.23
2026-07-09,Mouse,Accessories,East,3,3280.08,747.16
2026-07-09,Laptop,Electronics,North,5,3645.9,273.04
2026-07-07,Printer,Office,South,6,1438.4,99.63
2026-07-04,Speaker,Accessories,East,4,689.88,192.08
2026-07-08,Laptop,Electronics,East,4,1038.68,113.16
2026-06-23,Tablet,Electronics,South,5,862.22,183.67
2026-07-07,Mobile,Electronics,North,6,1720.77,95.97
2026-07-07,Monitor,Electronics,South,8,1828.23,318.48
2026-06-17,Tablet,Electronics,East,3,2444.46,658.04
2026-06-21,Mouse,Accessories,South,2,2149.78,603.08
2026-07-02,Monitor,Electronics,North,2,905.22,270.34
2026-06-25,Speaker,Accessories,North,6,4449.12,861.4
2026-06-20,Mouse,Accessories,West,9,321.22,56.28
2026-06-17,Printer,Office,West,2,1706.83,341.98
2026-06-14,Speaker,Accessories,East,10,2330.21,357.04
2026-06-20,Speaker,Accessories,North,4,3702.33,369.72
2026-06-30,Camera,Electronics,East,7,4551.38,965.19
2026-06-24,Keyboard,Accessories,South,4,3689.15,829.59
2026-06-14,Tablet,Electronics,South,4,3610.26,901.69
2026-07-11,Headphones,Accessories,South,2,3893.43,217.55
2026-06-24,Laptop,Electronics,West,1,2334.82,636.82
2026-07-02,Mouse,Accessories,West,3,1786.41,204.55
2026-06-13,Mobile,Electronics,North,1,3575.5,729.96
2026-06-24,Laptop,Electronics,South,9,4463.01,1291.92
2026-06-30,Printer,Office,North,4,2149.88,211.68
2026-07-02,Laptop,Electronics,North,9,4441.81,1112.73
2026-07-10,Keyboard,Accessories,West,10,4225.7,375.41
2026-06-19,Keyboard,Accessories,South,6,1505.44,120.57
2026-07-02,Camera,Electronics,West,9,2187.85,303.13
2026-07-09,Mobile,Electronics,North,5,176.29,37.82
2026-07-03,Headphones,Accessories,North,8,4183.99,908.6
2026-06-19,Keyboard,Accessories,South,4,3654.51,919.83
2026-07-03,Mobile,Electronics,South,8,3327.77,356.39
2026-07-10,Mobile,Electronics,South,2,3702.97,256.37
2026-06-14,Laptop,Electronics,West,7,2915.2,392.65
2026-07-10,Mobile,Electronics,East,10,3146.23,648.41
2026-07-06,Camera,Electronics,East,8,419.69,57.87
2026-07-08,Mouse,Accessories,North,2,144.03,36.05
2026-06-13,Printer,Office,South,5,3884.22,218.07
2026-06-23,Speaker,Accessories,East,9,1982.73,375.29
2026-06-21,Camera,Electronics,North,5,555.65,108.05
2026-07-06,Tablet,Electronics,South,6,4708.74,1043.32
2026-07-12,Laptop,Electronics,South,9,382.85,53.09
2026-06-21,Tablet,Electronics,East,10,2125.82,255.41
2026-06-17,Monitor,Electronics,North,4,4939.52,379.04
2026-07-08,Printer,Office,West,5,3904.94,375.05
2026-07-04,Speaker,Accessories,North,7,645.01,161.85
2026-06-27,Speaker,Accessories,East,1,1413.71,171.57
2026-06-15,Camera,Electronics,East,6,3934.93,1098.36
2026-07-11,Mobile,Electronics,West,3,3594.79,397.97
2026-06-16,Speaker,Accessories,West,10,4126.22,501.57
2026-06-26,Printer,Office,South,10,3141.36,718.3
2026-07-04,Mobile,Electronics,South,3,347.87,71.89
2026-07-07,Printer,Office,East,8,2722.23,198.18
2026-07-07,Camera,Electronics,South,1,3498.1,274.63
2026-07-11,Headphones,Accessories,South,2,3170.38,656.25
2026-06-14,Camera,Electronics,North,10,3954.07,955.31
2026-07-10,Speaker,Accessories,South,6,2549.02,243.03
2026-07-11,Mouse,Accessories,East,7,3899.86,565.13
2026-07-01,Camera,Electronics,North,5,3730.02,623.98
2026-07-08,Camera,Electronics,North,8,4995.81,266.61
2026-07-10,Mouse,Accessories,South,9,3182.17,547.25
2026-06-28,Printer,Office,East,1,1335.71,164.95
2026-07-11,Mouse,Accessories,West,2,1521.71,275.97
2026-06-26,Speaker,Accessories,West,2,4383.87,1093.45
2026-06-25,Monitor,Electronics,East,10,383.16,74.09
2026-07-04,Keyboard,Accessories,West,6,2494.9,671.88
2026-06-21,Tablet,Electronics,East,6,4639.18,510.91
2026-06-17,Camera,Electronics,North,5,1213.8,278.49
2026-07-03,Mobile,Electronics,West,9,2269.49,650.13
2026-06-28,Headphones,Accessories,East,6,2553.08,250.21
2026-06-15,Laptop,Electronics,East,8,375.07,101.95
2026-06-12,Monitor,Electronics,South,9,1044.97,227.74
2026-07-03,Keyboard,Accessories,North,4,734.65,206.31
2026-07-01,Speaker,Accessories,East,2,2075.73,341.26
2026-07-10,Mobile,Electronics,North,1,2841.72,682.4
2026-06-14,Printer,Office,East,10,4145.65,1158.96
2026-06-28,Camera,Electronics,West,2,256.55,76.89
2026-06-13,Keyboard,Accessories,South,3,2522.2,674.43
2026-07-03,Mobile,Electronics,South,6,2749.33,452.57
2026-06-30,Headphones,Accessories,North,9,1146.16,222.6
2026-06-23,Headphones,Accessories,South,10,1941.42,149.62
2026-06-29,Printer,Office,North,6,4774.41,455.56
2026-06-26,Speaker,Accessories,North,6,1564.0,282.54
2026-07-04,Speaker,Accessories,West,5,461.4,132.72
2026-06-20,Printer,Office,North,1,2314.05,217.46
2026-06-20,Tablet,Electronics,West,2,579.93,84.44
2026-06-14,Monitor,Electronics,West,7,580.1,123.59
2026-07-10,Laptop,Electronics,West,1,4824.12,660.03
2026-06-26,Mouse,Accessories,North,6,1425.36,99.1
2026-06-13,Printer,Office,West,7,4958.82,1267.33
2026-06-26,Keyboard,Accessories,East,4,2329.19,145.48
2026-06-29,Printer,Office,North,8,2758.17,464.81
2026-06-22,Mouse,Accessories,East,4,3678.69,248.31
2026-07-06,Headphones,Accessories,South,5,4108.41,1105.23
2026-06-13,Headphones,Accessories,East,6,3559.58,948.51
2026-06-15,Mobile,Electronics,South,10,4103.75,809.04
2026-07-01,Mouse,Accessories,West,3,1407.95,330.74
2026-07-02,Laptop,Electronics,North,8,2683.39,614.79
2026-06-29,Printer,Office,East,6,4329.2,360.39
2026-06-23,Speaker,Accessories,North,1,1844.76,200.81
2026-07-07,Laptop,Electronics,North,2,2991.95,796.99
2026-06-25,Mobile,Electronics,North,4,2457.1,470.44
2026-06-20,Speaker,Accessories,South,2,2537.99,632.57
2026-07-06,Speaker,Accessories,East,7,1253.75,290.3
2026-07-10,Tablet,Electronics,North,7,4670.04,875.88
2026-07-02,Mobile,Electronics,South,8,879.47,116.43
2026-06-18,Speaker,Accessories,West,5,1038.67,154.39
2026-06-14,Printer,Office,South,3,2142.13,423.62
2026-06-22,Monitor,Electronics,East,4,1045.92,261.99
2026-06-12,Monitor,Electronics,South,2,3964.74,577.2
2026-07-02,Printer,Office,West,9,4662.99,1262.51
2026-06-16,Tablet,Electronics,South,6,4311.58,356.79
2026-06-21,Mobile,Electronics,North,9,173.58,51.74
2026-06-23,Tablet,Electronics,East,9,743.46,85.27
2026-07-12,Laptop,Electronics,East,5,4357.48,1285.24
2026-06-16,Laptop,Electronics,West,8,2666.64,686.08
2026-06-19,Tablet,Electronics,East,8,4698.35,1280.49
2026-06-19,Printer,Office,South,5,3683.33,610.97
2026-06-28,Mouse,Accessories,South,3,2404.62,665.14
2026-06-14,Speaker,Accessories,West,1,1727.32,135.44
2026-06-24,Mouse,Accessories,West,2,2235.44,333.94
2026-07-10,Headphones,Accessories,West,4,2799.26,242.29
2026-06-30,Tablet,Electronics,West,4,3784.7,243.4
2026-07-09,Printer,Office,North,2,1019.99,180.23
2026-07-10,Mobile,Electronics,North,8,2924.85,394.37
2026-06-29,Mouse,Accessories,South,5,420.54,21.91
2026-06-30,Camera,Electronics,North,2,612.14,77.38
2026-07-08,Speaker,Accessories,West,5,241.33,50.96
2026-07-01,Printer,Office,North,3,1671.23,321.21
2026-06-27,Speaker,Accessories,South,9,4944.55,1481.22
2026-07-07,Keyboard,Accessories,East,5,2249.89,314.98
2026-06-27,Speaker,Accessories,North,10,1311.14,278.47
2026-07-06,Printer,Office,South,9,4859.1,406.54
2026-06-29,Monitor,Electronics,South,8,2221.39,339.04
2026-06-18,Laptop,Electronics,North,10,4928.2,827.97
2026-06-28,Printer,Office,East,8,2132.11,598.75
2026-06-21,Mouse,Accessories,South,7,3346.17,914.13
2026-07-09,Keyboard,Accessories,South,10,1102.71,187.27
2026-06-12,Mobile,Electronics,East,3,3453.39,696.6
2026-07-06,Mouse,Accessories,East,6,142.07,22.0
2026-06-22,Mobile,Electronics,North,8,538.67,64.54
2026-07-11,Tablet,Electronics,West,6,254.76,50.82
2026-07-02,Mobile,Electronics,East,6,3213.81,534.82
2026-06-17,Mouse,Accessories,East,3,4513.21,808.59
2026-06-20,Keyboard,Accessories,South,10,3057.4,914.72
2026-07-12,Mouse,Accessories,West,9,4385.11,1255.87
2026-07-05,Speaker,Accessories,East,10,792.85,94.66
2026-06-14,Speaker,Accessories,West,5,2765.51,626.94
2026-06-18,Mobile,Electronics,East,6,2122.97,524.2
2026-06-28,Mouse,Accessories,East,4,731.4,53.48
2026-06-26,Printer,Office,South,8,4664.7,1355.59
2026-07-11,Printer,Office,West,2,2368.96,682.58
2026-06-28,Mobile,Electronics,North,6,3308.45,947.67
2026-07-11,Monitor,Electronics,West,4,1183.7,285.15
2026-06-26,Printer,Office,North,4,272.01,22.09
2026-07-02,Laptop,Electronics,North,8,4756.07,611.94
2026-07-02,Printer,Office,East,10,3374.92,474.85
2026-06-16,Keyboard,Accessories,East,6,2375.03,690.12
2026-07-03,Camera,Electronics,West,10,4303.26,240.67
2026-06-18,Mobile,Electronics,South,1,4274.48,1020.87
2026-07-02,Mouse,Accessories,East,5,216.38,63.3
2026-06-20,Printer,Office,South,5,2279.83,625.0
2026-06-15,Speaker,Accessories,North,6,1511.15,394.06
2026-07-09,Tablet,Electronics,East,2,2063.38,210.14
2026-07-04,Mobile,Electronics,East,10,2717.36,211.41
2026-06-12,Headphones,Accessories,North,5,4931.19,920.69
2026-06-30,Keyboard,Accessories,South,4,3249.17,336.13
2026-07-12,Printer,Office,East,3,3648.05,861.16
2026-07-07,Mouse,Accessories,East,6,804.97,54.95
2026-06-24,Tablet,Electronics,West,6,3679.52,1032.01
2026-07-06,Tablet,Electronics,North,6,1422.75,308.99
2026-07-01,Mobile,Electronics,West,4,295.46,73.27
2026-06-15,Keyboard,Accessories,East,7,4024.97,271.61
2026-07-07,Speaker,Accessories,West,4,1362.78,360.62
2026-06-14,Headphones,Accessories,North,10,2358.49,345.61
2026-06-23,Headphones,Accessories,West,10,4225.59,316.18
2026-07-05,Laptop,Electronics,South,7,479.75,54.65
2026-06-28,Speaker,Accessories,West,2,1620.09,142.59
2026-07-08,Laptop,Electronics,East,10,337.68,42.1
2026-07-10,Printer,Office,East,1,616.24,67.12
2026-06-16,Tablet,Electronics,South,6,4006.41,982.17
2026-06-16,Mouse,Accessories,East,3,1666.61,110.96
2026-07-10,Mouse,Accessories,North,2,3272.41,911.42
2026-06-15,Laptop,Electronics,South,2,2155.9,360.28
2026-06-13,Laptop,Electronics,South,4,3692.03,513.35
2026-06-17,Mouse,Accessories,East,8,1961.05,341.68
2026-06-21,Monitor,Electronics,East,9,2272.09,173.19
2026-06-23,Printer,Office,North,2,1484.71,310.77
2026-06-21,Keyboard,Accessories,West,4,2584.08,600.45
2026-07-07,Printer,Office,East,3,4742.47,495.82
2026-07-08,Laptop,Electronics,North,3,2757.64,378.39
2026-06-12,Headphones,Accessories,South,5,1850.65,407.98
2026-07-04,Printer,Office,West,10,485.64,117.72
2026-07-10,Mouse,Accessories,North,2,4582.76,366.76
2026-06-24,Monitor,Electronics,East,1,4680.79,933.74
2026-06-23,Mouse,Accessories,East,3,2985.19,725.06
2026-06-25,Monitor,Electronics,South,4,4572.62,514.76
2026-07-04,Keyboard,Accessories,East,6,2892.77,349.33
2026-06-20,Speaker,Accessories,South,6,3821.72,717.95
2026-06-15,Monitor,Electronics,West,2,2911.38,388.1
2026-06-18,Printer,Office,South,7,857.17,211.95
2026-07-04,Mouse,Accessories,East,7,4753.07,314.8
2026-06-26,Tablet,Electronics,North,10,3812.14,513.59
2026-06-23,Keyboard,Accessories,North,8,4734.06,578.33
2026-07-08,Camera,Electronics,North,10,2743.24,519.86
2026-06-19,Monitor,Electronics,East,2,2146.46,333.59
2026-06-13,Mouse,Accessories,West,5,4314.88,495.15
2026-06-28,Speaker,Accessories,East,9,1170.32,350.45
2026-06-27,Headphones,Accessories,East,2,1559.65,425.05
2026-06-22,Monitor,Electronics,North,9,3632.95,288.97
2026-07-02,Tablet,Electronics,South,9,431.44,109.62
2026-07-07,Laptop,Electronics,North,4,4556.75,750.4
2026-06-30,Monitor,Electronics,North,2,1083.27,255.71
2026-06-20,Headphones,Accessories,South,4,1867.51,487.77
2026-06-22,Tablet,Electronics,West,7,2281.02,218.85
2026-07-05,Printer,Office,North,7,435.01,105.96
2026-06-14,Headphones,Accessories,East,9,3631.54,574.89
2026-06-20,Printer,Office,South,7,1609.63,177.0
2026-06-16,Speaker,Accessories,North,8,1479.66,140.63
2026-06-21,Speaker,Accessories,West,4,1214.22,249.98
2026-07-11,Mobile,Electronics,North,8,2441.71,210.14
2026-07-04,Laptop,Electronics,North,1,4223.73,992.35
2026-06-26,Speaker,Accessories,South,7,1046.44,134.59
2026-06-29,Laptop,Electronics,East,10,2492.15,490.52
2026-06-13,Laptop,Electronics,East,3,4350.49,1119.99
2026-06-30,Mobile,Electronics,North,10,4071.88,673.02
2026-07-04,Laptop,Electronics,South,7,4122.06,1046.54
2026-06-15,Headphones,Accessories,South,6,4002.06,476.65
2026-06-25,Mouse,Accessories,East,2,4633.5,839.44
2026-06-19,Monitor,Electronics,North,6,3365.3,410.5
2026-07-04,Laptop,Electronics,East,9,3197.94,851.34
2026-07-01,Monitor,Electronics,South,4,1363.04,197.28
2026-06-16,Printer,Office,South,1,671.42,125.66
2026-07-04,Headphones,Accessories,East,10,4359.69,795.73
2026-06-25,Monitor,Electronics,South,8,2410.81,270.34
2026-07-10,Speaker,Accessories,West,4,3630.43,465.36
2026-07-03,Monitor,Electronics,South,3,4668.39,1107.17
2026-06-30,Speaker,Accessories,East,5,1774.99,349.5
2026-07-11,Speaker,Accessories,North,6,1000.08,116.67
2026-06-15,Laptop,Electronics,North,1,2601.96,301.37
2026-06-17,Mouse,Accessories,East,5,4889.13,1359.74
2026-07-08,Tablet,Electronics,South,2,2795.17,275.52
2026-06-22,Printer,Office,North,9,4889.11,673.82
2026-06-15,Keyboard,Accessories,South,5,1938.67,355.51
2026-07-08,Tablet,Electronics,East,9,2928.83,611.08
2026-06-30,Mobile,Electronics,North,10,3175.26,368.82
2026-07-10,Headphones,Accessories,East,6,1246.38,80.39
2026-07-11,Camera,Electronics,East,5,2643.52,416.18
2026-07-12,Headphones,Accessories,North,10,2450.04,605.75
2026-06-20,Camera,Electronics,West,4,3847.24,601.83
2026-07-01,Camera,Electronics,South,3,3187.67,908.6
2026-07-10,Headphones,Accessories,North,1,533.91,100.12
2026-06-28,Mobile,Electronics,West,6,1526.86,412.21
2026-06-25,Monitor,Electronics,South,4,4800.01,483.12
2026-06-14,Keyboard,Accessories,North,9,1784.21,323.29
2026-07-06,Speaker,Accessories,South,5,4846.98,938.71
2026-06-28,Printer,Office,East,8,648.54,83.57
2026-06-14,Headphones,Accessories,West,1,3744.46,386.02
2026-07-02,Mouse,Accessories,West,9,2537.52,296.49
2026-07-02,Headphones,Accessories,West,3,3653.49,308.42
2026-06-30,Mobile,Electronics,North,4,1680.62,264.8
2026-06-13,Keyboard,Accessories,South,6,2458.16,541.29
2026-07-06,Mouse,Accessories,South,2,1570.67,416.4
2026-06-22,Keyboard,Accessories,North,6,1141.78,142.62
2026-07-12,Mobile,Electronics,North,9,1583.15,363.38
2026-07-11,Keyboard,Accessories,East,7,1704.88,220.51
2026-07-01,Monitor,Electronics,West,9,4976.34,555.13
2026-07-07,Laptop,Electronics,West,1,1122.84,320.5
2026-07-03,Speaker,Accessories,North,6,2536.3,456.5
2026-07-03,Printer,Office,North,3,4011.01,453.53
2026-07-04,Camera,Electronics,East,8,2134.41,487.23
2026-06-24,Laptop,Electronics,South,9,4446.69,1210.05
2026-06-18,Headphones,Accessories,South,6,2569.55,241.34
2026-06-17,Headphones,Accessories,East,4,4760.86,258.22
2026-07-09,Monitor,Electronics,North,9,2704.49,518.63
2026-06-12,Laptop,Electronics,West,5,4584.98,680.49
2026-07-07,Mobile,Electronics,West,1,1101.53,110.73
2026-06-22,Keyboard,Accessories,East,2,2297.71,322.23
2026-06-16,Laptop,Electronics,South,7,3694.5,1086.23
2026-07-07,Mobile,Electronics,East,4,1719.36,300.49
2026-06-28,Tablet,Electronics,East,9,1546.32,278.09
2026-06-15,Mobile,Electronics,South,10,649.17,176.2
2026-06-25,Speaker,Accessories,North,7,1026.7,190.51
2026-07-05,Monitor,Electronics,South,7,3157.22,440.88
2026-06-15,Printer,Office,East,1,602.64,90.52
2026-06-24,Camera,Electronics,East,10,3566.57,705.52
2026-06-24,Mouse,Accessories,South,7,4967.78,515.68
2026-06-21,Mobile,Electronics,West,6,3339.44,704.46
2026-06-15,Speaker,Accessories,West,8,3457.43,403.9
2026-07-08,Laptop,Electronics,West,7,1139.26,211.14
2026-07-08,Camera,Electronics,North,1,896.62,254.91
2026-06-17,Mobile,Electronics,East,10,1523.08,381.08
2026-07-11,Speaker,Accessories,East,5,1201.19,348.62
2026-06-27,Printer,Office,South,8,2759.17,789.5
2026-07-03,Tablet,Electronics,East,8,4851.86,1276.36
2026-07-11,Speaker,Accessories,South,10,2554.62,698.63
2026-06-26,Keyboard,Accessories,North,10,2344.19,596.96
2026-06-26,Camera,Electronics,South,6,3397.45,935.94
2026-07-02,Printer,Office,South,5,1959.65,400.08
2026-06-15,Monitor,Electronics,South,10,877.55,199.03
2026-06-19,Laptop,Electronics,West,4,638.98,76.92
2026-06-26,Mobile,Electronics,North,4,2812.69,198.61
2026-06-27,Speaker,Accessories,North,4,1319.42,374.55
2026-06-25,Monitor,Electronics,West,7,4671.27,630.03
2026-06-21,Laptop,Electronics,North,3,2284.7,573.06
2026-06-27,Keyboard,Accessories,East,1,1618.87,415.77
2026-07-04,Tablet,Electronics,East,10,3149.13,248.95
2026-07-05,Laptop,Electronics,West,8,2207.9,357.88
2026-06-25,Camera,Electronics,East,7,3858.41,316.24
2026-06-17,Speaker,Accessories,East,7,4905.82,576.52
2026-07-04,Camera,Electronics,East,6,3402.03,889.93
2026-06-14,Keyboard,Accessories,North,10,1790.9,209.01
2026-06-14,Speaker,Accessories,South,6,3229.46,479.46
2026-06-23,Keyboard,Accessories,North,10,615.15,109.9
2026-06-13,Keyboard,Accessories,West,6,2004.81,446.2
2026-06-22,Keyboard,Accessories,South,9,2632.66,397.39
2026-06-26,Camera,Electronics,West,8,3665.52,833.53
2026-07-03,Speaker,Accessories,South,5,2580.69,233.72
2026-07-01,Monitor,Electronics,East,4,4328.72,603.95
2026-06-12,Keyboard,Accessories,South,5,3772.03,449.09
2026-06-25,Monitor,Electronics,West,5,4496.76,1324.45
2026-06-15,Monitor,Electronics,North,2,754.1,222.2
2026-07-10,Speaker,Accessories,South,1,1481.7,440.05
2026-07-02,Laptop,Electronics,East,3,2425.14,280.05
2026-07-10,Printer,Office,North,4,3240.23,315.23
2026-06-20,Monitor,Electronics,West,4,2430.09,408.39
2026-07-02,Monitor,Electronics,South,3,3544.74,493.54
2026-07-05,Mobile,Electronics,North,3,696.55,82.64
2026-07-07,Speaker,Accessories,North,5,3132.3,759.78
2026-06-26,Speaker,Accessories,North,10,4844.26,746.84
2026-07-08,Tablet,Electronics,North,5,3196.72,921.07
2026-06-18,Keyboard,Accessories,North,2,109.95,30.99
2026-06-17,Mobile,Electronics,West,7,4779.5,1385.56
2026-06-18,Camera,Electronics,West,3,3934.08,604.6
2026-06-17,Laptop,Electronics,East,7,3662.57,825.73
2026-07-09,Mouse,Accessories,East,2,1633.26,477.44
2026-07-10,Mouse,Accessories,East,5,2719.57,689.9
2026-07-03,Mouse,Accessories,East,3,2471.67,467.03
2026-06-13,Mouse,Accessories,South,8,3029.09,222.01
2026-06-12,Keyboard,Accessories,South,9,4281.77,805.88
2026-06-29,Mobile,Electronics,North,10,2225.54,324.14
2026-07-10,Printer,Office,East,9,773.52,185.68
2026-06-20,Printer,Office,North,2,1942.93,279.82
2026-07-06,Headphones,Accessories,South,3,878.56,237.72
2026-07-09,Tablet,Electronics,South,5,537.19,51.21
2026-07-06,Tablet,Electronics,South,3,1717.22,173.84
2026-07-09,Tablet,Electronics,South,2,2321.5,193.9
2026-06-15,Mouse,Accessories,South,3,2964.66,357.62
2026-06-12,Headphones,Accessories,North,1,2439.17,692.35
2026-06-23,Laptop,Electronics,North,7,3903.67,1117.82
2026-06-15,Camera,Electronics,South,1,1938.37,417.92
2026-07-09,Keyboard,Accessories,North,2,2902.54,197.85
2026-06-24,Mouse,Accessories,South,6,3958.82,612.03
2026-06-23,Tablet,Electronics,South,10,3564.17,825.68
2026-07-06,Laptop,Electronics,South,9,4017.37,715.98
2026-07-03,Speaker,Accessories,South,7,500.24,33.79
2026-07-03,Speaker,Accessories,South,5,3276.83,748.29
2026-07-03,Speaker,Accessories,West,7,2206.1,353.63
2026-06-27,Tablet,Electronics,East,10,1870.16,249.88
2026-06-20,Laptop,Electronics,North,1,3624.73,949.15
2026-06-12,Tablet,Electronics,East,6,602.77,154.37
2026-06-14,Mouse,Accessories,West,9,4086.22,862.67
2026-07-08,Headphones,Accessories,South,7,2556.97,386.04
2026-07-03,Camera,Electronics,South,3,2403.73,306.71
2026-06-18,Mobile,Electronics,North,3,1398.23,288.22
2026-06-14,Printer,Office,East,4,126.2,19.01
2026-07-10,Tablet,Electronics,North,2,1640.84,440.64
2026-06-30,Monitor,Electronics,South,3,4936.76,640.4
2026-06-22,Mouse,Accessories,East,10,268.93,33.97
2026-06-24,Tablet,Electronics,East,6,3463.6,243.67
2026-07-09,Mobile,Electronics,East,10,966.96,124.68
2026-06-18,Keyboard,Accessories,South,1,2371.02,214.14
2026-06-29,Tablet,Electronics,North,1,881.07,223.28
2026-06-29,Keyboard,Accessories,West,3,2492.4,181.61
2026-06-17,Laptop,Electronics,East,8,2690.73,440.8
2026-07-05,Headphones,Accessories,East,4,3116.54,443.91
2026-06-22,Printer,Office,South,6,214.87,42.48
2026-06-27,Mobile,Electronics,West,4,4482.64,1278.78
2026-06-16,Tablet,Electronics,North,6,619.86,50.63
2026-07-08,Printer,Office,West,10,4652.4,1345.83
2026-06-20,Headphones,Accessories,West,1,2684.25,321.6
2026-07-06,Laptop,Electronics,East,4,3810.83,655.22
2026-07-05,Printer,Office,North,7,4430.15,887.57
2026-07-09,Mobile,Electronics,North,4,3176.82,909.47
2026-06-27,Speaker,Accessories,East,7,1410.55,281.82
2026-07-04,Monitor,Electronics,East,1,4161.1,904.82
2026-07-10,Camera,Electronics,East,3,4157.66,943.47
2026-07-02,Keyboard,Accessories,East,9,3074.18,410.31
2026-07-09,Keyboard,Accessories,West,3,473.03,95.07
2026-07-09,Headphones,Accessories,North,5,757.96,46.08
2026-06-20,Mouse,Accessories,South,6,4781.74,486.11
2026-07-06,Camera,Electronics,South,6,4982.81,1215.23
2026-07-04,Tablet,Electronics,South,8,512.47,126.57
2026-06-28,Tablet,Electronics,North,6,1274.29,263.55
2026-06-27,Monitor,Electronics,North,6,1218.41,154.98
2026-06-28,Keyboard,Accessories,West,7,717.13,78.28
2026-06-27,Monitor,Electronics,East,1,291.67,72.33
2026-07-11,Speaker,Accessories,South,10,1618.06,232.07
2026-06-15,Mouse,Accessories,South,5,2315.82,688.77
2026-06-18,Printer,Office,West,2,4047.71,257.72
2026-07-09,Headphones,Accessories,South,2,4343.11,499.86
2026-07-04,Keyboard,Accessories,West,10,2331.85,675.82
2026-07-01,Mobile,Electronics,West,2,150.53,15.09
2026-06-22,Printer,Office,East,4,1515.6,275.56
2026-06-21,Mobile,Electronics,West,8,3818.46,225.96
2026-07-01,Mobile,Electronics,East,5,841.38,146.9
2026-06-23,Laptop,Electronics,West,3,3947.26,239.65
2026-06-16,Monitor,Electronics,North,5,213.38,14.14
2026-06-18,Printer,Office,West,6,3623.31,192.07
2026-06-17,Keyboard,Accessories,North,3,3979.37,1153.21
2026-07-04,Headphones,Accessories,East,7,2244.58,458.79
2026-06-23,Monitor,Electronics,North,3,4014.6,304.78
2026-06-14,Mobile,Electronics,North,4,2792.42,788.66
2026-06-14,Headphones,Accessories,South,1,2218.09,396.22
2026-07-09,Mobile,Electronics,East,9,2485.55,319.65
2026-07-12,Printer,Office,North,8,1336.62,372.32
2026-07-08,Headphones,Accessories,West,1,2492.18,498.01
2026-07-10,Tablet,Electronics,East,7,3995.7,373.08
2026-06-17,Laptop,Electronics,North,9,149.78,21.17
2026-06-25,Laptop,Electronics,North,2,2759.75,625.86
2026-06-20,Mouse,Accessories,South,3,889.8,192.55
2026-06-23,Camera,Electronics,North,2,4364.03,325.15
2026-07-09,Laptop,Electronics,East,4,2380.72,285.57
2026-06-25,Mobile,Electronics,East,8,2476.11,384.5
2026-07-08,Camera,Electronics,West,7,2298.01,630.2
2026-07-11,Mouse,Accessories,West,6,2731.0,776.81
2026-06-14,Laptop,Electronics,South,6,2226.63,262.28
2026-06-24,Headphones,Accessories,West,8,704.48,61.98
2026-07-05,Headphones,Accessories,South,6,2043.68,213.24
2026-06-19,Mobile,Electronics,North,5,1060.36,130.7
2026-06-24,Laptop,Electronics,East,3,4253.41,709.32
2026-07-02,Speaker,Accessories,West,8,2629.64,394.46
2026-06-17,Monitor,Electronics,South,10,3766.45,904.13
2026-06-16,Laptop,Electronics,East,5,1860.53,392.21
2026-06-26,Laptop,Electronics,West,8,4290.52,863.37
2026-06-27,Tablet,Electronics,South,8,3472.74,675.48
2026-06-26,Tablet,Electronics,North,10,598.12,166.46
2026-06-13,Monitor,Electronics,West,1,505.52,56.17
2026-06-13,Camera,Electronics,South,10,4720.51,747.53
2026-06-23,Printer,Office,West,7,4323.38,1048.31
2026-06-27,Mouse,Accessories,North,7,4508.78,1113.64
2026-06-20,Camera,Electronics,North,5,1510.39,425.93
2026-06-27,Tablet,Electronics,South,2,4066.48,1090.78
2026-06-24,Laptop,Electronics,East,6,3968.67,662.13
2026-07-12,Monitor,Electronics,East,7,4540.38,1126.72
2026-06-16,Laptop,Electronics,East,1,4490.04,969.57
2026-06-17,Camera,Electronics,North,1,4841.24,510.86
2026-06-27,Printer,Office,East,7,4608.09,629.84
2026-07-07,Printer,Office,West,5,2897.25,761.87
2026-06-26,Laptop,Electronics,North,7,3567.48,365.47
2026-07-09,Keyboard,Accessories,North,4,3213.84,199.01
2026-06-29,Mobile,Electronics,East,5,1110.04,225.29
2026-06-23,Printer,Office,West,3,4602.16,567.46
2026-07-11,Mobile,Electronics,East,8,2059.39,169.16
2026-06-23,Keyboard,Accessories,South,4,2248.64,432.77
2026-06-17,Keyboard,Accessories,North,10,4449.82,623.71
2026-07-12,Tablet,Electronics,West,6,1169.15,162.38
2026-06-22,Speaker,Accessories,South,8,3112.57,223.93
2026-06-15,Speaker,Accessories,East,9,1395.0,247.15
2026-06-19,Camera,Electronics,South,4,3152.54,366.2
2026-07-06,Keyboard,Accessories,East,1,2277.46,145.26
2026-06-23,Mobile,Electronics,East,2,2879.64,635.66
2026-07-10,Headphones,Accessories,North,1,350.76,26.33
2026-06-16,Headphones,Accessories,West,8,104.97,23.57
2026-06-24,Mouse,Accessories,North,3,4444.8,964.17
2026-06-22,Camera,Electronics,North,5,4869.24,1238.06
2026-06-29,Headphones,Accessories,West,4,4093.65,999.6
2026-06-23,Camera,Electronics,North,9,1113.23,233.81
2026-06-15,Mobile,Electronics,West,8,4490.44,840.68
2026-06-27,Mobile,Electronics,North,1,2455.73,422.0
2026-06-25,Laptop,Electronics,East,4,2892.08,824.75
2026-06-17,Tablet,Electronics,South,4,4698.19,610.63
2026-06-25,Headphones,Accessories,South,5,1706.79,165.11
2026-06-25,Tablet,Electronics,South,7,2280.78,328.29
2026-07-10,Tablet,Electronics,South,1,4599.96,870.53
2026-06-22,Headphones,Accessories,East,4,1556.09,427.53
2026-06-28,Speaker,Accessories,East,4,318.29,28.07
2026-07-03,Printer,Office,South,1,4507.37,791.83
2026-07-12,Keyboard,Accessories,West,7,3045.49,290.31
2026-06-23,Headphones,Accessories,West,2,944.49,272.59
2026-07-11,Mobile,Electronics,North,10,3165.0,396.85
2026-06-16,Headphones,Accessories,East,1,262.32,78.04
2026-07-12,Tablet,Electronics,North,4,188.89,12.68
2026-06-30,Laptop,Electronics,East,9,2627.07,310.91
2026-06-13,Speaker,Accessories,West,1,1767.66,293.95
2026-06-27,Tablet,Electronics,West,9,1581.91,459.75
2026-07-08,Tablet,Electronics,West,7,3706.0,1067.49
2026-06-19,Tablet,Electronics,East,4,4201.52,667.99
2026-07-01,Laptop,Electronics,South,9,1197.68,99.87
2026-06-14,Speaker,Accessories,West,5,2898.35,390.34
2026-07-02,Tablet,Electronics,North,4,996.57,109.63
2026-07-10,Monitor,Electronics,South,9,430.42,99.52
2026-07-12,Mobile,Electronics,South,7,732.14,185.66
2026-06-20,Headphones,Accessories,West,5,1186.61,73.13
2026-06-14,Headphones,Accessories,South,3,4486.24,328.0
2026-06-26,Keyboard,Accessories,West,3,3307.33,814.78
2026-07-07,Laptop,Electronics,East,3,1246.3,242.15
2026-06-26,Mobile,Electronics,North,8,3143.07,625.01
2026-06-20,Mobile,Electronics,North,3,295.2,86.0
2026-06-25,Laptop,Electronics,North,9,3808.18,837.33
2026-06-22,Tablet,Electronics,North,6,3456.29,883.83
2026-06-16,Headphones,Accessories,East,5,2698.48,617.99
2026-06-15,Mouse,Accessories,West,4,1619.75,385.84
2026-07-04,Mobile,Electronics,East,8,3069.12,288.79
2026-06-30,Camera,Electronics,East,2,1115.78,252.81
2026-07-10,Camera,Electronics,South,10,2381.81,133.61
2026-07-07,Keyboard,Accessories,South,7,4239.15,321.71
2026-06-25,Mouse,Accessories,South,2,4334.01,483.96
2026-06-23,Mouse,Accessories,East,4,2380.47,592.75
2026-06-13,Mobile,Electronics,North,4,2398.95,489.82
2026-06-29,Headphones,Accessories,North,8,3215.67,641.83
2026-07-09,Camera,Electronics,East,9,2174.3,508.85
2026-07-06,Printer,Office,North,8,2038.28,141.74
2026-06-22,Monitor,Electronics,West,7,3879.25,882.18
2026-06-20,Monitor,Electronics,North,2,4626.77,465.26
2026-07-03,Tablet,Electronics,East,10,2551.5,605.72
2026-07-05,Speaker,Accessories,West,5,2972.37,238.56
2026-06-27,Keyboard,Accessories,South,8,845.08,84.08
2026-07-02,Laptop,Electronics,West,5,4490.21,474.57
2026-06-20,Speaker,Accessories,East,9,2507.07,559.34
2026-06-15,Keyboard,Accessories,South,7,1631.97,323.01
2026-06-19,Keyboard,Accessories,South,3,4979.02,766.29
2026-06-16,Mouse,Accessories,West,1,3256.19,175.42
2026-06-25,Camera,Electronics,West,3,1168.8,287.02
2026-06-24,Mouse,Accessories,East,8,2044.1,253.09
2026-07-04,Headphones,Accessories,North,3,2607.03,257.8
2026-06-19,Camera,Electronics,South,10,2213.57,390.37
2026-07-06,Camera,Electronics,South,5,419.53,63.08
2026-06-20,Speaker,Accessories,North,7,592.67,147.72
2026-06-25,Printer,Office,North,6,3122.2,871.88
2026-07-06,Printer,Office,South,3,2720.09,612.97
2026-06-12,Speaker,Accessories,North,10,2602.28,304.56
2026-07-11,Printer,Office,West,4,4351.26,787.23
2026-06-21,Camera,Electronics,West,3,2213.1,594.81
2026-06-15,Monitor,Electronics,West,5,1896.83,220.48
2026-07-10,Printer,Office,West,3,3212.68,187.53
2026-06-12,Keyboard,Accessories,South,10,2338.06,518.92
2026-07-09,Camera,Electronics,West,9,627.53,83.69
2026-07-04,Mobile,Electronics,East,10,4861.21,1209.12
2026-07-09,Speaker,Accessories,West,6,3381.04,359.31
2026-06-19,Mouse,Accessories,South,9,1153.66,296.71
2026-06-24,Headphones,Accessories,East,9,3169.0,729.17
2026-06-23,Tablet,Electronics,West,9,1872.19,194.28
2026-07-06,Monitor,Electronics,North,6,4006.33,611.06
2026-06-15,Mobile,Electronics,West,7,4622.32,1352.61
2026-07-10,Mouse,Accessories,West,6,2392.98,300.35
2026-06-24,Mobile,Electronics,West,9,3674.8,948.21
2026-06-25,Keyboard,Accessories,West,7,4592.71,1046.9
2026-07-02,Tablet,Electronics,North,6,1904.47,300.35
2026-06-13,Mouse,Accessories,East,9,2057.93,604.72
2026-06-22,Monitor,Electronics,South,1,2495.3,596.8
2026-07-07,Laptop,Electronics,South,10,4986.32,305.02
2026-06-21,Keyboard,Accessories,West,10,2546.81,481.26
2026-07-01,Monitor,Electronics,West,10,2702.39,148.86
2026-07-04,Headphones,Accessories,South,3,406.19,110.27
2026-06-25,Tablet,Electronics,East,5,3806.9,520.38
2026-07-05,Speaker,Accessories,East,2,4165.61,1195.43
2026-06-29,Keyboard,Accessories,North,1,470.33,114.95
2026-07-12,Mobile,Electronics,West,3,4670.6,606.19
2026-06-15,Mobile,Electronics,South,2,3380.36,793.25
2026-06-24,Tablet,Electronics,West,1,997.14,85.18
2026-06-16,Printer,Office,West,5,1046.74,120.35
2026-06-12,Laptop,Electronics,North,8,3146.9,205.17
2026-06-17,Mouse,Accessories,West,4,2083.71,331.95
2026-06-19,Mouse,Accessories,North,3,2996.76,206.66
2026-06-25,Tablet,Electronics,West,3,3839.12,496.28
2026-06-18,Mouse,Accessories,East,2,4727.83,1272.43
2026-06-19,Printer,Office,South,7,204.99,56.75
2026-06-23,Tablet,Electronics,East,2,822.14,133.15
2026-06-28,Speaker,Accessories,South,9,1191.0,184.0
2026-06-17,Printer,Office,West,7,3965.9,480.13
2026-07-04,Tablet,Electronics,West,8,4409.37,927.92
2026-07-06,Mouse,Accessories,North,2,2874.93,582.41
2026-07-02,Printer,Office,East,8,4260.67,258.07
2026-06-16,Keyboard,Accessories,South,3,1328.15,312.24
2026-07-08,Tablet,Electronics,West,2,3053.24,292.38
2026-07-12,Printer,Office,West,4,3674.34,1028.42
2026-06-16,Keyboard,Accessories,South,7,4205.67,775.92
2026-07-06,Mobile,Electronics,West,7,1919.89,223.75
2026-06-14,Mobile,Electronics,West,1,3130.55,230.17
2026-06-23,Speaker,Accessories,West,3,2226.76,122.04
2026-06-18,Camera,Electronics,West,1,1818.03,365.86
2026-06-14,Headphones,Accessories,South,5,3974.47,1129.43
2026-06-25,Headphones,Accessories,North,10,2710.29,137.32
2026-06-21,Headphones,Accessories,South,5,392.31,63.81
2026-06-17,Mobile,Electronics,North,7,1124.85,196.16
2026-06-28,Monitor,Electronics,South,9,2245.03,182.42
2026-06-16,Camera,Electronics,South,2,631.94,58.49
2026-07-10,Mobile,Electronics,South,7,2938.33,382.87
2026-07-05,Camera,Electronics,West,3,1955.84,282.48
2026-07-06,Laptop,Electronics,West,4,833.14,210.49
2026-07-08,Printer,Office,North,5,254.24,23.79
2026-06-19,Speaker,Accessories,East,9,1687.29,337.01
2026-07-01,Mobile,Electronics,North,3,1705.75,285.74
2026-06-29,Monitor,Electronics,West,5,2375.25,634.81
2026-06-22,Tablet,Electronics,North,8,2154.51,416.32
2026-06-24,Mouse,Accessories,East,4,2996.19,227.09
2026-06-15,Camera,Electronics,South,4,4170.35,695.36
2026-07-04,Printer,Office,East,3,4944.91,345.92
2026-07-07,Headphones,Accessories,East,10,2042.25,517.89
2026-06-28,Speaker,Accessories,North,1,1347.5,73.78
2026-06-25,Camera,Electronics,West,8,4681.45,316.73
2026-07-05,Tablet,Electronics,North,3,893.68,215.25
2026-06-19,Mouse,Accessories,South,9,143.91,26.18
2026-06-18,Mobile,Electronics,West,7,3081.27,382.04
2026-06-12,Monitor,Electronics,South,2,1679.15,167.14
2026-07-10,Speaker,Accessories,East,10,4322.83,855.7
2026-07-05,Speaker,Accessories,South,9,2841.64,355.54
2026-06-19,Mouse,Accessories,North,6,2956.55,582.61
2026-06-22,Monitor,Electronics,North,8,2926.84,868.59
2026-07-05,Printer,Office,North,5,2893.44,277.1
2026-06-26,Monitor,Electronics,East,1,1553.27,331.08
2026-06-28,Speaker,Accessories,North,1,1631.87,224.34
2026-06-24,Keyboard,Accessories,South,10,2305.49,402.65
2026-06-26,Headphones,Accessories,North,10,2248.13,519.69
2026-06-22,Monitor,Electronics,West,1,2871.86,788.74
2026-07-01,Tablet,Electronics,East,6,3061.64,830.13
2026-06-16,Camera,Electronics,South,4,679.81,118.9
2026-06-19,Keyboard,Accessories,South,7,3758.43,1068.83
2026-07-09,Laptop,Electronics,West,9,3231.12,360.58
2026-06-18,Speaker,Accessories,East,3,356.66,60.68
2026-06-20,Tablet,Electronics,North,8,2222.54,567.67
2026-06-12,Headphones,Accessories,East,3,3582.97,817.64
2026-07-11,Monitor,Electronics,West,4,2450.09,511.99
2026-06-25,Mouse,Accessories,South,9,1699.33,470.74
2026-07-06,Headphones,Accessories,South,2,4477.41,1087.38
2026-07-12,Laptop,Electronics,East,1,4924.84,858.57
2026-06-27,Mouse,Accessories,West,3,621.56,86.32
2026-06-21,Laptop,Electronics,North,9,4297.14,1056.11
2026-07-08,Keyboard,Accessories,East,7,4165.25,1165.31
2026-06-27,Laptop,Electronics,South,1,443.17,123.57
2026-06-26,Headphones,Accessories,West,10,1664.2,340.43
2026-06-27,Laptop,Electronics,North,5,4447.11,268.64
2026-06-15,Laptop,Electronics,South,6,3955.5,488.88
2026-07-04,Keyboard,Accessories,North,1,2124.06,162.6
2026-06-17,Printer,Office,South,1,357.2,106.15
2026-06-13,Speaker,Accessories,West,3,437.7,29.87
2026-07-04,Laptop,Electronics,West,8,2379.33,184.36
2026-07-12,Monitor,Electronics,South,7,922.06,233.02
2026-06-20,Camera,Electronics,South,5,2180.76,369.84
2026-06-16,Mouse,Accessories,East,4,4060.65,786.68
2026-06-22,Tablet,Electronics,East,7,4946.81,976.83
2026-07-07,Camera,Electronics,North,3,967.31,163.81
2026-06-24,Tablet,Electronics,North,3,1647.24,327.38
2026-06-14,Mouse,Accessories,South,9,2438.63,446.29
2026-06-28,Tablet,Electronics,South,6,561.96,113.61
2026-07-04,Headphones,Accessories,South,9,2499.45,640.21
2026-07-08,Mobile,Electronics,South,9,3887.6,1067.58
2026-07-05,Tablet,Electronics,South,1,3604.01,445.12
2026-06-20,Camera,Electronics,West,4,2941.58,316.76
2026-06-17,Printer,Office,North,2,2333.62,415.47
2026-07-03,Laptop,Electronics,South,5,3309.81,708.64
2026-07-06,Camera,Electronics,East,5,1279.13,184.14
2026-07-02,Camera,Electronics,North,5,2156.05,309.77
2026-06-29,Speaker,Accessories,East,3,1974.72,439.21
2026-06-28,Speaker,Accessories,North,8,4779.79,886.39
2026-06-28,Camera,Electronics,North,8,1202.73,314.82
2026-07-11,Camera,Electronics,West,3,2458.14,503.16
2026-06-20,Mobile,Electronics,West,4,891.2,120.97
2026-07-04,Printer,Office,East,9,1356.96,102.28
2026-06-26,Monitor,Electronics,West,2,1354.84,357.49
2026-06-17,Camera,Electronics,West,10,576.37,109.98
2026-06-19,Mouse,Accessories,East,2,2535.41,500.24
2026-07-11,Keyboard,Accessories,South,8,4228.42,1137.6
2026-06-17,Monitor,Electronics,East,3,3866.54,322.37
2026-06-23,Keyboard,Accessories,West,5,4739.95,295.69
2026-06-12,Laptop,Electronics,North,4,2488.11,696.71
2026-06-17,Headphones,Accessories,North,7,4093.55,931.61
2026-06-17,Tablet,Electronics,East,2,3170.7,609.66
2026-06-23,Camera,Electronics,East,7,208.89,42.01
2026-06-20,Laptop,Electronics,West,9,1282.77,313.29
2026-07-02,Mobile,Electronics,East,6,2355.78,352.97
2026-07-03,Speaker,Accessories,West,6,2854.5,684.29
2026-06-16,Mobile,Electronics,North,1,2550.74,339.37
2026-06-30,Laptop,Electronics,West,4,2459.64,252.87
2026-06-28,Speaker,Accessories,West,5,1449.79,162.88
2026-07-12,Printer,Office,West,2,3878.91,991.69
2026-06-18,Mouse,Accessories,North,8,756.59,38.53
2026-06-25,Laptop,Electronics,North,7,3775.61,544.92
2026-06-25,Laptop,Electronics,West,9,2723.61,391.69
2026-06-29,Tablet,Electronics,South,7,1568.51,427.73
2026-06-14,Monitor,Electronics,East,8,1393.97,401.73
2026-07-03,Monitor,Electronics,South,6,3454.08,917.69
2026-07-04,Tablet,Electronics,South,3,4103.83,715.34
2026-06-27,Speaker,Accessories,West,7,1474.9,124.99
2026-06-29,Keyboard,Accessories,East,4,4158.28,1200.19
2026-06-15,Laptop,Electronics,West,3,2193.52,572.84
2026-06-15,Mouse,Accessories,South,5,533.83,120.87
2026-07-05,Monitor,Electronics,East,6,1195.59,93.89
2026-06-16,Keyboard,Accessories,West,6,4154.11,456.89
2026-07-10,Speaker,Accessories,East,1,3109.81,161.78
2026-06-12,Camera,Electronics,North,6,1226.61,244.68
2026-06-22,Mouse,Accessories,South,9,4757.06,402.72
2026-07-06,Tablet,Electronics,West,9,3653.1,291.23
2026-06-27,Printer,Office,West,3,4125.67,919.05
2026-06-25,Speaker,Accessories,East,1,4723.96,562.08
2026-07-03,Speaker,Accessories,West,2,4933.35,436.03
2026-06-12,Laptop,Electronics,East,6,2861.23,537.7
2026-06-20,Laptop,Electronics,South,10,1340.79,132.05
2026-06-26,Monitor,Electronics,West,7,2175.24,172.89
2026-06-30,Monitor,Electronics,North,2,157.32,32.43
2026-07-01,Laptop,Electronics,East,8,4156.4,788.04
2026-06-16,Camera,Electronics,South,3,173.06,10.08
2026-06-18,Laptop,Electronics,West,4,925.34,134.35
2026-07-11,Laptop,Electronics,West,7,1410.16,87.02
2026-06-26,Headphones,Accessories,East,2,4886.42,245.93
2026-06-16,Mouse,Accessories,North,9,1777.71,420.23
2026-06-14,Headphones,Accessories,North,7,1137.51,323.93
2026-07-11,Headphones,Accessories,South,7,979.56,235.99
2026-06-14,Keyboard,Accessories,North,7,3749.39,881.31
2026-06-24,Camera,Electronics,West,10,705.03,204.2
2026-06-20,Monitor,Electronics,North,6,4138.06,768.99
2026-07-07,Mouse,Accessories,North,8,3807.65,702.45
2026-06-22,Mouse,Accessories,West,5,2849.84,724.09
2026-07-07,Laptop,Electronics,East,3,3007.83,533.92
2026-06-15,Headphones,Accessories,South,6,2969.46,263.18
2026-06-26,Mobile,Electronics,North,6,1094.68,128.36
2026-06-24,Headphones,Accessories,West,5,4623.49,548.24
2026-06-25,Camera,Electronics,West,10,4204.34,638.0
2026-06-19,Printer,Office,North,10,3173.51,911.89
2026-07-11,Mouse,Accessories,South,9,3429.83,499.3
2026-06-14,Speaker,Accessories,East,3,4302.9,365.58
2026-06-27,Headphones,Accessories,East,4,2957.92,298.83
2026-07-01,Monitor,Electronics,West,4,2921.16,515.02
2026-06-16,Keyboard,Accessories,North,9,3322.53,547.87
2026-06-28,Tablet,Electronics,South,9,3890.03,283.64
2026-06-22,Laptop,Electronics,South,7,2766.7,787.26
2026-06-13,Tablet,Electronics,East,10,2831.28,660.38
2026-06-17,Headphones,Accessories,West,1,3737.35,233.86
2026-07-12,Mouse,Accessories,West,5,2968.71,402.03
2026-06-19,Speaker,Accessories,North,7,2546.84,350.53
2026-06-14,Speaker,Accessories,East,5,3302.66,499.93
2026-06-26,Mouse,Accessories,West,9,2143.1,371.52
2026-06-12,Mouse,Accessories,East,6,2670.19,635.3
2026-07-03,Printer,Office,South,4,2412.32,700.18
2026-06-25,Tablet,Electronics,East,8,3640.78,785.65
2026-07-08,Printer,Office,West,4,2344.61,458.16
2026-06-24,Camera,Electronics,East,3,708.55,127.45
2026-07-07,Mobile,Electronics,West,1,3001.81,681.99
2026-06-26,Printer,Office,South,1,4227.25,607.02
2026-07-06,Printer,Office,East,4,3514.23,1016.43
2026-07-09,Keyboard,Accessories,East,10,288.07,34.87
2026-06-12,Monitor,Electronics,North,3,1228.76,265.07
2026-07-07,Laptop,Electronics,West,2,204.16,17.66
2026-07-08,Mouse,Accessories,North,8,4748.23,704.45
2026-07-03,Mouse,Accessories,West,1,2542.99,569.3
2026-06-28,Printer,Office,North,4,1244.85,311.3
2026-06-23,Mobile,Electronics,North,5,1739.04,509.49
2026-06-18,Mobile,Electronics,North,3,1715.37,223.03
2026-06-15,Printer,Office,North,5,4382.33,1156.31
2026-07-07,Speaker,Accessories,South,8,4729.65,715.75
2026-06-27,Mobile,Electronics,East,9,243.19,69.59
2026-07-01,Tablet,Electronics,West,5,4895.23,626.1
2026-07-02,Printer,Office,East,10,1175.94,345.63
2026-07-03,Laptop,Electronics,West,1,3511.99,854.73
2026-07-05,Mouse,Accessories,South,1,4652.34,498.54
2026-06-26,Keyboard,Accessories,West,5,3519.94,676.27
2026-07-03,Camera,Electronics,East,4,883.89,86.12
2026-06-25,Mouse,Accessories,North,4,1716.33,374.12
2026-07-02,Tablet,Electronics,North,1,1404.44,104.12
2026-07-01,Keyboard,Accessories,West,5,584.73,83.72
2026-06-24,Mobile,Electronics,West,6,2325.54,242.19
2026-06-23,Mobile,Electronics,East,7,800.57,77.26
2026-06-17,Headphones,Accessories,West,10,4361.57,1116.0
2026-06-29,Printer,Office,West,10,4762.8,1358.32
2026-07-02,Camera,Electronics,West,10,4845.1,840.4
2026-07-07,Speaker,Accessories,East,5,4686.95,1198.86
2026-07-04,Keyboard,Accessories,North,7,1208.45,362.12
2026-06-28,Keyboard,Accessories,East,1,2082.78,209.86
2026-06-15,Laptop,Electronics,South,6,3013.37,323.04
2026-07-04,Mouse,Accessories,East,1,4825.44,261.27
2026-07-03,Camera,Electronics,East,4,3050.8,856.93
2026-07-09,Mouse,Accessories,East,4,3653.0,266.59
2026-06-16,Camera,Electronics,North,7,1964.43,252.4
2026-06-13,Monitor,Electronics,South,10,2907.35,342.66
2026-06-15,Keyboard,Accessories,South,9,4415.81,353.95
2026-06-24,Headphones,Accessories,North,3,1650.91,293.22
2026-06-29,Printer,Office,North,3,4297.31,679.48
2026-07-11,Tablet,Electronics,West,7,3508.31,957.83
2026-07-07,Printer,Office,South,3,3434.51,419.29
2026-07-10,Headphones,Accessories,South,8,1213.31,352.23
2026-07-02,Speaker,Accessories,South,2,2851.81,831.22
2026-07-07,Keyboard,Accessories,East,6,1511.52,360.79
2026-06-19,Headphones,Accessories,West,7,4433.53,932.19
2026-07-11,Laptop,Electronics,South,3,1947.15,377.66
2026-06-15,Speaker,Accessories,North,1,522.83,102.32
2026-06-26,Speaker,Accessories,West,4,2631.41,621.65
2026-06-23,Camera,Electronics,South,6,1987.1,504.74
2026-06-24,Speaker,Accessories,West,4,3105.25,522.35
2026-06-17,Keyboard,Accessories,North,7,3033.59,855.87
2026-06-15,Tablet,Electronics,East,7,1718.63,145.34
2026-07-08,Mobile,Electronics,West,2,4705.47,1268.12
2026-06-23,Laptop,Electronics,East,5,319.72,18.86
2026-07-11,Mouse,Accessories,West,8,2801.01,506.74
2026-07-02,Printer,Office,North,7,1309.33,77.39
2026-07-06,Speaker,Accessories,North,10,478.89,35.84
2026-07-08,Keyboard,Accessories,East,10,1141.66,156.51
2026-06-26,Printer,Office,North,4,1290.54,281.34
2026-06-25,Monitor,Electronics,North,2,3318.22,652.26
2026-07-12,Mouse,Accessories,North,6,3021.78,576.44
2026-06-30,Laptop,Electronics,West,5,3644.4,410.98
2026-06-23,Laptop,Electronics,East,6,758.99,151.45
2026-06-13,Tablet,Electronics,East,6,4076.57,451.57
2026-06-21,Speaker,Accessories,East,5,1027.43,187.72
2026-06-29,Headphones,Accessories,West,5,2869.65,177.15
2026-06-21,Laptop,Electronics,North,10,1929.61,186.3
2026-06-21,Monitor,Electronics,South,8,3730.03,837.89
2026-06-12,Laptop,Electronics,North,3,4230.94,1020.89
2026-07-02,Speaker,Accessories,South,6,3995.49,1012.87
2026-07-06,Mobile,Electronics,North,10,719.38,99.34
2026-06-21,Tablet,Electronics,West,4,2061.68,222.95
2026-06-21,Camera,Electronics,East,6,558.21,79.89
2026-06-21,Speaker,Accessories,South,7,3678.33,555.71
2026-06-27,Monitor,Electronics,East,1,4646.04,1061.08
2026-06-19,Printer,Office,East,7,1237.77,174.13
2026-07-04,Headphones,Accessories,South,5,1059.37,78.14
2026-06-19,Mobile,Electronics,South,2,3810.15,735.23
2026-07-06,Speaker,Accessories,West,6,1125.35,148.3
2026-06-16,Monitor,Electronics,South,2,230.65,27.97
2026-06-16,Headphones,Accessories,West,3,681.7,80.22
2026-07-01,Monitor,Electronics,East,10,1183.12,332.66
2026-06-23,Laptop,Electronics,South,6,4254.22,1102.6
2026-06-28,Camera,Electronics,North,6,4529.84,387.57
2026-06-14,Printer,Office,West,10,3623.98,317.99
2026-06-24,Tablet,Electronics,North,7,2999.86,406.38
2026-07-09,Tablet,Electronics,West,7,766.27,175.56
2026-07-02,Headphones,Accessories,East,7,234.64,51.88
2026-07-06,Headphones,Accessories,West,7,3883.24,1143.06
2026-06-29,Monitor,Electronics,South,7,4476.15,1140.55
2026-06-24,Printer,Office,North,2,3111.29,857.12
2026-07-02,Mobile,Electronics,West,8,1336.38,349.94
2026-06-29,Camera,Electronics,East,8,2035.43,382.41
2026-07-03,Camera,Electronics,East,5,3550.2,670.84
2026-06-26,Headphones,Accessories,South,2,2776.19,244.33
2026-07-08,Mobile,Electronics,West,7,4593.91,1306.9
2026-07-02,Speaker,Accessories,North,3,3310.27,965.68
2026-06-16,Headphones,Accessories,South,9,2673.01,297.29
2026-07-02,Mobile,Electronics,South,2,1750.62,237.84
2026-07-08,Speaker,Accessories,West,7,1870.79,140.01
2026-06-22,Headphones,Accessories,East,2,503.0,63.05
2026-07-09,Mobile,Electronics,North,2,2150.06,460.86
2026-07-10,Printer,Office,West,1,2069.51,391.12
2026-06-19,Headphones,Accessories,South,1,238.44,27.08
2026-07-06,Mobile,Electronics,North,4,3829.42,769.96
2026-07-08,Monitor,Electronics,West,4,2934.79,796.45
2026-07-03,Mobile,Electronics,East,4,4272.73,376.15
2026-06-14,Laptop,Electronics,South,7,2717.58,510.68
2026-07-02,Headphones,Accessories,South,4,109.94,14.06
2026-06-17,Mobile,Electronics,East,3,4825.43,906.8
2026-07-11,Monitor,Electronics,West,3,3552.85,324.19
2026-07-10,Laptop,Electronics,South,7,1040.29,306.7
2026-07-08,Monitor,Electronics,West,10,2638.51,245.61
2026-07-06,Mobile,Electronics,North,2,2088.96,129.82
2026-07-01,Printer,Office,West,9,2519.23,613.39
2026-07-07,Mouse,Accessories,South,2,1492.0,366.54
2026-07-06,Camera,Electronics,North,4,2818.98,706.21
2026-07-09,Tablet,Electronics,East,8,4165.62,443.37
2026-06-14,Laptop,Electronics,East,7,3927.96,1131.24
2026-06-23,Tablet,Electronics,East,7,4752.0,742.04
2026-07-12,Tablet,Electronics,South,4,2470.63,613.0
2026-07-08,Headphones,Accessories,South,3,1823.49,328.96
2026-07-10,Camera,Electronics,North,2,2488.5,252.62
2026-06-30,Printer,Office,North,3,2157.1,292.01
2026-07-09,Speaker,Accessories,West,9,4431.88,874.2
2026-06-27,Mouse,Accessories,East,8,3724.29,910.34
2026-06-25,Tablet,Electronics,West,3,2754.5,702.98
2026-06-25,Speaker,Accessories,North,9,4380.27,863.58
2026-07-05,Headphones,Accessories,East,2,1303.84,230.3
2026-06-12,Headphones,Accessories,North,8,4368.62,388.23
2026-06-19,Laptop,Electronics,West,9,3054.84,590.28
2026-06-18,Mobile,Electronics,East,10,3853.1,368.29
2026-06-25,Headphones,Accessories,West,1,2546.86,687.81
2026-07-04,Printer,Office,East,5,2286.23,644.12
2026-06-27,Camera,Electronics,East,1,1869.42,504.45
2026-06-12,Headphones,Accessories,South,8,3730.12,928.63
2026-07-02,Mouse,Accessories,South,9,691.23,198.43
2026-07-02,Mouse,Accessories,West,5,1138.25,118.15
2026-07-10,Keyboard,Accessories,South,6,554.41,114.43
2026-07-03,Laptop,Electronics,East,3,1397.06,403.22
2026-07-03,Headphones,Accessories,East,1,1138.38,122.31
2026-06-23,Mouse,Accessories,North,9,1530.27,207.78
2026-06-16,Mobile,Electronics,West,4,1309.68,305.51
2026-06-23,Monitor,Electronics,East,9,4377.7,1009.45
2026-06-13,Camera,Electronics,East,7,3520.35,706.08
2026-07-10,Headphones,Accessories,South,9,3746.53,442.25
2026-07-04,Speaker,Accessories,North,3,1927.51,551.06
2026-06-12,Mouse,Accessories,East,6,3053.59,885.1
2026-06-30,Headphones,Accessories,North,7,203.62,53.95
2026-06-25,Headphones,Accessories,South,2,1358.46,235.17
2026-06-20,Headphones,Accessories,East,5,4936.13,890.0
2026-06-15,Laptop,Electronics,North,6,2841.35,181.69
2026-06-14,Headphones,Accessories,West,3,2863.6,654.12
2026-07-06,Headphones,Accessories,North,3,1415.99,296.91
2026-06-21,Keyboard,Accessories,East,9,1051.28,173.72
2026-07-08,Mouse,Accessories,North,7,798.68,219.2
2026-06-29,Laptop,Electronics,East,2,2972.56,505.4
2026-06-28,Laptop,Electronics,East,1,4574.85,592.73
2026-06-28,Laptop,Electronics,North,9,2662.87,221.37
2026-06-19,Laptop,Electronics,North,1,2627.66,604.4
2026-06-17,Printer,Office,West,1,1357.24,353.28
2026-06-20,Keyboard,Accessories,South,6,3106.45,736.47
2026-07-12,Mouse,Accessories,South,1,3180.69,235.03
2026-06-16,Tablet,Electronics,East,10,1040.65,157.16
2026-07-02,Printer,Office,North,2,2718.28,715.27
2026-07-03,Printer,Office,West,1,267.13,71.01
2026-06-22,Speaker,Accessories,East,3,664.29,97.17
2026-07-04,Headphones,Accessories,East,2,495.27,64.43
2026-06-17,Camera,Electronics,East,6,4355.38,387.22
2026-06-24,Printer,Office,South,2,1127.95,61.47
2026-06-15,Camera,Electronics,North,8,4305.47,1188.79
2026-06-19,Mobile,Electronics,South,4,1925.02,376.96
2026-06-22,Printer,Office,North,4,118.25,23.03
2026-07-06,Laptop,Electronics,North,6,955.88,69.11
2026-07-01,Printer,Office,West,9,986.0,237.84
2026-07-02,Camera,Electronics,West,2,1602.7,348.18
2026-07-07,Headphones,Accessories,East,2,3105.07,301.45
2026-07-11,Keyboard,Accessories,North,9,1276.47,201.58
2026-06-24,Tablet,Electronics,West,10,675.07,119.24
2026-06-19,Printer,Office,West,9,1177.75,221.3
2026-07-05,Monitor,Electronics,South,10,3704.44,608.72
2026-06-18,Mobile,Electronics,North,6,2976.69,817.14
2026-06-22,Laptop,Electronics,South,6,2172.73,312.24
2026-07-07,Speaker,Accessories,West,9,1720.01,358.45
2026-07-05,Keyboard,Accessories,South,5,106.85,18.59
2026-06-30,Camera,Electronics,North,10,4710.71,968.95
2026-06-24,Laptop,Electronics,North,3,4250.95,381.91
2026-06-30,Monitor,Electronics,North,3,3034.92,364.23
2026-07-12,Camera,Electronics,East,1,1407.41,289.98
2026-06-22,Headphones,Accessories,North,9,4276.4,481.97
2026-06-19,Mouse,Accessories,South,10,205.1,44.33
2026-07-11,Camera,Electronics,East,10,3062.42,731.63
2026-07-04,Monitor,Electronics,West,5,3507.32,675.95
2026-07-06,Mouse,Accessories,North,6,2223.72,571.25
2026-06-24,Speaker,Accessories,South,6,4685.08,1150.98
2026-06-15,Keyboard,Accessories,North,8,2237.4,132.75
2026-07-07,Tablet,Electronics,South,10,4406.95,982.27
2026-06-27,Headphones,Accessories,South,1,3903.17,283.72
2026-07-05,Laptop,Electronics,South,4,3444.68,373.95
2026-06-25,Mouse,Accessories,South,2,221.41,37.52
2026-06-17,Monitor,Electronics,East,1,2629.77,468.68
2026-07-05,Printer,Office,East,7,640.84,141.02
2026-07-08,Printer,Office,North,2,1033.16,279.21
2026-06-18,Headphones,Accessories,East,1,419.34,109.74
2026-07-03,Monitor,Electronics,North,7,2095.51,459.2
2026-06-17,Camera,Electronics,South,4,2439.05,534.4
2026-06-12,Headphones,Accessories,West,1,3245.56,824.59
2026-06-16,Keyboard,Accessories,South,8,258.93,48.66
2026-07-07,Mobile,Electronics,South,6,1952.62,249.07
2026-06-15,Mouse,Accessories,South,8,1430.06,257.75
2026-06-21,Keyboard,Accessories,North,10,294.23,75.17
2026-06-21,Speaker,Accessories,North,10,843.32,178.12
2026-06-16,Speaker,Accessories,South,9,1857.04,239.3
2026-06-30,Camera,Electronics,West,6,3973.56,759.85
2026-06-19,Headphones,Accessories,West,5,1797.86,472.3
2026-07-09,Keyboard,Accessories,North,1,1326.23,347.52
2026-07-01,Monitor,Electronics,North,4,1411.02,312.09
2026-06-25,Keyboard,Accessories,East,8,2477.93,551.29
2026-07-02,Printer,Office,West,9,152.98,42.22
2026-07-10,Printer,Office,North,5,4208.1,357.89
2026-07-10,Mobile,Electronics,East,2,4227.42,560.4
2026-06-21,Tablet,Electronics,North,5,4829.8,787.72
2026-06-24,Monitor,Electronics,West,6,1570.12,422.77
2026-06-25,Keyboard,Accessories,East,4,2522.88,371.58
2026-06-12,Keyboard,Accessories,North,7,2922.27,652.27
2026-06-24,Mobile,Electronics,West,9,2968.76,403.8
2026-06-21,Mouse,Accessories,East,3,3991.61,1150.67
2026-07-05,Speaker,Accessories,North,2,4092.58,951.59
2026-07-11,Speaker,Accessories,East,3,854.12,237.44
2026-07-09,Speaker,Accessories,North,1,1169.67,172.49
2026-07-09,Mouse,Accessories,North,6,3952.49,734.6
2026-06-13,Monitor,Electronics,West,7,453.08,26.05
2026-06-19,Mobile,Electronics,North,2,1992.81,402.01
2026-07-09,Mobile,Electronics,South,10,3156.23,228.13
2026-07-05,Camera,Electronics,North,2,1780.24,300.21
2026-06-14,Mobile,Electronics,East,10,2798.14,483.48
2026-07-06,Keyboard,Accessories,East,4,2045.49,396.32
2026-07-12,Printer,Office,South,2,1856.27,180.23
2026-06-24,Tablet,Electronics,West,6,3192.8,196.73
2026-07-08,Speaker,Accessories,North,6,1958.98,525.12
2026-06-27,Monitor,Electronics,West,9,863.5,137.96
2026-06-29,Keyboard,Accessories,North,3,2417.62,648.04
2026-06-29,Speaker,Accessories,West,4,1351.47,296.08
2026-07-06,Mouse,Accessories,West,6,112.4,24.73
2026-07-01,Speaker,Accessories,South,6,3921.41,259.35
2026-06-20,Mobile,Electronics,West,5,4826.44,667.99
2026-07-06,Keyboard,Accessories,East,6,4084.59,685.12
2026-06-24,Printer,Office,West,9,1925.94,539.97
2026-06-27,Mobile,Electronics,South,9,148.08,33.79
2026-06-13,Printer,Office,West,2,1586.15,460.21
2026-06-14,Printer,Office,West,1,2505.23,297.38
2026-06-23,Camera,Electronics,South,3,4867.73,1408.86
2026-07-07,Monitor,Electronics,West,1,2470.34,676.6
2026-07-07,Monitor,Electronics,South,3,1305.86,127.76
2026-06-19,Headphones,Accessories,West,10,2128.4,306.91
2026-07-03,Keyboard,Accessories,West,7,2472.78,561.65
2026-07-04,Speaker,Accessories,West,6,3375.6,180.25
2026-06-13,Speaker,Accessories,North,6,3401.92,581.32
2026-06-23,Speaker,Accessories,West,1,1972.16,173.12
2026-07-02,Camera,Electronics,North,5,1843.5,334.78
2026-07-02,Laptop,Electronics,East,6,3121.36,760.85
2026-06-21,Camera,Electronics,North,2,1610.42,460.76
2026-06-26,Printer,Office,East,7,4719.28,422.3
2026-07-12,Tablet,Electronics,West,5,1522.68,428.37
2026-07-05,Mouse,Accessories,South,6,2131.56,346.04
2026-06-28,Monitor,Electronics,North,5,2308.96,156.04
2026-07-06,Laptop,Electronics,West,5,1770.37,274.81
2026-07-04,Mouse,Accessories,West,1,1349.9,215.78
2026-06-25,Camera,Electronics,South,2,3448.33,290.67
2026-06-19,Mobile,Electronics,East,3,3162.03,644.5
2026-06-13,Monitor,Electronics,West,2,1151.29,203.15
2026-06-28,Camera,Electronics,West,2,744.13,63.85
2026-07-05,Laptop,Electronics,East,2,3047.79,360.77
2026-07-10,Mouse,Accessories,East,2,511.31,111.14
2026-06-15,Headphones,Accessories,South,6,4481.0,1023.89
2026-06-26,Tablet,Electronics,North,10,229.73,51.97
2026-07-09,Laptop,Electronics,North,3,2052.5,368.79
2026-06-25,Laptop,Electronics,East,10,2804.38,644.55
2026-06-29,Tablet,Electronics,South,10,489.43,50.38
2026-06-27,Mouse,Accessories,North,7,2769.23,567.81
2026-06-27,Tablet,Electronics,East,10,4508.69,1039.8
2026-07-07,Laptop,Electronics,North,10,659.92,123.6
2026-07-06,Mobile,Electronics,South,5,3435.06,281.43
2026-06-21,Laptop,Electronics,East,5,2449.14,550.62
2026-07-10,Speaker,Accessories,South,2,927.12,123.97
2026-07-01,Headphones,Accessories,West,5,303.99,61.68
2026-06-29,Keyboard,Accessories,West,8,3239.09,292.57
2026-06-15,Camera,Electronics,East,2,4295.07,1016.26
2026-06-18,Monitor,Electronics,North,10,273.45,48.33
2026-07-01,Laptop,Electronics,West,10,407.99,58.74
2026-07-05,Monitor,Electronics,North,10,2863.57,310.34
2026-06-20,Mobile,Electronics,North,5,3217.62,746.8
2026-06-28,Headphones,Accessories,West,2,3754.85,928.69
2026-06-14,Mobile,Electronics,East,6,3523.7,741.43
2026-07-04,Monitor,Electronics,East,8,1557.56,435.04
2026-07-01,Camera,Electronics,East,8,871.59,85.12
2026-06-12,Headphones,Accessories,East,2,4593.97,440.71
2026-06-28,Printer,Office,South,10,3579.89,267.48
2026-06-14,Speaker,Accessories,West,5,3667.81,207.85
2026-06-15,Mouse,Accessories,West,2,2070.15,335.68
2026-06-27,Keyboard,Accessories,West,7,2261.94,596.57
2026-07-10,Mouse,Accessories,West,3,580.06,149.03
2026-06-23,Mobile,Electronics,East,5,4609.87,1079.58
2026-06-18,Mobile,Electronics,East,10,3886.43,264.75
2026-07-04,Camera,Electronics,South,10,3077.6,686.06
2026-07-04,Printer,Office,East,9,3829.86,901.65
2026-07-07,Mobile,Electronics,North,10,2590.17,256.01
2026-06-21,Mouse,Accessories,East,1,1163.73,209.54
2026-07-12,Mobile,Electronics,South,3,1756.85,280.53
2026-07-10,Mobile,Electronics,North,5,166.54,49.6
2026-07-03,Speaker,Accessories,West,10,606.52,164.83
2026-06-29,Mobile,Electronics,South,6,3775.4,696.29
2026-07-01,Headphones,Accessories,West,4,1474.97,395.05
2026-07-03,Keyboard,Accessories,West,5,1779.68,125.25
2026-06-13,Laptop,Electronics,North,4,1385.46,199.81
2026-07-04,Monitor,Electronics,East,9,3886.59,369.5
2026-06-23,Mouse,Accessories,East,9,3301.29,670.77
2026-07-03,Camera,Electronics,North,8,3088.7,778.14
2026-07-11,Monitor,Electronics,North,8,2678.42,230.59
2026-06-22,Speaker,Accessories,North,3,2745.26,342.68
2026-06-15,Tablet,Electronics,East,10,1032.42,273.37
2026-07-09,Speaker,Accessories,West,5,658.43,55.6
2026-07-05,Keyboard,Accessories,East,6,1632.5,89.33
2026-07-10,Tablet,Electronics,West,8,3265.56,274.7
2026-06-15,Monitor,Electronics,North,2,4938.88,423.73
2026-06-13,Headphones,Accessories,South,5,4688.03,1188.75
2026-06-30,Tablet,Electronics,South,4,637.48,164.33
2026-07-03,Speaker,Accessories,East,8,352.68,32.06
2026-07-09,Camera,Electronics,North,7,3815.69,579.53
2026-06-26,Mouse,Accessories,East,4,1408.65,121.53
2026-07-12,Mobile,Electronics,West,9,1182.61,158.4
2026-06-28,Mouse,Accessories,West,8,2306.25,358.01
2026-07-08,Mobile,Electronics,South,8,3412.74,304.38
2026-06-20,Tablet,Electronics,East,1,3184.59,888.95
2026-06-26,Speaker,Accessories,North,4,3400.13,387.16
2026-06-21,Tablet,Electronics,South,1,2091.09,393.48
2026-07-01,Mouse,Accessories,West,10,1471.82,139.13
2026-06-13,Monitor,Electronics,West,4,3048.1,375.09
2026-07-04,Headphones,Accessories,West,9,2479.27,137.62
2026-07-02,Laptop,Electronics,South,8,3868.46,378.7
2026-06-25,Monitor,Electronics,East,1,1749.31,97.43
2026-06-16,Speaker,Accessories,North,10,1272.84,286.04
2026-06-17,Monitor,Electronics,West,4,3098.25,648.55
2026-06-29,Keyboard,Accessories,West,6,799.44,150.94
2026-07-09,Laptop,Electronics,West,10,1445.04,160.54
2026-06-23,Camera,Electronics,West,4,3830.43,672.87
2026-06-14,Mobile,Electronics,East,1,2115.96,308.39
2026-06-16,Mobile,Electronics,East,1,784.07,72.29
2026-07-09,Tablet,Electronics,East,1,4145.78,350.22
2026-06-29,Speaker,Accessories,South,1,3757.91,585.42
2026-06-25,Keyboard,Accessories,North,5,3034.12,535.52
2026-07-09,Mobile,Electronics,East,6,3872.65,527.61
2026-07-01,Laptop,Electronics,North,10,4226.13,981.6
2026-06-26,Printer,Office,North,10,4192.44,1173.8
2026-07-02,Tablet,Electronics,West,6,3502.8,682.92
2026-06-20,Monitor,Electronics,East,6,1632.28,251.26
2026-06-20,Monitor,Electronics,South,3,150.59,9.82
2026-07-11,Mouse,Accessories,South,10,2262.2,567.12
2026-07-06,Headphones,Accessories,North,3,1107.89,243.16
2026-06-15,Camera,Electronics,North,4,4601.21,617.71
2026-07-01,Tablet,Electronics,West,3,912.94,254.2
2026-06-13,Camera,Electronics,South,6,1412.49,232.15
2026-07-09,Keyboard,Accessories,West,7,2695.51,376.83
2026-06-20,Laptop,Electronics,West,8,1665.75,279.73
2026-06-29,Camera,Electronics,West,7,2228.0,186.56
2026-07-03,Mouse,Accessories,North,9,2828.39,445.1
2026-06-14,Speaker,Accessories,West,1,3733.96,1051.71
2026-06-24,Camera,Electronics,North,1,4600.83,495.19
2026-07-04,Tablet,Electronics,East,1,308.26,29.07
2026-06-30,Monitor,Electronics,East,10,4476.88,650.02
2026-07-01,Printer,Office,North,7,230.03,49.15
2026-07-04,Laptop,Electronics,East,4,1667.36,93.57
2026-07-12,Tablet,Electronics,East,5,1220.4,162.13
2026-07-06,Tablet,Electronics,South,6,3994.34,1121.73
2026-06-17,Monitor,Electronics,North,4,1956.41,444.3
2026-06-20,Monitor,Electronics,West,8,2332.96,476.56
2026-06-12,Speaker,Accessories,North,5,2342.68,536.95
2026-06-29,Laptop,Electronics,West,1,4400.68,867.62
2026-06-13,Monitor,Electronics,West,3,469.6,109.98
2026-06-25,Camera,Electronics,North,10,136.88,23.84
2026-06-21,Mobile,Electronics,South,4,3537.71,460.77
2026-06-14,Mobile,Electronics,East,1,4083.79,755.46
2026-06-20,Headphones,Accessories,South,9,823.19,118.03
2026-06-25,Laptop,Electronics,North,10,2220.79,560.88
2026-06-15,Printer,Office,North,9,2297.12,164.91
2026-06-14,Speaker,Accessories,North,4,2020.49,391.67
2026-07-01,Mobile,Electronics,South,9,699.08,196.64
2026-06-21,Mouse,Accessories,North,7,103.57,30.45
2026-06-17,Camera,Electronics,North,6,4832.02,604.98
2026-07-04,Keyboard,Accessories,West,2,3217.48,781.35
2026-06-18,Printer,Office,South,9,2860.96,463.07
2026-06-25,Camera,Electronics,South,7,742.21,99.13
2026-06-26,Keyboard,Accessories,East,4,4419.24,601.61
2026-06-18,Laptop,Electronics,South,10,2229.39,216.43
2026-06-15,Camera,Electronics,East,6,4413.73,679.56
2026-07-01,Speaker,Accessories,East,10,1466.32,92.59
2026-07-06,Tablet,Electronics,East,1,960.96,152.74
2026-06-27,Mobile,Electronics,South,3,539.93,150.81
2026-06-14,Laptop,Electronics,South,4,347.83,27.87
2026-06-27,Printer,Office,North,3,3696.46,288.52
2026-06-22,Tablet,Electronics,East,10,4193.19,801.71
2026-06-18,Headphones,Accessories,East,1,1858.53,134.74
2026-06-20,Monitor,Electronics,East,1,1289.65,131.77
2026-06-24,Laptop,Electronics,South,4,1970.18,496.05
2026-06-30,Monitor,Electronics,West,1,4747.37,1272.99
2026-06-24,Mobile,Electronics,North,5,3651.27,495.67
2026-06-21,Keyboard,Accessories,East,9,440.69,105.34
2026-06-29,Laptop,Electronics,South,1,981.58,281.62
2026-07-10,Mouse,Accessories,East,9,2068.11,460.07
2026-07-07,Monitor,Electronics,East,3,2807.61,656.7
2026-07-10,Mouse,Accessories,East,10,2735.19,801.47
2026-06-20,Speaker,Accessories,West,1,1831.69,459.31
2026-06-17,Mouse,Accessories,South,7,4535.49,491.38
2026-06-13,Mouse,Accessories,South,6,752.88,129.29
2026-07-03,Speaker,Accessories,East,10,2336.03,371.27
2026-06-15,Keyboard,Accessories,East,5,2847.38,162.87
2026-06-26,Speaker,Accessories,West,8,3472.63,645.66
2026-07-02,Printer,Office,North,1,1215.26,310.6
2026-06-17,Printer,Office,North,6,3812.8,359.44
2026-06-24,Mobile,Electronics,North,10,4678.39,1351.9
2026-06-17,Monitor,Electronics,South,5,1598.27,287.4
2026-06-18,Mouse,Accessories,North,3,4494.74,276.79
2026-06-21,Mobile,Electronics,West,7,4151.39,225.91
2026-07-09,Printer,Office,West,2,3218.97,463.55
2026-06-22,Mouse,Accessories,East,5,2266.7,342.85
2026-06-24,Headphones,Accessories,North,4,135.02,18.21
2026-07-09,Speaker,Accessories,South,5,1715.66,480.97
2026-06-20,Monitor,Electronics,West,1,2337.3,685.9
2026-06-18,Laptop,Electronics,West,6,2339.48,525.01
2026-06-13,Monitor,Electronics,East,7,2528.62,360.7
2026-06-17,Speaker,Accessories,East,6,2361.77,683.29
2026-06-16,Mobile,Electronics,East,5,3166.28,719.57
2026-06-29,Printer,Office,South,9,2623.52,398.2
2026-06-24,Mobile,Electronics,South,3,3073.01,717.31
2026-06-17,Laptop,Electronics,North,3,3362.17,724.46
2026-06-28,Keyboard,Accessories,West,4,570.01,126.26
2026-07-02,Camera,Electronics,South,8,1014.84,238.25
2026-06-28,Headphones,Accessories,North,2,2444.28,428.9
2026-07-08,Monitor,Electronics,East,7,4707.5,534.26
2026-07-10,Keyboard,Accessories,North,2,1439.11,417.6
2026-06-29,Speaker,Accessories,South,3,1806.5,276.21
2026-07-07,Speaker,Accessories,West,6,2268.07,622.67
2026-06-18,Headphones,Accessories,North,4,216.52,48.34
2026-06-28,Mobile,Electronics,West,8,1170.04,95.94
2026-06-21,Keyboard,Accessories,South,1,3276.49,483.43
2026-07-05,Tablet,Electronics,West,1,1838.62,129.81
2026-06-17,Monitor,Electronics,North,5,876.33,129.52
2026-06-22,Laptop,Electronics,West,2,949.46,261.65
2026-06-29,Keyboard,Accessories,West,6,4174.3,840.49
2026-06-13,Monitor,Electronics,North,5,2043.22,175.7
2026-06-20,Tablet,Electronics,East,10,3542.52,607.87
2026-06-30,Headphones,Accessories,North,6,2501.55,333.15
2026-06-14,Mouse,Accessories,North,3,2994.65,760.47
2026-06-26,Mouse,Accessories,North,4,4036.53,355.42
2026-07-12,Monitor,Electronics,North,10,1882.83,336.29
2026-07-01,Camera,Electronics,North,4,4202.4,350.18
2026-06-26,Printer,Office,East,9,3884.96,247.71
2026-06-16,Mobile,Electronics,North,3,3129.62,187.93
2026-06-20,Keyboard,Accessories,West,6,4458.44,678.21
2026-06-12,Laptop,Electronics,West,9,524.97,56.72
2026-07-08,Mobile,Electronics,East,2,4527.05,769.55
2026-06-25,Keyboard,Accessories,South,9,3883.21,857.35
2026-07-07,Mouse,Accessories,South,7,528.34,121.39
2026-07-09,Tablet,Electronics,South,6,315.64,23.49
2026-06-17,Tablet,Electronics,East,4,4883.64,1204.72
2026-06-19,Headphones,Accessories,South,4,4472.67,284.52
2026-06-22,Camera,Electronics,West,6,4021.29,863.46
2026-06-27,Tablet,Electronics,North,10,4233.74,802.63
2026-06-17,Speaker,Accessories,North,5,3738.18,1037.35
2026-07-09,Mobile,Electronics,West,5,611.57,42.88
2026-06-23,Mobile,Electronics,North,9,2606.4,587.07
2026-06-26,Monitor,Electronics,North,5,319.14,62.44
2026-06-30,Monitor,Electronics,North,3,2541.0,496.04
2026-07-01,Mobile,Electronics,North,5,3566.5,937.76
2026-07-01,Laptop,Electronics,East,8,4007.04,508.42
2026-06-16,Tablet,Electronics,East,6,2331.03,446.65
2026-07-02,Camera,Electronics,East,6,3571.07,210.65
2026-07-03,Camera,Electronics,South,7,736.16,90.75
2026-06-27,Tablet,Electronics,South,4,3996.76,1080.02
2026-06-24,Headphones,Accessories,South,8,3159.32,714.52
2026-07-01,Camera,Electronics,East,2,2349.32,322.27
2026-06-18,Headphones,Accessories,North,9,4595.49,1218.24
2026-06-20,Laptop,Electronics,West,3,2300.52,401.93
2026-06-28,Mobile,Electronics,North,10,3015.88,879.99
2026-06-23,Headphones,Accessories,West,5,2713.22,777.66
2026-07-06,Headphones,Accessories,North,3,1499.29,118.75
2026-07-04,Mouse,Accessories,South,4,3963.84,1020.33
2026-06-23,Laptop,Electronics,West,3,2398.44,626.26
2026-06-15,Keyboard,Accessories,South,6,4429.18,338.59
2026-06-26,Monitor,Electronics,North,7,851.16,103.94
2026-07-01,Monitor,Electronics,East,7,468.23,32.34
2026-06-20,Headphones,Accessories,South,3,3496.21,959.0
2026-06-20,Mobile,Electronics,East,9,442.26,31.23
2026-06-16,Printer,Office,East,9,4305.49,671.99
2026-07-12,Headphones,Accessories,East,5,833.89,45.03
2026-07-06,Headphones,Accessories,North,2,1165.24,198.33
2026-06-26,Mouse,Accessories,West,7,4599.41,533.14
2026-07-11,Printer,Office,East,2,369.88,99.47
2026-07-11,Camera,Electronics,West,7,4546.81,573.96
2026-06-23,Keyboard,Accessories,West,7,3941.02,704.25
2026-06-14,Headphones,Accessories,South,7,2682.36,663.0
2026-06-21,Keyboard,Accessories,North,5,2719.42,487.49
2026-06-15,Printer,Office,West,7,2675.38,322.19
2026-06-18,Mouse,Accessories,North,5,3667.08,1092.98
2026-06-19,Mouse,Accessories,East,10,615.58,36.95
2026-06-24,Headphones,Accessories,South,6,2088.18,316.4
2026-07-03,Monitor,Electronics,North,6,590.29,40.59
2026-07-09,Keyboard,Accessories,North,7,855.97,78.26
2026-07-12,Mobile,Electronics,North,9,2061.79,589.84
2026-06-15,Headphones,Accessories,North,1,2661.25,431.48
2026-06-28,Mouse,Accessories,West,10,278.94,40.98
2026-06-20,Mouse,Accessories,North,3,533.47,126.35
2026-06-30,Camera,Electronics,West,9,244.21,22.51
2026-06-16,Mouse,Accessories,North,9,3527.61,651.68
2026-06-21,Camera,Electronics,East,8,2900.0,678.64
2026-07-06,Headphones,Accessories,South,10,4395.66,303.33
2026-06-25,Mouse,Accessories,East,6,3184.76,585.39
2026-06-28,Keyboard,Accessories,East,6,2322.83,250.9
2026-06-14,Speaker,Accessories,East,4,2975.1,696.15
2026-06-23,Tablet,Electronics,North,9,366.17,63.84
2026-07-05,Mobile,Electronics,North,5,3209.68,617.9
2026-07-08,Mouse,Accessories,East,2,2053.44,607.66
2026-07-06,Headphones,Accessories,North,7,4951.78,602.69
2026-06-22,Laptop,Electronics,West,10,629.24,163.91
2026-07-02,Speaker,Accessories,West,1,4696.54,1081.59
2026-06-28,Monitor,Electronics,North,5,4796.29,595.46
2026-06-15,Keyboard,Accessories,East,8,4460.7,1319.13
2026-06-19,Monitor,Electronics,South,9,2736.04,514.4
2026-07-05,Tablet,Electronics,South,5,3263.25,392.54
2026-07-01,Mobile,Electronics,East,4,3768.1,734.64
2026-06-19,Keyboard,Accessories,West,6,3187.75,878.46
2026-06-12,Mouse,Accessories,South,6,337.43,42.59
2026-07-03,Headphones,Accessories,North,8,2104.11,586.38
2026-06-27,Keyboard,Accessories,East,3,4333.94,1242.19
2026-06-20,Tablet,Electronics,North,10,3013.93,176.77
2026-06-25,Keyboard,Accessories,North,4,4393.24,564.99
2026-06-29,Printer,Office,West,2,913.72,246.34
2026-07-03,Speaker,Accessories,West,10,4707.51,584.0
2026-07-06,Monitor,Electronics,West,6,3880.85,1085.4
2026-06-19,Printer,Office,South,6,775.96,75.65
2026-06-27,Tablet,Electronics,East,4,2138.21,421.5
2026-07-11,Laptop,Electronics,East,6,895.97,153.99
2026-06-21,Speaker,Accessories,West,6,1139.0,68.92
2026-07-02,Printer,Office,South,4,2166.12,516.46
2026-07-05,Mouse,Accessories,North,10,1381.95,408.57
2026-07-03,Speaker,Accessories,East,2,1959.04,526.87
2026-06-30,Laptop,Electronics,West,7,2971.05,290.98
2026-07-01,Camera,Electronics,South,5,1873.78,356.17
2026-07-08,Camera,Electronics,East,9,4108.07,1007.09
2026-07-09,Mouse,Accessories,South,9,913.93,129.2
2026-06-30,Monitor,Electronics,East,3,1537.56,450.11
2026-06-27,Printer,Office,West,1,1322.97,132.99
2026-06-25,Printer,Office,West,5,188.4,54.44
2026-06-20,Mobile,Electronics,South,1,1211.28,204.84
2026-07-08,Speaker,Accessories,East,3,629.07,33.92
2026-06-21,Headphones,Accessories,East,2,2455.85,477.02
2026-07-02,Monitor,Electronics,East,5,741.18,163.38
2026-07-05,Monitor,Electronics,South,2,1193.07,111.51
2026-06-12,Monitor,Electronics,East,6,2738.54,193.79
2026-06-22,Keyboard,Accessories,West,7,1603.55,156.48
2026-06-16,Monitor,Electronics,South,9,2780.12,570.09
2026-06-16,Camera,Electronics,South,1,4670.12,1171.49
2026-06-27,Monitor,Electronics,East,8,3595.18,455.08
2026-07-07,Keyboard,Accessories,East,5,3524.87,516.93
2026-07-01,Headphones,Accessories,West,10,1278.92,352.27
2026-06-14,Speaker,Accessories,South,2,3017.54,886.81
2026-07-05,Printer,Office,North,10,3643.32,214.68
2026-07-03,Keyboard,Accessories,South,6,1871.57,347.99
2026-06-30,Speaker,Accessories,South,8,4002.11,273.91
2026-07-07,Camera,Electronics,North,5,1606.7,247.27
2026-06-22,Mouse,Accessories,South,2,1174.94,238.37
2026-06-28,Printer,Office,North,2,4282.19,829.54
2026-06-12,Tablet,Electronics,North,7,682.44,160.12
2026-06-25,Tablet,Electronics,South,7,4222.07,882.7
2026-06-26,Camera,Electronics,West,7,968.37,209.46
2026-07-05,Tablet,Electronics,East,7,2213.8,419.73
2026-07-01,Tablet,Electronics,East,10,1970.64,190.94
2026-06-18,Laptop,Electronics,North,10,1890.6,222.37
2026-07-05,Tablet,Electronics,West,1,891.62,146.65
2026-07-02,Mobile,Electronics,West,1,3339.03,474.18
2026-06-20,Speaker,Accessories,North,4,1873.71,231.67
2026-07-07,Tablet,Electronics,West,1,1812.47,412.59
2026-06-20,Printer,Office,West,7,452.39,77.43
2026-07-11,Laptop,Electronics,West,3,2570.44,191.12
2026-07-05,Headphones,Accessories,South,10,1013.54,136.32
2026-06-28,Keyboard,Accessories,West,7,3269.01,964.64
2026-06-12,Monitor,Electronics,West,6,2901.4,174.16
2026-06-27,Headphones,Accessories,East,8,1887.66,198.46
2026-07-07,Mouse,Accessories,East,5,1434.4,336.25
2026-06-25,Tablet,Electronics,North,4,3498.76,669.73
2026-06-17,Keyboard,Accessories,East,7,916.3,224.42
2026-06-17,Mouse,Accessories,North,3,3792.69,685.05
2026-07-10,Monitor,Electronics,North,5,1807.87,222.79
2026-06-13,Mouse,Accessories,North,5,1150.57,107.66
2026-07-07,Keyboard,Accessories,North,10,1320.07,319.96
2026-06-27,Speaker,Accessories,West,4,4318.74,1004.87
2026-06-14,Mobile,Electronics,East,3,2987.65,754.11
2026-07-11,Tablet,Electronics,East,3,2478.81,675.94
2026-06-18,Camera,Electronics,West,7,3995.91,1156.92
2026-07-09,Camera,Electronics,South,10,2238.48,668.39
2026-06-23,Headphones,Accessories,East,7,2806.18,472.4
2026-07-08,Monitor,Electronics,North,9,1132.08,120.91
2026-06-20,Keyboard,Accessories,East,8,2079.95,176.05
2026-07-04,Printer,Office,North,2,4739.29,874.97
2026-07-09,Speaker,Accessories,South,3,1610.25,352.22
2026-06-19,Monitor,Electronics,East,8,3558.11,709.48
2026-06-27,Printer,Office,East,6,2699.55,641.15
2026-06-12,Camera,Electronics,South,10,4099.97,1025.83
2026-06-17,Tablet,Electronics,East,7,1746.72,330.75
2026-07-10,Printer,Office,East,6,3206.6,355.53
2026-06-21,Monitor,Electronics,South,8,1814.98,298.56
2026-06-15,Laptop,Electronics,North,5,4986.8,747.43
2026-07-12,Laptop,Electronics,West,7,2133.83,354.97
2026-07-05,Speaker,Accessories,East,1,2889.29,284.55
2026-06-21,Printer,Office,East,4,1250.33,256.78
2026-06-12,Laptop,Electronics,North,4,2857.64,293.21
2026-06-23,Mobile,Electronics,East,7,3077.36,552.71
2026-07-10,Tablet,Electronics,West,4,4645.3,1119.62
2026-06-27,Headphones,Accessories,West,1,4182.48,1075.62
2026-06-19,Mouse,Accessories,West,6,634.39,105.21
2026-06-29,Mobile,Electronics,South,2,4312.64,432.0
2026-06-25,Mobile,Electronics,South,10,677.9,57.78
2026-06-21,Mouse,Accessories,North,7,2941.17,664.9
2026-06-25,Mouse,Accessories,South,4,4701.94,1381.45
2026-07-05,Keyboard,Accessories,East,8,3666.4,1029.6
2026-07-07,Printer,Office,West,10,2082.42,444.72
2026-07-08,Keyboard,Accessories,East,2,4652.16,1304.9
2026-06-24,Mouse,Accessories,West,8,3023.05,835.53
2026-06-19,Camera,Electronics,North,9,1971.1,155.1
2026-06-30,Laptop,Electronics,West,3,788.86,197.71
2026-06-18,Tablet,Electronics,North,7,4937.28,1254.89
2026-07-10,Headphones,Accessories,South,7,3074.94,384.38
2026-06-14,Camera,Electronics,South,9,248.48,13.67
2026-06-28,Keyboard,Accessories,North,3,4481.13,1063.29
2026-06-24,Speaker,Accessories,North,10,765.23,83.15
2026-06-18,Laptop,Electronics,West,9,4809.32,523.97
2026-06-15,Tablet,Electronics,East,7,2886.8,447.16
2026-07-03,Mouse,Accessories,West,3,2889.22,276.23
2026-06-15,Laptop,Electronics,North,10,3047.13,534.41
2026-06-28,Mobile,Electronics,East,6,3570.19,284.33
2026-06-27,Laptop,Electronics,North,3,757.71,182.95
2026-06-23,Printer,Office,West,9,3200.33,585.09
2026-06-20,Headphones,Accessories,North,5,237.98,36.13
2026-06-16,Laptop,Electronics,East,5,1083.54,221.93
2026-07-03,Printer,Office,North,9,4747.73,678.3
2026-07-10,Speaker,Accessories,West,4,4006.28,367.91
2026-06-18,Keyboard,Accessories,South,3,2925.32,597.07
2026-06-18,Laptop,Electronics,East,3,4924.12,1195.71
2026-06-20,Keyboard,Accessories,West,3,1924.3,530.1
2026-06-20,Mobile,Electronics,West,6,3935.75,946.49
2026-06-28,Mobile,Electronics,South,2,3631.56,498.57
2026-06-30,Keyboard,Accessories,South,8,1438.41,415.95
2026-07-06,Monitor,Electronics,East,8,4432.05,819.91
2026-06-19,Camera,Electronics,West,1,994.6,60.08
2026-06-29,Speaker,Accessories,North,1,4250.5,353.16
2026-07-06,Keyboard,Accessories,North,6,219.6,22.84
2026-06-19,Keyboard,Accessories,South,6,4980.25,714.79
2026-06-30,Monitor,Electronics,South,2,3030.0,786.57
2026-06-12,Mobile,Electronics,North,6,2867.12,635.85
2026-06-16,Printer,Office,South,4,4465.08,910.86
2026-06-21,Tablet,Electronics,East,6,2963.45,470.68
2026-06-28,Mobile,Electronics,South,9,1624.24,212.69
2026-07-07,Tablet,Electronics,West,3,1521.31,277.0
2026-06-30,Monitor,Electronics,West,5,3247.93,539.04
2026-07-07,Speaker,Accessories,South,2,4276.23,362.24
2026-06-18,Tablet,Electronics,North,2,2832.07,336.9
2026-06-18,Speaker,Accessories,North,8,1374.59,316.66
2026-06-26,Mobile,Electronics,East,5,4523.37,1141.85
2026-06-20,Headphones,Accessories,South,5,2204.31,274.93
2026-06-26,Tablet,Electronics,East,7,2759.86,445.35
2026-06-20,Laptop,Electronics,North,10,2548.37,512.01
2026-07-08,Speaker,Accessories,West,2,2851.86,757.11
2026-06-25,Headphones,Accessories,West,4,3339.81,527.23
2026-06-29,Camera,Electronics,North,4,4539.31,323.62
2026-06-29,Laptop,Electronics,North,4,4098.42,317.03
2026-06-20,Mobile,Electronics,East,1,3336.15,714.81
2026-07-01,Tablet,Electronics,North,9,323.08,26.08
2026-06-16,Speaker,Accessories,North,1,1445.79,215.95
2026-07-09,Mouse,Accessories,North,9,2412.77,240.96
2026-06-27,Laptop,Electronics,North,3,2458.62,485.75
2026-06-18,Speaker,Accessories,East,7,2511.35,308.94
2026-06-27,Tablet,Electronics,East,6,3123.33,440.96
2026-07-02,Tablet,Electronics,East,7,654.91,101.75
2026-07-08,Speaker,Accessories,West,1,526.56,111.55
2026-07-06,Printer,Office,West,10,4405.91,749.19
2026-06-26,Mobile,Electronics,West,10,2135.49,199.51
2026-06-25,Printer,Office,North,1,4741.63,917.36
2026-07-09,Laptop,Electronics,North,9,3765.64,902.42
2026-06-18,Keyboard,Accessories,South,6,2356.23,654.17
2026-06-22,Mobile,Electronics,North,10,4034.23,909.86
2026-07-11,Camera,Electronics,South,4,274.2,76.57
2026-06-22,Speaker,Accessories,East,8,3964.77,446.32
2026-07-11,Laptop,Electronics,East,10,1736.45,518.59
2026-07-11,Tablet,Electronics,East,4,2225.01,629.76
2026-06-28,Printer,Office,West,3,2662.79,322.34
2026-06-29,Camera,Electronics,North,1,2369.26,208.92
2026-07-08,Mouse,Accessories,North,3,4898.28,493.83
2026-06-12,Keyboard,Accessories,North,4,1301.03,129.9
2026-07-06,Printer,Office,South,3,3413.24,300.59
2026-06-17,Printer,Office,South,10,4281.63,805.74
2026-06-27,Monitor,Electronics,West,10,1790.96,302.31
2026-07-04,Printer,Office,North,1,4896.5,1215.65
2026-07-10,Speaker,Accessories,West,6,3261.26,663.72
2026-06-12,Mouse,Accessories,South,6,3611.53,499.92
2026-07-06,Laptop,Electronics,South,2,328.57,88.89
2026-06-19,Mouse,Accessories,East,4,3450.95,699.57
2026-06-24,Keyboard,Accessories,North,6,945.61,154.41
2026-07-11,Camera,Electronics,South,8,4804.25,737.34
2026-06-30,Printer,Office,South,3,2486.94,152.81
2026-06-13,Tablet,Electronics,West,10,2382.75,225.57
2026-06-22,Tablet,Electronics,North,1,4353.52,747.21
2026-07-04,Mouse,Accessories,East,8,4802.8,1418.19
2026-07-01,Laptop,Electronics,South,3,3345.55,649.96
2026-07-08,Printer,Office,South,1,3556.36,787.43
2026-07-02,Mobile,Electronics,East,7,3329.08,268.88
2026-06-18,Monitor,Electronics,North,9,3462.21,870.04
2026-06-25,Laptop,Electronics,East,8,273.42,77.23
2026-06-28,Monitor,Electronics,East,9,2771.61,284.79
2026-06-23,Laptop,Electronics,East,9,2274.09,366.94
2026-07-03,Laptop,Electronics,South,3,4478.37,1333.65
2026-07-11,Printer,Office,North,10,1991.09,115.41
2026-06-24,Laptop,Electronics,South,8,3016.2,863.16
2026-07-02,Printer,Office,West,7,4819.71,944.6
2026-07-08,Speaker,Accessories,West,10,2757.97,442.84
2026-06-26,Laptop,Electronics,East,1,2830.79,404.99
2026-06-28,Camera,Electronics,South,8,520.29,137.01
2026-07-04,Laptop,Electronics,North,2,2606.72,450.86
2026-06-14,Camera,Electronics,North,3,4379.85,421.77
2026-06-15,Mobile,Electronics,North,3,156.66,13.41
2026-07-01,Printer,Office,South,5,319.4,81.3
2026-07-10,Headphones,Accessories,North,7,3065.83,438.38
2026-06-22,Laptop,Electronics,West,2,4011.64,315.84
2026-07-01,Headphones,Accessories,South,2,1494.58,329.78
2026-06-21,Camera,Electronics,North,5,599.37,132.24
2026-07-05,Mouse,Accessories,West,5,1873.09,170.8
2026-06-24,Monitor,Electronics,North,7,926.46,137.32
2026-07-04,Tablet,Electronics,North,10,2525.2,639.0
2026-06-14,Speaker,Accessories,South,4,761.91,155.27
2026-06-27,Printer,Office,West,10,2266.71,612.14
2026-06-12,Monitor,Electronics,South,5,3131.17,370.36
2026-06-17,Camera,Electronics,South,9,3111.0,833.24
2026-06-22,Keyboard,Accessories,North,3,1919.85,321.65
2026-06-22,Keyboard,Accessories,South,10,841.58,238.46
2026-06-28,Tablet,Electronics,South,4,4366.85,1004.3
2026-06-14,Mouse,Accessories,East,8,4510.08,256.77
2026-06-24,Speaker,Accessories,North,10,2865.03,851.23
2026-06-18,Laptop,Electronics,West,2,1820.72,438.01
2026-07-11,Printer,Office,North,5,3346.4,726.54
2026-06-21,Camera,Electronics,East,3,4840.91,1381.94
2026-07-01,Mobile,Electronics,North,1,424.99,82.27
2026-07-02,Speaker,Accessories,East,7,4373.02,1209.24
2026-07-12,Laptop,Electronics,North,6,732.03,89.1
2026-07-03,Speaker,Accessories,West,6,1839.98,245.69
2026-06-30,Mouse,Accessories,West,10,4362.21,1203.5
2026-06-26,Speaker,Accessories,West,8,2183.02,372.65
2026-07-03,Camera,Electronics,North,8,1458.6,317.31
2026-06-26,Mouse,Accessories,West,1,3385.71,210.71
2026-07-12,Printer,Office,North,5,373.53,45.81
2026-06-16,Headphones,Accessories,North,8,2153.98,235.01
2026-07-03,Mouse,Accessories,East,6,3452.1,953.09
2026-06-12,Tablet,Electronics,North,9,4739.97,748.97
2026-06-16,Speaker,Accessories,North,5,4044.8,548.08
2026-06-22,Monitor,Electronics,South,1,2038.16,123.88
2026-06-13,Mobile,Electronics,East,1,3496.29,855.24
2026-06-29,Mobile,Electronics,West,5,2892.45,623.99
2026-07-10,Mouse,Accessories,South,10,715.03,155.15
2026-07-03,Printer,Office,South,1,3046.05,666.6
2026-07-12,Mouse,Accessories,North,8,1757.53,357.63
2026-06-22,Keyboard,Accessories,South,2,3283.44,370.33
2026-06-30,Speaker,Accessories,North,2,297.98,15.59
2026-06-17,Tablet,Electronics,North,1,782.31,50.8
2026-07-07,Laptop,Electronics,East,5,3291.99,869.18
2026-06-21,Tablet,Electronics,East,1,194.18,25.77
2026-07-01,Tablet,Electronics,East,7,1633.34,95.31
2026-07-11,Mouse,Accessories,North,7,3142.03,281.04
2026-06-25,Headphones,Accessories,West,8,1155.02,136.4
2026-07-05,Speaker,Accessories,North,4,2033.53,158.78
2026-07-11,Mobile,Electronics,West,1,1568.4,390.94
2026-07-04,Keyboard,Accessories,North,8,1507.01,127.41
2026-06-18,Speaker,Accessories,West,5,4798.7,264.33
2026-06-30,Tablet,Electronics,East,8,2792.61,210.01
2026-06-12,Tablet,Electronics,West,2,625.08,124.45
2026-06-12,Printer,Office,South,5,1682.84,369.29
2026-07-09,Headphones,Accessories,South,7,3255.87,672.6
2026-06-15,Mobile,Electronics,East,3,836.77,106.15
2026-07-04,Mouse,Accessories,North,2,1450.92,398.33
2026-06-25,Mouse,Accessories,West,3,4111.6,893.17
2026-07-08,Laptop,Electronics,South,10,2137.12,153.16
2026-06-24,Headphones,Accessories,North,8,2260.13,233.06
2026-06-25,Laptop,Electronics,East,3,3461.95,261.49
2026-07-11,Printer,Office,East,8,4128.63,881.21
2026-07-01,Mouse,Accessories,North,1,1703.39,394.79
2026-06-24,Speaker,Accessories,West,9,1660.78,253.11
2026-07-11,Keyboard,Accessories,North,6,2777.6,611.25
2026-07-07,Keyboard,Accessories,South,1,3878.29,1050.42
2026-07-06,Speaker,Accessories,South,1,1643.41,91.91
2026-07-09,Keyboard,Accessories,West,1,3757.67,767.06
2026-06-18,Tablet,Electronics,South,3,4281.14,564.59
2026-06-22,Mobile,Electronics,South,4,3369.86,766.47
2026-06-13,Mouse,Accessories,North,7,2845.61,293.23
2026-07-06,Camera,Electronics,West,3,4809.69,1128.67
2026-06-17,Camera,Electronics,East,4,3888.55,434.79
2026-07-07,Camera,Electronics,East,10,4977.65,878.36
2026-07-01,Mouse,Accessories,East,10,2448.05,313.35
2026-06-26,Keyboard,Accessories,West,5,2013.42,431.05
2026-06-29,Headphones,Accessories,South,4,1791.12,176.94
2026-06-19,Speaker,Accessories,East,6,1616.87,464.22
2026-06-30,Speaker,Accessories,East,8,3899.92,519.21
2026-07-04,Camera,Electronics,West,8,2023.8,316.58
2026-07-05,Laptop,Electronics,South,6,3519.29,914.5
2026-06-24,Mobile,Electronics,South,6,4479.46,590.16
2026-06-30,Headphones,Accessories,South,1,4312.26,244.71
2026-06-13,Mouse,Accessories,West,6,3958.54,367.94
2026-07-11,Keyboard,Accessories,East,9,4583.18,1234.26
2026-07-11,Laptop,Electronics,South,8,1956.16,366.62
2026-06-14,Speaker,Accessories,East,2,573.96,66.41
2026-06-23,Mobile,Electronics,North,3,4914.17,662.23
2026-06-18,Camera,Electronics,East,9,2626.4,624.76
2026-07-07,Monitor,Electronics,West,1,3222.01,807.41
2026-07-08,Tablet,Electronics,East,8,3077.13,315.74
2026-06-15,Mobile,Electronics,South,1,992.87,69.46
2026-07-12,Speaker,Accessories,South,5,1445.84,377.95
2026-06-30,Monitor,Electronics,West,7,3203.73,739.89
2026-06-30,Laptop,Electronics,North,5,1101.01,154.16
2026-07-12,Keyboard,Accessories,East,4,123.19,18.44
2026-06-22,Mobile,Electronics,South,10,3246.58,585.51
2026-07-02,Headphones,Accessories,West,2,4231.82,1236.26
2026-06-18,Speaker,Accessories,East,9,2105.87,120.13
2026-06-25,Keyboard,Accessories,North,3,4207.26,876.36
2026-06-29,Headphones,Accessories,West,10,2130.28,447.38
2026-07-09,Laptop,Electronics,South,6,1597.17,281.84
2026-07-12,Headphones,Accessories,West,2,4836.49,1120.25
2026-06-20,Speaker,Accessories,North,5,1290.95,144.21
2026-06-26,Headphones,Accessories,West,4,2673.9,404.88
2026-06-18,Tablet,Electronics,South,4,2928.54,436.25
2026-07-08,Mouse,Accessories,East,1,1118.94,278.69
2026-07-05,Speaker,Accessories,South,3,1405.9,169.42
2026-07-08,Camera,Electronics,North,9,2951.7,334.3
2026-06-15,Speaker,Accessories,South,9,2429.71,659.19
2026-06-19,Headphones,Accessories,South,4,4585.85,925.76
2026-06-22,Monitor,Electronics,North,8,3173.52,229.81
2026-07-05,Laptop,Electronics,South,7,350.69,82.94
2026-07-01,Speaker,Accessories,West,5,2087.62,502.06
2026-07-03,Monitor,Electronics,North,5,1662.72,187.62
2026-06-24,Mobile,Electronics,South,5,1575.93,124.33
2026-07-03,Laptop,Electronics,East,2,441.47,30.74
2026-06-17,Laptop,Electronics,East,8,4912.74,439.05
2026-07-02,Keyboard,Accessories,South,1,4361.08,743.82
2026-06-21,Speaker,Accessories,South,8,4987.9,298.32
2026-06-22,Camera,Electronics,West,4,824.41,72.61
2026-06-22,Tablet,Electronics,South,4,2316.45,517.68
2026-07-04,Monitor,Electronics,North,9,1627.39,335.35
2026-06-13,Mobile,Electronics,South,10,591.32,176.16
2026-06-18,Printer,Office,West,2,4265.74,652.44
2026-06-23,Printer,Office,East,6,2208.97,376.2
2026-07-08,Mouse,Accessories,North,8,3588.54,893.78
2026-06-12,Laptop,Electronics,East,4,1392.35,115.51
2026-06-13,Mouse,Accessories,West,5,3822.15,534.59
2026-07-11,Tablet,Electronics,West,4,3649.18,1005.6
2026-06-19,Camera,Electronics,East,10,689.79,126.68
2026-06-24,Speaker,Accessories,East,5,2866.9,800.97
2026-06-24,Keyboard,Accessories,West,3,2304.79,447.87
2026-06-15,Mouse,Accessories,West,10,4543.15,1072.93
2026-06-25,Monitor,Electronics,West,3,216.46,57.55
2026-07-09,Camera,Electronics,West,8,1415.83,227.66
2026-06-30,Camera,Electronics,South,3,1754.23,100.61
2026-06-18,Mobile,Electronics,North,9,3652.49,336.18
2026-07-11,Mobile,Electronics,North,4,1179.98,202.81
2026-06-19,Headphones,Accessories,East,2,4253.71,555.88
2026-06-20,Laptop,Electronics,West,10,4373.75,453.77
2026-07-12,Laptop,Electronics,South,9,4723.07,339.73
2026-07-08,Tablet,Electronics,West,6,4314.31,923.25
2026-06-20,Speaker,Accessories,North,1,1638.53,98.66
2026-06-25,Camera,Electronics,East,9,3487.35,379.9
2026-07-11,Keyboard,Accessories,South,3,153.93,17.74
2026-06-15,Monitor,Electronics,West,8,1316.96,264.82
2026-06-28,Monitor,Electronics,East,8,3734.24,255.75
2026-07-12,Printer,Office,West,9,1021.18,235.08
2026-06-15,Laptop,Electronics,North,8,4256.84,722.03
2026-07-05,Monitor,Electronics,South,8,840.99,62.88
2026-07-03,Mouse,Accessories,East,7,3111.69,911.96
2026-07-03,Monitor,Electronics,South,6,2587.53,418.86
2026-07-03,Keyboard,Accessories,South,6,1766.47,336.23
2026-06-26,Camera,Electronics,North,9,4106.71,942.62
2026-06-22,Monitor,Electronics,East,10,3135.51,349.3
2026-06-26,Monitor,Electronics,East,3,1056.17,276.81
2026-07-05,Camera,Electronics,East,8,3264.75,368.43
2026-07-11,Tablet,Electronics,East,4,3937.67,1179.92
2026-07-08,Keyboard,Accessories,North,1,2160.36,225.33
2026-07-10,Mouse,Accessories,East,7,3898.27,438.01
2026-06-29,Monitor,Electronics,South,6,3861.07,793.49
2026-06-19,Monitor,Electronics,North,10,3160.9,436.5
2026-06-20,Monitor,Electronics,East,2,2937.19,691.64
2026-06-30,Monitor,Electronics,West,5,4568.52,1307.67
2026-06-18,Camera,Electronics,West,1,251.83,19.42
2026-07-07,Keyboard,Accessories,East,1,3404.27,612.78
2026-06-25,Headphones,Accessories,North,10,3051.1,666.11
2026-06-30,Mouse,Accessories,East,10,4314.34,425.12
2026-07-10,Keyboard,Accessories,South,2,3810.44,1103.02
2026-06-23,Mouse,Accessories,West,1,1364.72,363.7
2026-07-11,Monitor,Electronics,South,9,3796.57,826.27
2026-06-19,Monitor,Electronics,West,6,3277.33,173.23
2026-07-12,Laptop,Electronics,East,2,1283.69,294.92
2026-06-17,Mouse,Accessories,East,7,3280.19,811.44
2026-07-11,Camera,Electronics,North,10,746.61,106.96
2026-06-20,Printer,Office,East,6,4835.89,370.61
2026-07-01,Monitor,Electronics,North,8,560.18,40.17
2026-06-15,Mobile,Electronics,South,7,1248.23,215.51
2026-06-14,Keyboard,Accessories,South,4,614.93,124.6
2026-06-12,Speaker,Accessories,East,6,2906.98,786.17
2026-06-26,Laptop,Electronics,East,3,2794.15,303.59
2026-06-22,Printer,Office,North,10,1298.81,91.5
2026-07-08,Monitor,Electronics,South,1,350.0,104.17
2026-07-11,Mobile,Electronics,East,4,494.5,56.92
2026-06-29,Printer,Office,East,9,846.88,160.07
2026-06-24,Printer,Office,South,2,4749.58,821.81
2026-07-12,Tablet,Electronics,North,3,2598.02,466.6
2026-06-12,Keyboard,Accessories,South,7,3779.58,609.02
2026-06-28,Mouse,Accessories,South,3,1189.31,206.91
2026-06-28,Tablet,Electronics,West,7,2999.91,801.52
2026-07-03,Camera,Electronics,East,2,4211.61,1123.12
2026-06-14,Headphones,Accessories,North,10,4938.61,540.41
2026-07-04,Headphones,Accessories,South,3,432.25,62.69
2026-06-17,Mouse,Accessories,East,10,1855.54,281.11
2026-07-10,Mobile,Electronics,North,3,3371.26,643.94
2026-06-12,Headphones,Accessories,West,10,3893.65,426.76
2026-06-26,Headphones,Accessories,West,5,2990.33,276.22
2026-07-01,Camera,Electronics,East,5,815.01,51.89
2026-06-26,Printer,Office,South,6,710.03,67.5
2026-06-12,Mouse,Accessories,South,10,2751.28,153.02
2026-06-28,Mouse,Accessories,West,5,1168.81,254.74
2026-06-14,Laptop,Electronics,East,8,3647.16,1040.79
2026-07-02,Headphones,Accessories,North,8,2630.02,704.35
2026-06-30,Camera,Electronics,North,1,4208.14,568.54
2026-06-22,Printer,Office,West,3,4168.43,1109.17
2026-06-28,Laptop,Electronics,West,4,1979.29,278.37
2026-06-27,Headphones,Accessories,West,8,1015.43,213.33
2026-06-22,Keyboard,Accessories,North,6,3958.76,875.04
2026-06-12,Headphones,Accessories,West,1,2639.2,180.59
2026-06-25,Headphones,Accessories,West,3,1135.39,338.29
2026-06-29,Monitor,Electronics,North,4,2878.27,233.08
2026-07-03,Mobile,Electronics,West,10,2715.29,388.44
2026-06-23,Headphones,Accessories,East,5,4366.5,330.77
2026-06-26,Laptop,Electronics,West,10,2372.58,408.03
2026-06-16,Laptop,Electronics,North,7,330.92,64.56
2026-06-25,Speaker,Accessories,North,6,3883.54,760.55
2026-07-08,Keyboard,Accessories,North,2,1494.18,184.66
2026-06-17,Mouse,Accessories,North,9,2914.52,475.0
2026-06-17,Laptop,Electronics,South,9,3905.93,569.85
2026-06-24,Printer,Office,North,9,1676.65,419.36
2026-06-14,Speaker,Accessories,East,4,3752.15,291.15
2026-06-12,Speaker,Accessories,North,3,3690.05,448.17
2026-07-09,Mobile,Electronics,North,10,2293.29,381.24
2026-06-17,Laptop,Electronics,East,3,3149.83,280.26
2026-07-03,Laptop,Electronics,East,7,2191.22,226.09
2026-06-15,Printer,Office,West,10,718.92,204.89
2026-06-19,Speaker,Accessories,East,9,2501.6,590.26
2026-06-17,Mobile,Electronics,North,9,742.42,168.41
2026-07-07,Speaker,Accessories,West,3,1115.14,217.5
2026-06-23,Laptop,Electronics,East,4,4400.47,1068.14
2026-06-28,Mobile,Electronics,South,3,3320.78,894.06
2026-07-10,Printer,Office,West,1,3163.03,656.94
2026-06-19,Speaker,Accessories,North,4,2557.28,128.32
2026-06-21,Mouse,Accessories,North,10,1879.25,305.89
2026-06-15,Laptop,Electronics,North,4,1915.64,268.32
2026-07-01,Tablet,Electronics,East,8,1492.86,240.83
2026-06-29,Printer,Office,East,9,3018.87,902.82
2026-07-08,Laptop,Electronics,West,2,4275.08,600.29
2026-06-18,Headphones,Accessories,East,9,1914.49,520.53
2026-06-24,Mouse,Accessories,North,10,4406.4,1204.6
2026-07-06,Headphones,Accessories,South,6,1008.79,82.78
2026-06-17,Mobile,Electronics,South,10,2865.65,836.39
2026-07-01,Monitor,Electronics,East,6,4440.26,267.88
2026-06-18,Laptop,Electronics,South,5,3878.94,997.21
2026-07-07,Mouse,Accessories,North,10,4111.03,1071.16
2026-06-20,Headphones,Accessories,South,4,3874.06,649.77
2026-07-01,Headphones,Accessories,South,1,904.59,54.72
2026-07-03,Mobile,Electronics,South,10,2665.13,306.6
2026-06-12,Laptop,Electronics,North,5,2903.35,404.79
2026-07-08,Tablet,Electronics,South,10,4947.68,255.08
2026-06-28,Camera,Electronics,North,6,1704.95,241.5
2026-06-19,Mouse,Accessories,South,9,766.58,197.28
2026-06-13,Monitor,Electronics,West,10,2260.01,397.22
2026-06-19,Tablet,Electronics,North,5,2088.64,606.24
2026-06-13,Mobile,Electronics,East,7,497.3,125.67
2026-07-09,Camera,Electronics,North,2,2132.74,281.18
2026-06-25,Speaker,Accessories,South,9,681.3,81.87
2026-06-26,Mobile,Electronics,East,8,3399.14,912.72
2026-07-10,Printer,Office,North,3,1776.06,408.9
2026-06-25,Headphones,Accessories,East,4,1858.66,373.17
2026-06-22,Tablet,Electronics,South,1,1424.23,126.36
2026-07-02,Headphones,Accessories,West,9,3546.72,1018.59
2026-06-21,Keyboard,Accessories,West,6,576.28,135.95
2026-07-11,Monitor,Electronics,North,7,4800.38,1346.58
2026-07-07,Keyboard,Accessories,South,8,1934.74,501.18
2026-06-15,Headphones,Accessories,East,8,2195.83,233.81
2026-07-04,Laptop,Electronics,South,3,2864.47,582.82
2026-06-13,Printer,Office,North,2,1379.99,201.36
2026-06-30,Speaker,Accessories,West,7,3839.52,677.28
2026-06-16,Mobile,Electronics,North,4,3750.68,625.33
2026-06-20,Laptop,Electronics,South,7,718.48,53.92
2026-06-24,Mobile,Electronics,East,10,1860.97,548.33
2026-06-29,Monitor,Electronics,West,3,2429.23,604.64
2026-06-13,Printer,Office,West,2,1688.29,422.57
2026-06-30,Headphones,Accessories,East,6,299.09,65.12
2026-07-12,Keyboard,Accessories,North,8,4433.43,379.24
2026-07-03,Mouse,Accessories,East,6,777.05,228.82
2026-06-25,Printer,Office,West,10,1076.05,281.66
2026-07-01,Printer,Office,West,8,458.2,86.75
2026-06-13,Camera,Electronics,South,5,1628.28,100.47
2026-07-04,Keyboard,Accessories,East,10,1970.64,200.61
2026-06-17,Monitor,Electronics,North,10,2633.97,692.5
2026-07-07,Keyboard,Accessories,West,1,3053.69,808.41
2026-07-08,Mouse,Accessories,East,5,1985.81,383.0
2026-07-10,Keyboard,Accessories,North,2,4563.9,1285.3
2026-06-21,Monitor,Electronics,North,3,673.17,117.56
2026-06-16,Speaker,Accessories,West,1,1429.07,242.61
2026-06-30,Monitor,Electronics,West,7,739.11,69.49
2026-06-16,Speaker,Accessories,North,8,3393.57,483.33
2026-06-13,Mobile,Electronics,East,7,4051.04,444.2
2026-06-19,Monitor,Electronics,South,5,4945.47,705.14
2026-07-01,Mouse,Accessories,South,9,4166.47,1168.69
2026-06-25,Mouse,Accessories,East,1,3143.6,464.75
2026-07-10,Tablet,Electronics,East,8,2472.83,296.27
2026-06-22,Printer,Office,North,3,1486.78,258.56
2026-07-02,Keyboard,Accessories,West,7,3656.75,195.85
2026-07-01,Headphones,Accessories,East,9,2160.2,353.0
2026-07-04,Headphones,Accessories,North,8,4650.89,735.53
2026-07-05,Headphones,Accessories,South,2,4589.84,1263.98
2026-06-17,Mouse,Accessories,South,1,1303.48,352.49
2026-06-23,Camera,Electronics,East,7,1889.98,233.03
2026-07-11,Speaker,Accessories,East,6,1682.44,298.42
2026-06-29,Keyboard,Accessories,West,7,4872.77,415.42
2026-06-22,Tablet,Electronics,North,8,4287.65,1176.73
2026-06-30,Mobile,Electronics,South,1,1489.37,363.9
2026-07-09,Camera,Electronics,South,2,4619.37,1046.0
2026-07-06,Monitor,Electronics,South,4,1233.56,308.86
2026-07-09,Camera,Electronics,East,5,2764.24,365.61
2026-06-29,Laptop,Electronics,North,10,4359.92,982.3
2026-07-12,Keyboard,Accessories,South,1,668.73,149.47
2026-06-12,Speaker,Accessories,South,2,1641.61,363.0
2026-07-01,Speaker,Accessories,West,7,1683.11,364.39
2026-06-28,Printer,Office,West,1,4889.81,1021.22
2026-06-14,Mobile,Electronics,West,1,4719.59,471.51
2026-07-11,Speaker,Accessories,South,6,3596.19,219.89
2026-06-20,Headphones,Accessories,West,8,756.34,76.52
2026-07-12,Laptop,Electronics,South,7,4835.06,1044.06
2026-06-27,Camera,Electronics,East,3,179.11,51.52
2026-06-12,Speaker,Accessories,East,7,3564.37,555.05
2026-06-21,Mouse,Accessories,North,2,2368.16,158.47
2026-06-22,Monitor,Electronics,North,2,968.9,112.89
2026-07-08,Keyboard,Accessories,East,5,1573.9,221.98
2026-06-21,Camera,Electronics,East,9,4737.6,262.84
2026-06-15,Headphones,Accessories,East,8,1446.53,373.97
2026-06-28,Laptop,Electronics,East,3,3503.11,278.87
2026-06-28,Mobile,Electronics,West,2,3520.62,969.22
2026-07-12,Mobile,Electronics,West,9,1803.58,371.21
2026-07-02,Camera,Electronics,West,1,3441.54,511.99
2026-07-04,Printer,Office,East,3,1459.01,394.99
2026-06-18,Monitor,Electronics,East,9,2247.61,390.21
2026-06-13,Printer,Office,East,2,3801.08,1117.92
2026-06-28,Mouse,Accessories,South,4,2117.4,230.37
2026-06-20,Mouse,Accessories,South,4,4820.57,422.73
2026-07-11,Printer,Office,West,9,3480.33,853.19
2026-06-24,Camera,Electronics,West,7,1761.64,524.6
2026-06-20,Headphones,Accessories,North,9,629.43,64.18
2026-06-22,Keyboard,Accessories,West,2,3721.52,732.41
2026-06-22,Headphones,Accessories,South,3,2681.72,463.98
2026-07-10,Headphones,Accessories,East,3,1959.52,298.18
2026-07-05,Keyboard,Accessories,East,7,2096.58,462.69
2026-06-15,Tablet,Electronics,East,3,1124.59,269.58
2026-06-25,Speaker,Accessories,South,9,3450.75,508.56
2026-06-16,Laptop,Electronics,East,1,3001.76,500.22
2026-06-16,Monitor,Electronics,West,2,2952.13,476.75
2026-07-05,Laptop,Electronics,West,10,854.79,163.1
2026-07-03,Printer,Office,South,4,4543.77,1201.94
2026-06-17,Speaker,Accessories,East,8,2054.84,408.44
2026-06-23,Laptop,Electronics,South,1,3686.22,205.16
2026-06-26,Printer,Office,East,5,3896.61,823.17
2026-06-20,Tablet,Electronics,South,2,1825.94,393.6
2026-07-11,Mouse,Accessories,North,8,452.69,52.25
2026-07-11,Mobile,Electronics,North,1,3420.06,258.64
2026-06-12,Tablet,Electronics,East,3,4456.22,1184.0
2026-07-10,Camera,Electronics,South,7,2101.46,544.76
2026-06-24,Laptop,Electronics,West,7,3103.33,413.34
2026-07-06,Keyboard,Accessories,South,10,4430.51,442.95
2026-07-03,Mouse,Accessories,South,1,3758.07,833.11
2026-06-20,Headphones,Accessories,West,10,2494.8,621.82
2026-06-17,Headphones,Accessories,West,4,713.79,165.62
2026-07-05,Camera,Electronics,South,10,2554.56,506.72
2026-06-20,Laptop,Electronics,West,2,3238.93,685.09
2026-07-04,Headphones,Accessories,South,8,2532.17,745.24
2026-06-12,Mobile,Electronics,East,7,1899.26,100.02
2026-06-14,Monitor,Electronics,South,7,1161.85,308.37
2026-06-28,Tablet,Electronics,West,3,4302.99,704.15
2026-06-16,Keyboard,Accessories,South,8,2553.32,352.67
2026-07-01,Tablet,Electronics,North,6,3520.22,316.52
2026-06-21,Speaker,Accessories,East,5,211.85,33.76
2026-06-13,Mobile,Electronics,West,1,1698.89,328.78
2026-06-28,Mouse,Accessories,East,4,4307.07,299.05
2026-07-08,Monitor,Electronics,West,5,1327.45,355.35
2026-07-11,Speaker,Accessories,West,6,4912.4,373.95
2026-07-12,Mouse,Accessories,North,10,4128.54,538.4
2026-06-27,Mobile,Electronics,East,3,3293.66,247.72
2026-06-12,Camera,Electronics,South,10,2273.87,223.63
2026-06-25,Speaker,Accessories,East,10,4618.21,898.71
2026-07-02,Headphones,Accessories,South,4,4058.45,680.76
2026-06-13,Laptop,Electronics,East,2,3498.81,281.8
2026-06-18,Laptop,Electronics,South,7,4028.12,579.63
2026-06-18,Speaker,Accessories,West,3,4968.53,1194.06
2026-07-08,Camera,Electronics,North,5,3142.99,769.64
2026-07-12,Monitor,Electronics,South,7,2829.05,328.11
2026-07-02,Camera,Electronics,North,5,2758.14,443.62
2026-07-10,Mouse,Accessories,West,2,1376.53,177.99
2026-06-24,Monitor,Electronics,West,2,3615.07,839.51
2026-06-16,Monitor,Electronics,North,5,1306.25,329.69
2026-06-28,Keyboard,Accessories,North,4,734.95,144.66
2026-06-12,Mobile,Electronics,South,1,1787.82,370.55
2026-06-30,Mouse,Accessories,East,8,1491.72,316.74
2026-06-14,Laptop,Electronics,East,9,4712.29,493.51
2026-07-04,Mobile,Electronics,West,1,1796.28,445.45
2026-07-08,Mouse,Accessories,South,4,540.38,93.08
2026-06-30,Camera,Electronics,East,2,151.88,38.55
2026-06-12,Laptop,Electronics,South,4,443.44,112.57
2026-06-20,Laptop,Electronics,North,10,473.11,133.54
2026-06-14,Mouse,Accessories,East,3,2117.81,265.67
2026-06-27,Monitor,Electronics,North,7,2815.9,509.63
2026-06-12,Monitor,Electronics,South,2,4866.05,450.97
2026-07-02,Monitor,Electronics,North,10,2838.06,382.54
2026-06-26,Speaker,Accessories,East,7,1468.48,317.53
2026-07-04,Camera,Electronics,West,6,3599.12,755.9
2026-06-19,Headphones,Accessories,South,2,599.29,93.39
2026-06-15,Laptop,Electronics,North,8,4236.34,738.29
2026-06-13,Keyboard,Accessories,West,7,4831.42,657.81
2026-07-12,Mouse,Accessories,North,9,4029.68,749.5
2026-07-01,Mouse,Accessories,West,1,4344.26,817.89
2026-06-25,Laptop,Electronics,West,3,3537.86,229.11
2026-07-02,Camera,Electronics,North,10,2355.58,350.17
2026-06-18,Camera,Electronics,South,1,2283.93,508.16
2026-06-29,Camera,Electronics,North,10,2405.86,452.63
2026-06-25,Tablet,Electronics,East,2,1924.43,163.41
2026-07-10,Speaker,Accessories,North,10,3902.64,906.55
2026-06-27,Printer,Office,West,3,4707.48,1081.4
2026-06-19,Monitor,Electronics,East,5,4274.5,1236.32
2026-06-28,Camera,Electronics,North,2,1202.32,211.7
2026-07-11,Laptop,Electronics,South,5,4486.17,965.71
2026-06-19,Headphones,Accessories,North,1,1455.81,359.37
2026-07-10,Monitor,Electronics,West,6,1612.23,410.98
2026-06-30,Printer,Office,East,1,223.53,13.64
2026-06-16,Mouse,Accessories,East,6,3612.96,554.68
2026-06-18,Camera,Electronics,East,9,2650.91,593.62
2026-06-24,Tablet,Electronics,West,5,4178.27,535.94
2026-06-14,Speaker,Accessories,East,3,2446.0,621.72
2026-07-10,Mobile,Electronics,West,10,4910.58,585.33
2026-06-12,Tablet,Electronics,South,6,3930.89,1124.07
2026-06-14,Mobile,Electronics,South,4,1794.43,354.8
2026-07-10,Mouse,Accessories,South,1,3822.72,497.63
2026-06-26,Laptop,Electronics,North,1,2637.88,726.67
2026-06-20,Tablet,Electronics,South,1,3400.3,360.58
2026-07-02,Headphones,Accessories,West,3,2157.65,338.3
2026-07-11,Laptop,Electronics,West,2,991.46,228.72
2026-06-14,Speaker,Accessories,North,10,1867.33,506.98
2026-06-26,Tablet,Electronics,West,3,3569.27,646.89
2026-06-17,Headphones,Accessories,South,10,736.84,140.15
2026-07-09,Speaker,Accessories,South,5,2428.29,485.36
2026-06-30,Keyboard,Accessories,West,8,4865.15,871.34
2026-07-10,Mobile,Electronics,South,2,3577.9,595.56
2026-06-28,Mouse,Accessories,East,8,1601.12,470.62
2026-06-30,Camera,Electronics,West,1,1798.98,296.12
2026-06-16,Camera,Electronics,West,9,390.99,68.87
2026-07-10,Headphones,Accessories,East,4,2890.81,548.92
2026-07-04,Speaker,Accessories,North,6,1355.33,301.73
2026-06-12,Headphones,Accessories,East,3,679.2,202.89
2026-07-12,Headphones,Accessories,North,6,308.35,80.17
2026-07-11,Speaker,Accessories,East,4,1482.69,145.96
2026-07-08,Camera,Electronics,West,6,2378.66,625.92
2026-06-19,Monitor,Electronics,West,1,153.98,37.51
2026-07-10,Keyboard,Accessories,North,8,1419.46,324.71
2026-07-12,Laptop,Electronics,West,2,4016.31,433.6
2026-07-10,Tablet,Electronics,South,1,4089.63,522.06
2026-07-05,Speaker,Accessories,South,1,3692.04,777.22
2026-07-11,Headphones,Accessories,West,4,3728.27,843.42
2026-06-18,Mobile,Electronics,North,3,1859.08,149.14
2026-07-08,Mobile,Electronics,West,9,3282.75,239.2
2026-06-15,Tablet,Electronics,North,1,830.66,236.13
2026-06-23,Tablet,Electronics,West,4,1605.97,273.96
2026-07-09,Monitor,Electronics,East,2,989.53,255.74
2026-06-16,Camera,Electronics,West,8,3694.19,1086.83
2026-07-07,Speaker,Accessories,South,10,2489.27,452.76
2026-07-05,Laptop,Electronics,North,1,4337.73,923.19
2026-06-17,Camera,Electronics,South,3,3729.03,284.89
2026-06-16,Monitor,Electronics,East,10,3324.9,933.09
2026-06-15,Keyboard,Accessories,North,3,1614.65,470.95
2026-06-28,Speaker,Accessories,West,2,3301.43,632.29
2026-07-09,Speaker,Accessories,West,1,1652.11,370.97
2026-06-17,Tablet,Electronics,West,2,3635.94,518.67
2026-07-12,Mouse,Accessories,North,10,1417.34,418.49
2026-07-07,Headphones,Accessories,West,5,4871.97,1001.54
2026-06-17,Camera,Electronics,East,3,1110.35,318.69
2026-07-05,Mouse,Accessories,South,1,4671.2,601.03
2026-06-30,Speaker,Accessories,West,9,2615.06,429.97
2026-06-29,Camera,Electronics,West,3,2420.69,314.62
2026-07-11,Tablet,Electronics,South,10,3937.06,366.9
2026-07-03,Tablet,Electronics,East,6,1514.47,174.54
2026-07-02,Headphones,Accessories,North,6,1115.21,268.3
2026-07-10,Monitor,Electronics,East,9,426.54,47.6
2026-06-18,Mouse,Accessories,West,6,2750.29,632.33
2026-06-13,Keyboard,Accessories,West,6,4122.07,1097.59
2026-07-06,Camera,Electronics,East,1,3062.04,182.41
2026-06-16,Printer,Office,North,5,3374.37,726.23
2026-06-24,Camera,Electronics,West,4,4964.51,1301.98
2026-06-12,Tablet,Electronics,East,6,676.37,96.47
2026-06-13,Keyboard,Accessories,North,10,4156.34,1112.43
2026-07-11,Printer,Office,East,9,4064.05,368.88
2026-06-21,Headphones,Accessories,North,1,3584.11,765.42
2026-06-16,Printer,Office,East,7,4670.96,1322.01
2026-07-01,Mouse,Accessories,East,5,789.55,217.1
2026-06-28,Mouse,Accessories,South,6,631.9,153.97
2026-06-15,Printer,Office,North,10,2397.5,690.2
2026-06-25,Laptop,Electronics,East,3,2279.62,358.81
2026-07-09,Laptop,Electronics,West,4,1463.78,77.16
2026-07-06,Printer,Office,North,5,1072.78,123.34
2026-06-15,Monitor,Electronics,South,1,445.51,60.63
2026-06-22,Keyboard,Accessories,North,7,4500.34,783.65
2026-06-14,Printer,Office,East,7,2302.77,462.99
2026-07-11,Printer,Office,West,3,4991.41,490.71
2026-07-02,Mouse,Accessories,East,3,1301.18,284.6
2026-06-23,Laptop,Electronics,West,1,3196.57,856.88
2026-07-09,Mouse,Accessories,East,2,1151.89,95.22
2026-07-06,Camera,Electronics,North,2,1084.56,117.53
2026-06-24,Mouse,Accessories,North,1,4061.01,697.06
2026-06-16,Headphones,Accessories,West,10,4529.76,736.23
2026-06-13,Speaker,Accessories,West,4,1237.68,79.34
2026-06-16,Tablet,Electronics,North,6,1834.9,237.55
2026-06-30,Headphones,Accessories,North,9,345.03,51.8
2026-07-01,Laptop,Electronics,West,8,2257.3,258.41
2026-06-22,Mobile,Electronics,West,7,4286.21,831.66
2026-07-08,Monitor,Electronics,South,5,1249.38,330.52
2026-06-13,Printer,Office,North,8,515.74,149.13
2026-07-12,Printer,Office,South,3,3963.14,656.76
2026-07-06,Mouse,Accessories,North,3,2662.99,175.78
2026-06-30,Mouse,Accessories,South,6,3859.35,413.0
2026-06-25,Mobile,Electronics,West,4,3015.06,857.6
2026-06-21,Headphones,Accessories,West,6,2352.15,576.82
2026-06-13,Tablet,Electronics,West,6,871.08,149.55
2026-07-04,Headphones,Accessories,North,5,4196.69,670.63
2026-07-07,Laptop,Electronics,South,9,914.41,113.99
2026-06-28,Printer,Office,North,3,2255.64,574.09
2026-07-09,Keyboard,Accessories,South,8,3448.8,655.5
2026-06-29,Headphones,Accessories,East,8,2983.25,177.11
2026-07-11,Monitor,Electronics,East,9,1257.63,67.01
2026-07-02,Speaker,Accessories,North,8,3199.01,599.13
2026-07-05,Headphones,Accessories,North,7,937.34,145.62
2026-06-19,Laptop,Electronics,West,8,3370.19,919.78
2026-06-20,Laptop,Electronics,North,7,2540.1,423.12
2026-06-25,Monitor,Electronics,East,4,648.81,49.34
2026-06-21,Camera,Electronics,North,7,3244.24,262.36
2026-06-23,Laptop,Electronics,North,9,1581.79,257.11
2026-06-26,Camera,Electronics,South,7,1128.63,303.47
2026-06-17,Mouse,Accessories,South,2,3715.39,357.24
2026-07-08,Mobile,Electronics,North,1,4987.92,791.0
2026-06-28,Mobile,Electronics,West,3,2983.19,387.82
2026-07-09,Printer,Office,North,6,423.32,72.61
2026-07-11,Laptop,Electronics,West,5,3803.09,467.84
2026-06-30,Laptop,Electronics,North,8,1825.12,247.58
2026-06-19,Mobile,Electronics,East,8,4579.17,961.85
2026-06-17,Printer,Office,East,9,971.07,249.27
2026-06-28,Camera,Electronics,South,2,3442.87,236.26
2026-06-19,Camera,Electronics,North,7,1830.1,251.01
2026-07-12,Camera,Electronics,South,1,2362.06,354.12
2026-06-16,Monitor,Electronics,North,7,3435.49,835.37
2026-06-29,Laptop,Electronics,North,4,2413.67,453.83
2026-06-23,Speaker,Accessories,North,10,1943.67,160.78
2026-06-29,Printer,Office,North,6,346.02,99.96
2026-07-10,Camera,Electronics,West,8,2773.41,730.3
2026-06-12,Mobile,Electronics,North,7,4679.49,1248.62
2026-06-28,Mobile,Electronics,North,4,2811.04,495.13
2026-06-23,Monitor,Electronics,West,8,4294.27,750.95
2026-07-03,Keyboard,Accessories,South,3,1078.12,132.47
2026-06-16,Camera,Electronics,South,8,3855.69,254.84
2026-06-16,Printer,Office,East,2,1963.23,549.24
2026-06-20,Keyboard,Accessories,South,10,3174.81,879.35
2026-06-12,Mobile,Electronics,North,4,1436.58,291.32
2026-07-01,Speaker,Accessories,South,3,2151.53,145.39
2026-06-23,Tablet,Electronics,West,10,4259.22,903.97
2026-06-28,Laptop,Electronics,North,5,3651.28,681.17
2026-07-04,Camera,Electronics,East,1,3321.08,675.41
2026-06-16,Monitor,Electronics,North,10,4772.01,329.83
2026-07-09,Headphones,Accessories,East,2,4379.61,427.0
2026-06-28,Headphones,Accessories,South,9,1916.17,271.52
2026-06-15,Tablet,Electronics,West,3,2519.8,209.75
2026-06-16,Speaker,Accessories,North,6,3083.82,319.25
2026-06-17,Monitor,Electronics,North,7,2777.9,775.73
2026-06-25,Mouse,Accessories,South,9,868.29,178.39
2026-06-30,Mobile,Electronics,East,4,859.79,212.59
2026-07-08,Keyboard,Accessories,West,1,1775.7,198.1
2026-06-27,Mobile,Electronics,East,5,1643.85,380.32
2026-06-29,Laptop,Electronics,West,10,561.09,159.77
2026-06-15,Camera,Electronics,South,1,3542.15,219.56
2026-06-13,Monitor,Electronics,West,3,365.91,27.85
2026-06-20,Printer,Office,South,5,4766.05,1282.46
2026-07-01,Tablet,Electronics,North,2,1753.47,306.53
2026-07-01,Monitor,Electronics,South,8,1341.78,88.8
2026-06-20,Monitor,Electronics,East,2,1016.44,125.79
2026-06-16,Mouse,Accessories,South,6,2462.75,695.57
2026-07-06,Tablet,Electronics,North,6,3652.98,483.8
2026-06-15,Mobile,Electronics,North,3,3129.4,470.15
2026-07-11,Headphones,Accessories,North,6,3127.72,835.01
2026-06-27,Laptop,Electronics,West,5,472.74,121.65
2026-06-13,Headphones,Accessories,North,1,4043.38,836.6
2026-06-18,Printer,Office,East,1,3376.2,512.95
2026-06-14,Tablet,Electronics,South,3,3478.87,600.17
2026-07-08,Camera,Electronics,West,9,4995.68,1215.4
2026-07-07,Mobile,Electronics,West,6,3552.1,185.91
2026-06-13,Camera,Electronics,South,6,455.17,113.57
2026-07-01,Printer,Office,West,1,1152.16,203.97
2026-06-20,Keyboard,Accessories,South,3,3600.05,207.83
2026-07-11,Monitor,Electronics,South,8,466.57,52.92
2026-07-02,Mobile,Electronics,West,2,4815.49,709.46
2026-06-23,Keyboard,Accessories,East,10,4224.55,596.12
2026-06-16,Printer,Office,South,7,2642.26,138.83
2026-06-30,Camera,Electronics,South,3,1467.72,393.71
2026-06-13,Keyboard,Accessories,South,2,2267.68,664.99
2026-06-20,Mouse,Accessories,North,5,2203.21,233.38
2026-06-12,Tablet,Electronics,West,1,4085.77,1083.37
2026-07-05,Headphones,Accessories,North,3,4683.3,948.24
2026-07-03,Mouse,Accessories,East,10,753.42,109.99
2026-06-21,Camera,Electronics,West,3,2986.72,359.94
2026-07-11,Monitor,Electronics,East,8,2132.13,260.13
2026-06-30,Mobile,Electronics,South,5,900.58,81.61
2026-06-23,Laptop,Electronics,North,1,2105.41,130.64
2026-07-11,Mobile,Electronics,South,9,1268.96,137.99
2026-07-05,Mouse,Accessories,North,4,4754.3,418.8
2026-06-29,Headphones,Accessories,North,4,1326.91,336.11
2026-07-10,Printer,Office,South,8,2141.2,577.73
2026-06-27,Headphones,Accessories,West,4,1176.19,176.44
2026-07-05,Keyboard,Accessories,North,9,4338.06,776.94
2026-06-27,Keyboard,Accessories,South,8,471.73,92.03
2026-06-30,Headphones,Accessories,South,2,1360.72,272.65
2026-07-11,Tablet,Electronics,South,6,780.07,127.68
2026-06-17,Speaker,Accessories,South,4,3624.87,339.07
2026-06-20,Mouse,Accessories,West,10,4178.05,489.61
2026-06-29,Camera,Electronics,West,8,716.17,160.1
2026-07-03,Camera,Electronics,South,10,4898.47,606.83
2026-07-08,Mobile,Electronics,East,9,2165.95,144.64
2026-06-20,Speaker,Accessories,North,6,717.84,129.67
2026-07-11,Mobile,Electronics,West,10,2884.96,540.98
2026-06-13,Keyboard,Accessories,South,2,4726.17,1073.14
2026-07-08,Mobile,Electronics,South,10,4537.12,449.34
2026-06-30,Laptop,Electronics,East,8,2915.97,301.14
2026-07-01,Mouse,Accessories,North,4,2469.55,557.79
2026-07-11,Keyboard,Accessories,North,8,3005.87,791.09
2026-06-26,Headphones,Accessories,North,4,2627.33,371.28
2026-07-03,Tablet,Electronics,South,4,2021.32,427.27
2026-06-24,Laptop,Electronics,South,10,3435.36,901.07
2026-06-22,Headphones,Accessories,West,1,924.79,161.89
2026-06-27,Mouse,Accessories,South,3,3574.16,586.93
2026-06-28,Laptop,Electronics,East,7,4870.03,996.42
2026-06-20,Keyboard,Accessories,East,8,215.4,31.45
2026-07-10,Mouse,Accessories,West,10,1696.55,403.99
2026-06-13,Keyboard,Accessories,East,6,4991.58,512.09
2026-06-22,Tablet,Electronics,West,4,2282.08,347.96
2026-07-06,Keyboard,Accessories,South,10,2721.61,289.43
2026-07-06,Tablet,Electronics,West,9,3629.13,431.82
2026-07-09,Keyboard,Accessories,North,6,1576.71,356.71
2026-06-24,Mouse,Accessories,East,10,2646.19,289.24
2026-06-30,Monitor,Electronics,West,2,564.19,53.38
2026-07-12,Tablet,Electronics,North,4,4361.7,562.3
2026-06-28,Monitor,Electronics,South,2,617.94,35.75
2026-06-23,Printer,Office,East,5,4257.79,230.36
2026-06-21,Headphones,Accessories,West,7,3924.67,465.5
2026-06-16,Laptop,Electronics,West,2,4227.69,1169.51
2026-07-04,Mobile,Electronics,West,6,2315.07,645.45
2026-07-11,Speaker,Accessories,East,8,2101.16,554.36
2026-07-11,Headphones,Accessories,North,3,2127.43,332.73
2026-06-29,Laptop,Electronics,North,5,4758.72,388.23
2026-07-10,Laptop,Electronics,West,4,500.36,149.86
2026-06-27,Printer,Office,West,10,1510.18,293.96
2026-06-22,Tablet,Electronics,South,1,2826.95,739.76
2026-06-30,Printer,Office,East,10,4184.83,1177.9
2026-06-12,Tablet,Electronics,West,9,3604.08,774.14
2026-06-24,Mobile,Electronics,South,7,2715.02,511.44
2026-07-08,Mouse,Accessories,South,5,1427.24,351.16
2026-07-10,Speaker,Accessories,East,6,3052.38,674.61
2026-07-03,Headphones,Accessories,West,4,1413.93,215.81
2026-06-15,Speaker,Accessories,South,6,3160.85,801.0
2026-06-29,Keyboard,Accessories,South,6,3879.81,549.6
2026-06-13,Mouse,Accessories,East,5,2400.19,650.18
2026-07-08,Speaker,Accessories,North,3,2557.03,554.88
2026-07-12,Tablet,Electronics,South,4,2195.43,301.73
2026-06-30,Printer,Office,East,8,4516.54,1070.06
2026-06-25,Mobile,Electronics,East,2,3938.34,454.0
2026-06-15,Headphones,Accessories,West,7,130.94,8.26
2026-07-03,Mobile,Electronics,South,7,864.45,85.5
2026-07-08,Monitor,Electronics,East,2,2335.9,691.33
2026-06-15,Mobile,Electronics,South,9,2874.75,570.95
2026-07-03,Mouse,Accessories,North,9,2583.83,161.71
2026-06-16,Monitor,Electronics,West,2,825.17,47.22
2026-07-05,Printer,Office,South,9,769.68,50.14
2026-06-22,Monitor,Electronics,South,2,258.2,29.74
2026-07-01,Headphones,Accessories,East,9,583.57,128.92
2026-07-04,Headphones,Accessories,North,9,1114.37,97.26
2026-06-30,Mouse,Accessories,East,2,1109.66,234.98
2026-07-06,Mobile,Electronics,North,9,102.93,20.28
2026-07-06,Headphones,Accessories,South,2,286.77,66.47
2026-06-25,Headphones,Accessories,North,3,1543.28,172.39
2026-06-14,Keyboard,Accessories,West,8,582.71,157.74
2026-06-21,Camera,Electronics,East,8,375.19,31.08
2026-07-07,Keyboard,Accessories,South,7,4497.71,1036.29
2026-07-07,Laptop,Electronics,South,7,624.24,86.05
2026-06-14,Monitor,Electronics,East,9,2807.16,298.78
2026-07-09,Camera,Electronics,North,10,723.18,210.21
2026-06-19,Monitor,Electronics,North,6,4000.34,1067.5
2026-06-28,Laptop,Electronics,North,7,2365.11,632.25
2026-07-09,Camera,Electronics,West,2,2828.41,667.92
2026-06-30,Camera,Electronics,South,6,4431.35,983.97
2026-07-06,Monitor,Electronics,West,7,470.68,55.53
2026-06-30,Mouse,Accessories,South,6,2125.44,219.81
2026-07-12,Mouse,Accessories,West,9,3987.24,1136.03
2026-06-28,Laptop,Electronics,East,9,3955.66,692.46
2026-06-25,Monitor,Electronics,South,8,223.5,43.36
2026-06-26,Monitor,Electronics,South,7,1370.94,347.35
2026-07-06,Laptop,Electronics,East,9,485.85,35.41
2026-06-29,Headphones,Accessories,North,8,1896.46,202.47
2026-06-22,Laptop,Electronics,West,9,2760.35,188.95
2026-06-16,Keyboard,Accessories,East,8,4807.72,976.28
2026-06-19,Monitor,Electronics,North,3,3555.41,944.17
2026-07-03,Tablet,Electronics,North,8,801.43,229.08
2026-06-15,Printer,Office,North,6,3475.02,911.63
2026-07-04,Mobile,Electronics,West,1,1314.69,330.82
2026-06-18,Laptop,Electronics,West,6,4036.92,1170.61
2026-07-09,Mouse,Accessories,East,6,3118.03,421.81
2026-06-30,Tablet,Electronics,North,3,1104.81,269.5
2026-06-19,Tablet,Electronics,East,1,644.73,74.39
2026-06-14,Laptop,Electronics,North,7,562.94,147.57
2026-06-28,Tablet,Electronics,East,7,2389.81,649.78
2026-06-28,Speaker,Accessories,East,4,1252.82,234.31
2026-06-24,Tablet,Electronics,West,4,1304.02,119.31
2026-06-23,Tablet,Electronics,South,6,2937.64,167.57
2026-06-26,Laptop,Electronics,North,5,1830.14,379.39
2026-06-20,Monitor,Electronics,East,6,1783.71,498.22
2026-06-24,Speaker,Accessories,West,3,3319.81,306.66
2026-06-29,Printer,Office,East,4,3732.72,856.74
2026-06-20,Printer,Office,East,3,302.6,86.23
2026-06-17,Mobile,Electronics,South,8,2312.98,530.04
2026-06-16,Tablet,Electronics,West,1,1311.7,315.58
2026-06-17,Monitor,Electronics,South,4,2927.65,705.69
2026-06-18,Keyboard,Accessories,West,6,2731.47,288.5
2026-06-14,Mouse,Accessories,South,7,2776.67,307.19
2026-06-28,Headphones,Accessories,West,4,2180.83,506.07
2026-07-06,Monitor,Electronics,East,6,1661.84,164.81
2026-07-10,Laptop,Electronics,North,6,4577.45,324.52
2026-06-24,Keyboard,Accessories,South,5,2853.13,778.68
2026-07-06,Monitor,Electronics,East,10,1996.26,126.64
2026-06-25,Camera,Electronics,East,7,1538.54,411.23
2026-06-28,Speaker,Accessories,North,9,4390.58,262.25
2026-06-28,Headphones,Accessories,West,5,3483.36,883.97
2026-06-20,Keyboard,Accessories,North,7,1408.01,369.16
2026-06-12,Mobile,Electronics,South,3,1675.43,407.68
2026-06-26,Laptop,Electronics,South,5,4413.85,765.89
2026-06-19,Tablet,Electronics,East,7,2053.7,377.19
2026-06-19,Laptop,Electronics,North,5,4554.17,767.64
2026-06-21,Speaker,Accessories,South,3,211.12,21.57
2026-07-06,Tablet,Electronics,East,5,3116.21,295.65
2026-06-27,Laptop,Electronics,West,5,1019.82,131.56
2026-07-11,Keyboard,Accessories,South,4,2170.97,338.52
2026-06-14,Mouse,Accessories,East,1,1082.63,260.49
2026-06-13,Keyboard,Accessories,South,7,4301.54,757.6
2026-06-13,Mouse,Accessories,West,3,2046.78,378.23
2026-06-13,Printer,Office,North,1,316.71,51.16
2026-06-18,Tablet,Electronics,East,2,4403.24,1189.86
2026-07-12,Camera,Electronics,South,3,3064.89,760.86
2026-06-27,Headphones,Accessories,East,9,119.88,8.31
2026-07-08,Tablet,Electronics,North,9,3591.31,678.24
2026-06-28,Speaker,Accessories,South,9,896.35,197.85
2026-07-01,Mouse,Accessories,West,3,3691.78,604.81
2026-07-09,Camera,Electronics,North,9,670.53,167.13
2026-06-29,Mouse,Accessories,North,1,3647.28,998.39
2026-06-15,Laptop,Electronics,North,2,1546.77,362.64
2026-07-05,Camera,Electronics,North,9,3511.06,919.69
2026-07-02,Laptop,Electronics,West,4,3157.56,557.56
2026-06-29,Monitor,Electronics,East,1,3923.17,360.23
2026-07-07,Camera,Electronics,East,10,2309.13,158.15
2026-07-12,Laptop,Electronics,East,1,1105.83,238.38
2026-06-27,Laptop,Electronics,East,9,729.49,49.87
2026-06-23,Laptop,Electronics,East,3,825.36,191.12
2026-06-30,Keyboard,Accessories,North,4,3187.63,304.63
2026-07-01,Camera,Electronics,East,6,4659.97,658.93
2026-06-30,Mobile,Electronics,East,1,653.72,163.31
2026-06-20,Printer,Office,North,1,837.53,157.25
2026-06-25,Speaker,Accessories,West,7,2359.39,595.79
2026-07-09,Mouse,Accessories,West,3,4144.21,403.39
2026-07-01,Printer,Office,East,3,620.64,59.63
2026-06-28,Laptop,Electronics,West,4,3111.95,743.38
2026-06-18,Headphones,Accessories,East,8,2198.65,212.59
2026-06-18,Laptop,Electronics,East,2,1012.2,95.79
2026-06-14,Printer,Office,West,7,1945.65,124.6
2026-06-14,Laptop,Electronics,West,1,2224.19,620.21
2026-06-26,Laptop,Electronics,North,2,4870.08,559.89
2026-07-08,Monitor,Electronics,North,9,2607.77,747.73
2026-06-21,Tablet,Electronics,West,6,1327.01,174.71
2026-07-12,Speaker,Accessories,East,5,3697.37,403.99
2026-07-03,Laptop,Electronics,North,10,2392.27,677.46
2026-06-16,Monitor,Electronics,North,1,3511.36,598.85
2026-07-04,Camera,Electronics,South,6,1356.64,169.05
2026-06-22,Printer,Office,East,9,1167.58,261.22
2026-07-09,Camera,Electronics,West,1,1666.11,113.06
2026-06-21,Keyboard,Accessories,East,6,4531.87,796.68
2026-06-14,Printer,Office,South,8,2201.49,471.19
2026-07-04,Mobile,Electronics,North,10,4047.76,295.33
2026-07-09,Headphones,Accessories,West,10,1723.42,410.02
2026-06-18,Camera,Electronics,South,1,2225.1,368.82
2026-07-11,Mouse,Accessories,East,1,2251.2,648.84
2026-07-07,Speaker,Accessories,North,3,3030.93,394.51
2026-07-10,Mobile,Electronics,South,10,4298.86,699.04
2026-07-10,Printer,Office,North,7,4963.37,1051.57
2026-06-19,Camera,Electronics,South,3,2090.23,588.39
2026-07-09,Mouse,Accessories,East,8,1065.95,156.4
2026-06-12,Speaker,Accessories,North,4,552.06,123.99
2026-07-10,Monitor,Electronics,East,1,4584.52,404.43
2026-07-05,Camera,Electronics,North,4,4391.56,627.82
2026-07-02,Camera,Electronics,West,6,4675.46,906.39
2026-06-28,Laptop,Electronics,South,1,408.54,103.6
2026-06-27,Printer,Office,West,9,2748.37,272.11
2026-07-10,Tablet,Electronics,South,3,4688.27,270.71
2026-06-27,Laptop,Electronics,South,9,4823.25,988.61
2026-06-17,Headphones,Accessories,East,6,820.46,115.51
2026-06-21,Laptop,Electronics,South,2,4094.07,863.77
2026-06-23,Mouse,Accessories,South,7,531.81,148.05
2026-06-30,Keyboard,Accessories,South,2,2736.73,642.92
2026-06-18,Mouse,Accessories,West,4,2220.17,237.66
2026-06-22,Mobile,Electronics,West,5,261.76,43.15
2026-07-04,Speaker,Accessories,South,7,1736.83,203.49
2026-07-06,Laptop,Electronics,South,6,3120.48,204.72
2026-07-04,Mobile,Electronics,South,9,4065.41,1098.3
2026-06-16,Mouse,Accessories,East,4,3476.1,692.83
2026-06-21,Speaker,Accessories,East,10,2922.63,475.58
2026-06-23,Keyboard,Accessories,North,7,2649.92,723.9
2026-06-30,Mouse,Accessories,West,4,1090.2,68.74
2026-06-21,Printer,Office,North,2,2217.98,387.41
2026-07-09,Mobile,Electronics,South,4,1618.28,269.6
2026-07-05,Headphones,Accessories,South,8,4611.82,691.63
2026-07-02,Keyboard,Accessories,East,7,532.88,109.77
2026-06-27,Speaker,Accessories,West,3,2737.37,304.45
2026-07-01,Keyboard,Accessories,East,8,3957.17,318.27
2026-07-08,Tablet,Electronics,East,10,1935.78,346.99
2026-07-02,Monitor,Electronics,North,9,552.37,129.33
2026-07-04,Tablet,Electronics,West,4,3748.92,891.23
2026-06-24,Printer,Office,West,8,1782.14,160.03
2026-06-20,Tablet,Electronics,West,9,4590.1,262.69
2026-06-13,Tablet,Electronics,West,2,1157.67,154.87
2026-06-14,Camera,Electronics,East,5,3244.27,959.1
2026-06-24,Mobile,Electronics,West,6,4505.22,918.62
2026-06-26,Camera,Electronics,East,3,1409.76,272.87
2026-06-29,Laptop,Electronics,East,7,3450.17,335.42
2026-06-25,Monitor,Electronics,East,3,260.04,15.22
2026-06-17,Speaker,Accessories,East,1,1770.14,180.43
2026-06-18,Keyboard,Accessories,South,2,1202.27,152.32
2026-06-13,Speaker,Accessories,West,3,2372.55,632.78
2026-06-22,Tablet,Electronics,East,2,2634.16,377.68
2026-07-11,Camera,Electronics,East,6,3380.77,907.93
2026-06-25,Monitor,Electronics,South,7,4514.61,495.89
2026-07-04,Mobile,Electronics,South,5,2832.69,362.23
2026-06-23,Speaker,Accessories,East,6,1567.68,120.76
2026-07-04,Laptop,Electronics,East,6,354.52,105.97
2026-07-07,Keyboard,Accessories,East,6,349.99,101.99
2026-07-11,Mobile,Electronics,West,2,2168.74,628.04
2026-07-07,Monitor,Electronics,East,8,416.11,112.69
2026-07-12,Mouse,Accessories,West,10,1247.27,187.6
2026-06-17,Mouse,Accessories,West,9,1614.03,366.22
2026-07-10,Speaker,Accessories,South,2,4650.87,900.05
2026-06-28,Keyboard,Accessories,South,5,3886.66,1072.34
2026-07-05,Laptop,Electronics,East,7,2141.97,627.26
2026-07-03,Mobile,Electronics,East,6,1757.22,470.58
2026-07-02,Printer,Office,South,7,4822.57,1266.71
2026-06-17,Printer,Office,North,1,1477.6,106.18
2026-06-25,Mouse,Accessories,West,8,160.01,16.45
2026-07-02,Mouse,Accessories,North,9,4005.46,762.42
2026-06-15,Laptop,Electronics,West,6,2764.55,629.53
2026-07-12,Speaker,Accessories,East,4,2487.04,195.23
2026-07-11,Headphones,Accessories,West,5,1106.7,166.18
2026-06-28,Camera,Electronics,East,4,3706.6,828.58
2026-06-30,Mouse,Accessories,East,10,3394.09,296.96
2026-06-29,Monitor,Electronics,East,7,486.37,82.01
2026-07-07,Printer,Office,North,5,1687.01,160.23
2026-06-14,Mobile,Electronics,South,7,860.24,104.84
2026-07-05,Mouse,Accessories,East,8,1357.76,238.11
2026-07-03,Tablet,Electronics,West,8,2585.8,191.52
2026-06-14,Monitor,Electronics,East,10,2405.77,201.36
2026-07-10,Laptop,Electronics,South,5,682.41,43.41
2026-07-10,Mobile,Electronics,East,2,2395.56,204.08
2026-06-22,Monitor,Electronics,East,2,3267.07,860.2
2026-07-12,Mouse,Accessories,North,5,865.96,181.76
2026-06-15,Tablet,Electronics,East,5,1616.5,425.86
2026-06-12,Camera,Electronics,North,2,3086.25,668.37
2026-06-25,Mouse,Accessories,South,9,4722.96,254.68
2026-06-27,Mobile,Electronics,South,9,357.51,44.65
2026-06-29,Headphones,Accessories,West,2,4819.88,831.1
2026-07-09,Laptop,Electronics,North,10,2861.6,698.03
2026-06-30,Speaker,Accessories,East,6,3690.58,400.38
2026-06-25,Printer,Office,West,4,3438.19,265.83
2026-07-07,Mobile,Electronics,North,10,1507.54,400.69
2026-06-23,Mouse,Accessories,South,3,4735.05,320.17
2026-06-16,Camera,Electronics,West,7,3451.56,924.01
2026-06-14,Tablet,Electronics,North,5,2243.96,392.25
2026-06-18,Laptop,Electronics,North,5,3229.42,615.28
2026-06-16,Mouse,Accessories,North,4,462.14,109.08
2026-07-08,Mobile,Electronics,South,5,4176.47,213.12
2026-06-22,Mouse,Accessories,West,1,3364.44,744.34
2026-06-24,Mouse,Accessories,West,6,4090.21,788.64
2026-07-12,Laptop,Electronics,East,6,1564.32,106.22
2026-06-30,Headphones,Accessories,South,6,3941.36,513.03
2026-06-28,Tablet,Electronics,West,5,2116.73,124.98
2026-06-16,Laptop,Electronics,East,4,3760.69,816.63
2026-06-19,Camera,Electronics,West,6,1757.6,167.21
2026-07-10,Mouse,Accessories,South,10,2815.93,745.54
2026-07-02,Laptop,Electronics,West,1,600.88,157.67
2026-06-26,Keyboard,Accessories,West,5,4726.91,768.46
2026-06-18,Headphones,Accessories,West,9,4148.63,964.89
2026-06-24,Keyboard,Accessories,North,10,3531.27,993.35
2026-06-27,Laptop,Electronics,East,6,2619.98,447.3
2026-06-23,Speaker,Accessories,East,6,2636.88,319.28
2026-06-13,Mouse,Accessories,South,4,795.21,113.57
2026-07-07,Tablet,Electronics,West,10,1058.33,219.59
2026-06-28,Speaker,Accessories,South,6,377.2,42.4
2026-07-01,Mouse,Accessories,South,6,1378.88,275.44
2026-07-12,Printer,Office,West,8,1589.69,196.45
2026-06-21,Mobile,Electronics,East,6,4236.57,562.63
2026-06-18,Speaker,Accessories,East,9,4295.61,1106.31
2026-07-10,Mobile,Electronics,North,5,3014.93,834.64
2026-06-24,Monitor,Electronics,North,8,984.27,203.1
2026-07-01,Headphones,Accessories,West,1,1710.12,442.69
2026-06-15,Tablet,Electronics,West,2,1927.74,563.55
2026-06-30,Camera,Electronics,South,3,577.0,31.09
2026-06-20,Mouse,Accessories,South,2,2178.48,489.61
2026-06-17,Headphones,Accessories,North,3,3821.54,402.85
2026-06-19,Keyboard,Accessories,West,5,4542.07,1027.5
2026-07-11,Laptop,Electronics,West,6,921.26,92.76
2026-06-16,Monitor,Electronics,South,9,4821.13,694.31
2026-06-23,Printer,Office,East,5,1211.17,133.95
2026-07-05,Keyboard,Accessories,East,3,4260.02,1211.29
2026-07-06,Monitor,Electronics,South,10,3491.28,885.54
2026-06-18,Mouse,Accessories,South,8,4585.48,1231.23
2026-07-07,Monitor,Electronics,West,3,932.74,111.63
2026-07-07,Keyboard,Accessories,West,8,3836.31,266.63
2026-07-09,Headphones,Accessories,South,9,1224.75,232.08
2026-07-01,Headphones,Accessories,South,1,2875.46,497.19
2026-07-02,Monitor,Electronics,North,3,4749.16,670.05
2026-06-29,Mobile,Electronics,West,5,368.71,77.18
2026-06-12,Tablet,Electronics,East,10,147.36,25.9
2026-06-21,Headphones,Accessories,West,5,1446.69,151.63
2026-07-11,Printer,Office,West,6,4895.21,1238.03
2026-06-30,Keyboard,Accessories,East,8,3859.98,515.23
2026-07-10,Tablet,Electronics,South,9,1738.76,180.62
2026-07-04,Laptop,Electronics,North,4,2122.43,303.37
2026-06-14,Mobile,Electronics,South,4,2558.11,663.44
2026-07-04,Monitor,Electronics,East,4,3401.55,377.9
2026-06-29,Printer,Office,South,1,3104.28,613.73
2026-06-15,Camera,Electronics,North,10,145.7,42.49
2026-06-15,Mouse,Accessories,West,1,735.22,59.72
2026-07-01,Keyboard,Accessories,East,3,3705.16,200.8
2026-06-15,Speaker,Accessories,South,10,4238.42,1202.73
2026-06-13,Camera,Electronics,East,9,386.24,49.04
2026-07-06,Headphones,Accessories,East,10,300.7,19.9
2026-06-21,Printer,Office,West,6,3742.67,419.91
2026-06-27,Mouse,Accessories,West,7,3465.9,289.55
2026-07-04,Speaker,Accessories,North,2,2720.81,664.76
2026-07-02,Mobile,Electronics,West,7,3917.68,229.76
2026-07-01,Tablet,Electronics,East,3,4183.65,346.02
2026-06-19,Headphones,Accessories,West,8,1351.48,151.66
2026-07-11,Speaker,Accessories,East,7,4816.76,685.11
2026-06-29,Speaker,Accessories,East,7,3687.32,393.0
2026-06-15,Printer,Office,West,7,1540.4,225.36
2026-07-06,Camera,Electronics,West,8,1951.3,226.59
2026-07-12,Mouse,Accessories,West,3,3256.02,666.88
2026-07-12,Monitor,Electronics,East,1,4111.56,458.92
2026-07-02,Mouse,Accessories,East,8,3739.95,728.79
2026-06-27,Laptop,Electronics,North,4,2345.02,395.73
2026-07-03,Mobile,Electronics,West,1,3971.47,554.3
2026-06-29,Camera,Electronics,South,7,3139.75,252.41
2026-06-16,Monitor,Electronics,East,10,2198.67,470.82
2026-06-19,Printer,Office,West,3,2310.37,183.96
2026-06-16,Headphones,Accessories,West,6,4224.21,1245.97
2026-07-04,Speaker,Accessories,North,7,3171.76,355.0
2026-06-24,Camera,Electronics,North,1,2787.58,672.71
2026-06-22,Mouse,Accessories,East,7,3685.44,615.22
2026-06-28,Mobile,Electronics,North,2,3715.94,718.26
2026-06-20,Keyboard,Accessories,West,1,2993.21,707.28
2026-06-29,Monitor,Electronics,West,3,2039.06,245.97
2026-06-26,Speaker,Accessories,North,1,898.64,239.04
2026-06-26,Headphones,Accessories,South,2,3869.43,636.54
2026-06-12,Tablet,Electronics,East,10,2794.04,318.85
2026-06-30,Mouse,Accessories,East,2,973.18,264.61
2026-07-10,Monitor,Electronics,North,9,4589.18,822.93
2026-06-18,Camera,Electronics,West,5,3055.19,219.33
2026-06-30,Mobile,Electronics,West,2,2480.1,264.41
2026-06-28,Camera,Electronics,East,8,598.55,90.4
2026-06-26,Speaker,Accessories,South,6,1318.57,162.14
2026-07-02,Laptop,Electronics,East,5,2854.95,312.42
2026-06-14,Headphones,Accessories,East,3,4874.73,374.23
2026-07-10,Mouse,Accessories,East,6,2103.74,172.58
2026-06-12,Mouse,Accessories,South,10,905.56,178.15
2026-07-06,Headphones,Accessories,West,10,1860.04,392.13
2026-06-12,Printer,Office,West,9,1732.26,411.93
2026-06-17,Tablet,Electronics,North,9,2594.59,701.87
2026-06-16,Laptop,Electronics,East,9,3147.55,500.3
2026-06-20,Headphones,Accessories,North,4,2841.77,618.31
2026-07-09,Monitor,Electronics,East,3,923.39,115.36
2026-06-16,Printer,Office,South,5,685.25,203.19
2026-07-05,Tablet,Electronics,East,4,4231.1,925.31
2026-06-14,Laptop,Electronics,East,2,867.33,125.08
2026-07-03,Printer,Office,East,5,4624.76,439.39
2026-06-13,Mouse,Accessories,East,4,2782.43,239.2
2026-07-08,Headphones,Accessories,North,5,702.64,209.97
2026-06-14,Headphones,Accessories,East,5,287.45,61.29
2026-06-17,Speaker,Accessories,South,7,4297.21,908.09
2026-06-27,Laptop,Electronics,East,9,4079.59,833.29
2026-06-16,Monitor,Electronics,East,8,2106.69,597.27
2026-06-24,Monitor,Electronics,North,5,164.2,42.89
2026-06-26,Mobile,Electronics,South,3,2851.98,510.34
2026-07-05,Mobile,Electronics,North,5,236.67,63.86
2026-06-19,Mouse,Accessories,North,4,679.73,180.28
2026-06-22,Camera,Electronics,South,9,3409.25,846.57
2026-06-22,Speaker,Accessories,South,9,4486.18,1331.15
2026-07-07,Tablet,Electronics,West,10,1180.69,261.32
2026-06-22,Keyboard,Accessories,East,5,3564.41,285.16
2026-06-15,Camera,Electronics,East,5,3642.49,720.76
2026-07-04,Camera,Electronics,South,8,3452.61,633.52
2026-06-14,Tablet,Electronics,South,10,241.27,55.94
2026-07-07,Laptop,Electronics,East,7,4597.49,1047.77
2026-06-27,Laptop,Electronics,North,3,4085.05,873.53
2026-06-26,Laptop,Electronics,South,4,587.1,99.28
2026-06-25,Laptop,Electronics,West,4,2985.62,780.53
2026-07-09,Speaker,Accessories,East,8,4667.11,527.1
2026-06-30,Mobile,Electronics,South,4,159.19,35.92
2026-06-15,Mouse,Accessories,North,3,2697.16,167.61
2026-07-03,Speaker,Accessories,South,3,4201.37,639.54
2026-07-04,Printer,Office,South,3,157.86,10.45
2026-06-21,Headphones,Accessories,South,8,3910.93,530.55
2026-06-20,Tablet,Electronics,South,4,2944.27,356.74
2026-06-27,Mobile,Electronics,South,7,4717.35,512.44
2026-07-12,Speaker,Accessories,East,5,1731.91,454.38
2026-06-23,Keyboard,Accessories,South,5,1616.27,290.61
2026-07-10,Camera,Electronics,West,3,4476.52,851.4
2026-06-17,Tablet,Electronics,South,6,627.08,40.93
2026-06-28,Tablet,Electronics,South,1,4380.61,870.8
2026-06-13,Speaker,Accessories,West,4,2285.5,242.49
2026-07-03,Printer,Office,East,7,2849.14,634.05
2026-06-20,Camera,Electronics,West,7,1179.05,325.47
2026-07-11,Mouse,Accessories,West,1,165.69,43.14
2026-06-16,Laptop,Electronics,North,9,4999.86,1244.27
2026-06-12,Monitor,Electronics,West,5,2190.07,288.15
2026-06-22,Mobile,Electronics,South,4,1682.13,194.78
2026-06-15,Mobile,Electronics,West,2,3461.45,455.07
2026-06-29,Tablet,Electronics,East,1,4704.69,1207.66
2026-06-12,Keyboard,Accessories,North,9,188.78,56.63
2026-06-12,Camera,Electronics,South,6,776.71,98.16
2026-07-01,Monitor,Electronics,East,3,1805.27,385.85
2026-07-02,Headphones,Accessories,South,1,724.02,185.68
2026-06-29,Camera,Electronics,West,2,1970.55,584.3
2026-06-16,Mouse,Accessories,West,5,1490.95,86.34
2026-07-05,Monitor,Electronics,East,6,4623.18,607.69
2026-06-26,Mobile,Electronics,East,10,2092.67,413.11
2026-06-25,Mobile,Electronics,West,2,429.06,120.1
2026-06-29,Mobile,Electronics,West,1,591.5,95.58
2026-06-17,Mouse,Accessories,East,3,2291.65,374.06
2026-06-12,Headphones,Accessories,West,7,2148.15,300.5
2026-06-22,Speaker,Accessories,North,7,4525.11,1336.94
2026-07-04,Laptop,Electronics,South,5,3847.34,354.22
2026-07-12,Mobile,Electronics,East,3,2362.11,322.8
2026-07-08,Laptop,Electronics,East,6,2292.31,333.84
2026-06-15,Laptop,Electronics,East,5,338.0,41.27
2026-07-11,Speaker,Accessories,East,4,386.12,72.38
2026-07-02,Printer,Office,North,8,2895.11,446.74
2026-06-22,Headphones,Accessories,North,5,4201.15,942.02
2026-07-11,Laptop,Electronics,West,4,901.41,83.44
2026-06-12,Mobile,Electronics,South,10,4934.18,1398.81
2026-06-21,Keyboard,Accessories,North,8,1288.33,156.0
2026-06-22,Camera,Electronics,South,4,4214.01,548.22
2026-06-24,Laptop,Electronics,South,8,3934.78,1146.98
2026-07-04,Tablet,Electronics,North,2,720.29,167.01
2026-06-16,Headphones,Accessories,South,7,1672.18,284.6
2026-06-13,Tablet,Electronics,West,7,559.44,63.72
2026-06-28,Printer,Office,West,2,3176.39,165.38
2026-06-18,Printer,Office,North,8,2167.35,276.61
2026-06-13,Headphones,Accessories,South,3,4837.51,1143.05
2026-07-08,Tablet,Electronics,West,10,4899.42,526.31
2026-06-18,Mobile,Electronics,West,4,210.87,49.35
2026-07-09,Monitor,Electronics,North,1,2237.75,218.41
2026-07-12,Speaker,Accessories,West,9,260.39,34.11
2026-07-05,Speaker,Accessories,West,3,2933.18,762.83
2026-06-22,Camera,Electronics,West,10,2942.13,759.95
2026-06-27,Keyboard,Accessories,North,4,1431.62,315.84
2026-07-01,Mobile,Electronics,East,7,1849.31,319.32
2026-07-10,Speaker,Accessories,West,4,688.6,143.04
2026-07-08,Printer,Office,South,10,4287.45,942.07
2026-07-11,Laptop,Electronics,East,7,3009.44,175.41
2026-07-03,Keyboard,Accessories,North,9,629.55,163.88
2026-06-19,Headphones,Accessories,North,8,4458.76,885.62
2026-06-15,Mouse,Accessories,North,8,1034.7,207.75
2026-06-16,Camera,Electronics,East,10,2456.38,276.11
2026-06-29,Tablet,Electronics,East,2,2310.68,651.94
2026-07-11,Printer,Office,South,4,2266.86,605.55
2026-06-26,Mouse,Accessories,East,3,3342.67,565.46
2026-06-19,Camera,Electronics,North,4,4023.06,650.45
2026-06-13,Monitor,Electronics,East,1,4187.83,322.46
2026-07-11,Keyboard,Accessories,West,2,890.95,108.89
2026-07-10,Printer,Office,South,8,2744.81,199.16
2026-07-05,Camera,Electronics,North,9,3293.5,178.86
2026-06-27,Keyboard,Accessories,East,9,4299.42,885.61
2026-06-30,Keyboard,Accessories,East,7,373.71,52.28
2026-07-05,Keyboard,Accessories,North,2,1543.19,140.83
2026-07-03,Mobile,Electronics,North,5,2172.49,424.88
2026-07-10,Keyboard,Accessories,West,7,3661.7,814.55
2026-06-25,Printer,Office,South,3,2540.4,603.2
2026-06-23,Headphones,Accessories,North,5,1496.12,141.8
2026-06-13,Keyboard,Accessories,East,4,4078.51,367.66
2026-06-19,Monitor,Electronics,South,3,4559.54,892.14
2026-07-12,Tablet,Electronics,South,10,2160.55,497.7
2026-06-20,Monitor,Electronics,West,8,353.62,34.44
2026-07-11,Speaker,Accessories,North,2,3332.24,416.65
2026-06-24,Headphones,Accessories,East,9,4935.5,291.3
2026-07-03,Monitor,Electronics,West,7,160.32,8.2
2026-07-01,Headphones,Accessories,South,8,2574.19,260.72
2026-06-15,Headphones,Accessories,West,6,2361.6,535.0
2026-07-09,Speaker,Accessories,South,9,3980.91,1035.51
2026-07-01,Laptop,Electronics,East,4,2568.65,618.17
2026-06-23,Mouse,Accessories,East,1,1933.4,135.58
2026-06-22,Mouse,Accessories,East,10,4996.16,322.12
2026-06-29,Tablet,Electronics,East,5,3295.29,190.62
2026-06-26,Headphones,Accessories,North,6,2704.01,254.95
2026-06-22,Keyboard,Accessories,North,9,2090.63,426.51
2026-07-05,Keyboard,Accessories,South,9,1068.67,308.54
2026-07-01,Mouse,Accessories,North,6,3386.9,710.14
2026-06-20,Speaker,Accessories,West,4,1296.6,104.74
2026-06-30,Mobile,Electronics,South,8,4574.48,924.64
2026-06-14,Monitor,Electronics,East,4,3245.36,578.88
2026-06-16,Headphones,Accessories,South,7,2393.03,531.52
2026-06-21,Mobile,Electronics,North,9,3333.6,980.87
2026-07-02,Speaker,Accessories,West,3,1205.99,267.61
2026-06-27,Mouse,Accessories,East,7,4380.03,1192.47
2026-06-19,Monitor,Electronics,South,4,854.2,187.35
2026-07-05,Laptop,Electronics,West,10,3275.91,361.43
2026-06-29,Headphones,Accessories,South,6,2350.7,202.99
2026-07-08,Laptop,Electronics,North,2,4297.63,654.09
2026-06-12,Camera,Electronics,West,2,3646.91,495.17
2026-07-01,Tablet,Electronics,North,5,1538.4,381.5
2026-06-20,Speaker,Accessories,East,2,1441.54,312.35
2026-07-09,Keyboard,Accessories,South,1,4718.84,747.44
2026-06-16,Mouse,Accessories,South,8,1863.02,425.08
2026-07-08,Printer,Office,North,5,220.23,20.44
2026-06-24,Mouse,Accessories,East,7,3582.15,668.66
2026-07-07,Camera,Electronics,South,9,1701.16,137.41
2026-06-14,Camera,Electronics,East,4,2971.56,679.11
2026-06-23,Keyboard,Accessories,South,7,4640.77,1117.5
2026-07-08,Tablet,Electronics,West,8,3729.66,895.38
2026-06-20,Printer,Office,West,6,1134.03,152.94
2026-07-08,Printer,Office,West,5,605.62,99.37
2026-07-06,Monitor,Electronics,South,2,3173.94,933.45
2026-07-03,Headphones,Accessories,South,5,3181.99,359.18
2026-06-18,Mobile,Electronics,South,9,988.0,222.7
2026-06-18,Mobile,Electronics,East,7,3924.99,610.79
2026-06-26,Printer,Office,North,4,2921.48,635.02
2026-06-25,Speaker,Accessories,North,5,4443.08,1157.42
2026-07-08,Mouse,Accessories,East,8,164.46,27.15
2026-06-17,Monitor,Electronics,East,1,3160.71,243.66
2026-06-24,Camera,Electronics,North,5,2448.61,207.71
2026-06-30,Camera,Electronics,South,3,2664.91,183.35
2026-07-11,Laptop,Electronics,East,4,3972.69,646.02
2026-06-12,Speaker,Accessories,West,8,2572.27,342.2
2026-06-17,Laptop,Electronics,East,2,2260.68,403.94
2026-06-14,Monitor,Electronics,East,5,382.07,108.25
2026-06-14,Speaker,Accessories,South,8,4094.03,609.51
2026-06-16,Monitor,Electronics,East,3,2785.53,253.16
2026-06-29,Mouse,Accessories,South,4,3303.84,200.5
2026-06-15,Monitor,Electronics,South,1,3170.13,327.48
2026-06-25,Mobile,Electronics,East,7,3439.36,426.38
2026-07-03,Mobile,Electronics,South,9,2718.1,245.86
2026-06-22,Headphones,Accessories,North,10,3338.09,759.21
2026-06-25,Monitor,Electronics,South,10,4231.12,533.42
2026-07-11,Mouse,Accessories,North,2,4447.11,1288.06
2026-07-12,Tablet,Electronics,East,2,3733.2,326.18
2026-07-04,Speaker,Accessories,West,3,3450.81,740.22
2026-07-07,Monitor,Electronics,North,9,2099.56,388.26
2026-06-28,Camera,Electronics,North,9,157.68,31.7
2026-07-10,Speaker,Accessories,North,3,3828.96,723.67
2026-06-25,Printer,Office,North,3,556.46,125.72
2026-06-13,Speaker,Accessories,North,7,4478.04,896.1
2026-07-05,Keyboard,Accessories,North,7,3141.56,703.58
2026-06-18,Speaker,Accessories,West,6,4228.1,605.25
2026-06-17,Monitor,Electronics,South,2,2698.1,679.22
2026-07-12,Laptop,Electronics,West,2,1095.1,294.04
2026-06-30,Keyboard,Accessories,East,5,948.4,238.58
2026-07-02,Speaker,Accessories,East,4,2974.56,389.55
2026-06-27,Tablet,Electronics,East,8,1125.5,89.91
2026-07-06,Camera,Electronics,South,5,4210.55,988.1
2026-06-27,Headphones,Accessories,South,5,4151.24,304.31
2026-06-16,Speaker,Accessories,West,2,3945.43,1180.47
2026-06-25,Tablet,Electronics,East,5,2310.08,281.78
2026-06-18,Camera,Electronics,East,4,2807.8,372.42
2026-06-28,Mouse,Accessories,West,9,1623.05,374.33
2026-06-29,Headphones,Accessories,South,1,4150.01,693.78
2026-06-16,Tablet,Electronics,South,2,4836.87,775.15
2026-06-28,Printer,Office,North,3,3866.05,454.87
2026-07-01,Monitor,Electronics,North,10,2460.52,477.36
2026-06-28,Tablet,Electronics,East,10,1235.73,68.5
2026-06-13,Monitor,Electronics,South,1,3488.89,216.46
2026-06-17,Printer,Office,West,3,4053.48,1040.92
2026-06-20,Monitor,Electronics,East,7,3898.96,1160.22
2026-06-20,Camera,Electronics,North,1,1602.11,291.34
2026-06-21,Tablet,Electronics,South,10,957.78,258.75
2026-06-13,Headphones,Accessories,North,5,1705.28,211.4
2026-06-13,Printer,Office,East,1,4927.46,1221.11
2026-06-26,Headphones,Accessories,South,4,3988.56,1166.73
2026-06-15,Monitor,Electronics,North,1,178.64,21.34
2026-06-21,Monitor,Electronics,North,3,4791.77,1255.74
2026-07-07,Mouse,Accessories,East,1,320.7,76.29
2026-06-14,Speaker,Accessories,West,8,2804.36,489.24
2026-06-23,Camera,Electronics,North,5,2213.7,270.52
2026-07-06,Camera,Electronics,West,8,4018.13,666.44
2026-06-12,Mobile,Electronics,North,1,2088.56,596.7
2026-07-04,Laptop,Electronics,East,10,1614.52,474.96
2026-06-22,Tablet,Electronics,East,2,2025.97,293.7
2026-06-17,Monitor,Electronics,East,10,2916.23,193.44
2026-06-25,Printer,Office,East,8,4277.89,365.28
2026-06-19,Tablet,Electronics,South,1,2065.72,350.46
2026-07-03,Printer,Office,North,8,3843.56,1125.79
2026-06-15,Monitor,Electronics,North,5,2355.04,462.06
2026-07-01,Monitor,Electronics,South,3,4043.72,252.5
2026-06-23,Laptop,Electronics,West,10,3772.03,422.9
2026-06-17,Speaker,Accessories,West,1,1270.66,202.07
2026-06-12,Tablet,Electronics,East,2,357.32,38.5
2026-06-21,Monitor,Electronics,North,9,1296.02,192.56
2026-06-19,Keyboard,Accessories,South,8,2059.59,141.96
2026-06-20,Headphones,Accessories,East,6,1236.82,178.75
2026-06-20,Laptop,Electronics,South,5,3705.78,450.0
2026-06-28,Printer,Office,North,6,1814.49,524.97
2026-06-28,Mobile,Electronics,South,3,3861.12,238.67
2026-06-15,Camera,Electronics,South,5,4653.89,508.49
2026-07-05,Printer,Office,West,9,1496.8,101.84
2026-06-26,Mobile,Electronics,North,4,1922.35,284.82
2026-07-03,Camera,Electronics,East,5,4296.88,1005.51
2026-07-08,Laptop,Electronics,South,5,348.82,87.07
2026-06-17,Printer,Office,South,9,3136.85,600.96
2026-07-07,Mobile,Electronics,North,2,3386.53,968.51
2026-07-01,Monitor,Electronics,North,10,445.59,66.86
2026-07-02,Monitor,Electronics,West,10,1725.24,477.08
2026-06-25,Camera,Electronics,East,1,336.46,71.01
2026-07-09,Headphones,Accessories,West,5,4749.63,678.89
2026-06-17,Camera,Electronics,West,10,1134.81,95.11
2026-06-24,Camera,Electronics,West,7,4710.24,382.74
2026-06-25,Monitor,Electronics,West,3,704.38,74.8
2026-06-19,Speaker,Accessories,West,9,3269.93,840.09
2026-06-22,Mobile,Electronics,South,5,156.5,44.73
2026-07-01,Keyboard,Accessories,South,5,4531.34,517.79
2026-06-25,Monitor,Electronics,South,9,901.25,213.44
2026-06-21,Printer,Office,North,10,1250.55,270.03
2026-06-28,Speaker,Accessories,South,9,4187.97,548.2
2026-07-12,Laptop,Electronics,South,7,2259.32,239.91
2026-06-24,Speaker,Accessories,South,9,4186.7,212.67
2026-07-10,Mouse,Accessories,North,3,2953.56,446.76
2026-06-18,Monitor,Electronics,East,9,3620.74,663.54
2026-06-21,Tablet,Electronics,East,2,2335.79,669.25
2026-07-01,Laptop,Electronics,North,2,242.01,20.66
2026-07-03,Laptop,Electronics,South,8,3753.49,476.43
2026-07-02,Monitor,Electronics,South,3,1637.5,388.64
2026-06-13,Laptop,Electronics,West,10,1232.14,283.99
2026-06-14,Monitor,Electronics,North,8,3601.32,200.66
2026-06-28,Mouse,Accessories,West,2,119.71,10.77
2026-07-02,Headphones,Accessories,North,9,156.83,28.22
2026-06-27,Tablet,Electronics,North,5,3693.64,331.49
2026-06-18,Speaker,Accessories,East,7,2086.99,484.23
2026-06-21,Monitor,Electronics,South,5,1434.31,240.41
2026-06-28,Tablet,Electronics,South,9,579.84,99.49
2026-06-21,Keyboard,Accessories,West,7,4804.26,962.12
2026-06-17,Monitor,Electronics,West,9,4913.04,1248.43
2026-06-14,Mouse,Accessories,South,5,2807.4,537.83
2026-06-12,Speaker,Accessories,East,8,2185.12,208.48
2026-07-11,Mouse,Accessories,North,10,3594.87,268.27
2026-06-12,Mobile,Electronics,West,8,4470.76,1056.78
2026-07-03,Keyboard,Accessories,East,7,4371.63,693.2
2026-07-07,Camera,Electronics,South,8,852.86,207.24
2026-07-07,Laptop,Electronics,North,1,4733.18,1370.64
2026-07-11,Laptop,Electronics,South,3,2892.88,363.8
2026-07-06,Camera,Electronics,North,2,1635.35,476.37
2026-06-22,Mouse,Accessories,North,10,906.15,108.71
2026-06-15,Keyboard,Accessories,West,7,3015.46,739.78
2026-07-01,Mouse,Accessories,North,2,4726.52,1093.06
2026-06-13,Tablet,Electronics,West,3,4819.72,429.99
2026-07-02,Printer,Office,East,7,935.22,142.4
2026-07-07,Laptop,Electronics,West,8,1091.45,170.99
2026-07-10,Monitor,Electronics,North,2,2128.27,413.52
2026-06-22,Headphones,Accessories,East,4,3121.68,512.19
2026-07-10,Printer,Office,North,10,797.57,60.02
2026-07-02,Mobile,Electronics,North,7,2272.67,161.43
2026-07-04,Mobile,Electronics,South,6,4133.77,302.73
2026-06-20,Mouse,Accessories,East,3,2654.19,233.15
2026-06-21,Monitor,Electronics,East,1,3722.16,378.54
2026-07-10,Headphones,Accessories,East,7,834.34,197.07
2026-06-23,Mobile,Electronics,East,2,4261.84,1243.54
2026-06-18,Printer,Office,West,9,4672.74,1110.22
2026-07-01,Speaker,Accessories,South,9,2663.7,719.19
2026-06-30,Laptop,Electronics,East,3,132.52,35.72
2026-06-22,Camera,Electronics,West,9,1169.09,119.89
2026-06-20,Laptop,Electronics,West,9,954.56,213.47
2026-07-09,Speaker,Accessories,North,10,2987.63,626.77
2026-07-11,Printer,Office,East,5,3952.63,976.02
2026-06-24,Monitor,Electronics,West,1,4147.58,712.91
2026-06-15,Mouse,Accessories,North,10,4668.28,357.72
2026-07-10,Camera,Electronics,West,10,4253.29,383.86
2026-07-10,Camera,Electronics,South,10,1478.83,152.56
2026-06-15,Laptop,Electronics,North,10,2304.8,583.55
2026-07-01,Laptop,Electronics,West,2,1935.48,284.92
2026-07-02,Speaker,Accessories,West,2,1460.26,398.61
2026-06-21,Laptop,Electronics,South,10,391.45,31.81
2026-06-12,Mouse,Accessories,East,5,182.84,16.96
2026-06-12,Keyboard,Accessories,South,3,3422.46,535.72
2026-07-07,Tablet,Electronics,South,10,1011.41,164.38
2026-06-20,Mouse,Accessories,South,4,3600.11,194.67
2026-06-17,Headphones,Accessories,West,6,2430.66,475.49
2026-06-28,Mobile,Electronics,East,3,1105.64,92.46
2026-06-27,Printer,Office,West,3,1598.75,83.01
2026-07-04,Speaker,Accessories,East,6,4528.34,790.48
2026-06-12,Camera,Electronics,North,5,1964.05,576.07
2026-06-25,Laptop,Electronics,North,8,1411.75,394.24
2026-07-10,Printer,Office,North,1,698.55,157.9
2026-07-05,Printer,Office,North,6,628.2,136.85
2026-06-21,Speaker,Accessories,North,1,1481.86,348.81
2026-06-27,Mouse,Accessories,North,6,2522.32,535.76
2026-06-29,Mouse,Accessories,West,7,4072.89,826.54
2026-06-12,Camera,Electronics,South,6,3205.41,597.96
2026-07-07,Speaker,Accessories,East,10,1159.25,202.5
2026-07-09,Mobile,Electronics,North,3,3965.36,1018.62
2026-06-20,Keyboard,Accessories,East,5,3381.91,174.3
2026-06-13,Tablet,Electronics,South,10,898.15,235.05
2026-06-16,Tablet,Electronics,North,10,689.31,139.1
2026-06-30,Camera,Electronics,North,6,1343.12,200.56
2026-06-28,Printer,Office,East,7,1911.33,567.18
2026-07-11,Tablet,Electronics,North,9,1498.22,120.02
2026-07-07,Monitor,Electronics,West,5,3012.0,897.32
2026-07-06,Monitor,Electronics,South,8,4247.67,991.14
2026-06-19,Mobile,Electronics,North,7,4265.71,1268.2
2026-06-27,Monitor,Electronics,West,9,289.03,44.44
2026-06-24,Printer,Office,East,3,1352.26,167.39
2026-07-03,Headphones,Accessories,East,6,1435.67,276.78
2026-06-26,Monitor,Electronics,West,5,1273.42,102.47
2026-06-22,Mouse,Accessories,South,10,3383.99,309.52
2026-07-11,Printer,Office,East,3,1014.09,227.85
2026-06-28,Laptop,Electronics,West,10,1273.1,209.71
2026-06-26,Keyboard,Accessories,North,3,4092.14,754.33
2026-07-09,Tablet,Electronics,North,6,4571.74,727.44
2026-07-01,Headphones,Accessories,West,1,2960.18,616.97
2026-07-06,Tablet,Electronics,North,6,192.9,21.88
2026-07-10,Speaker,Accessories,North,9,2971.16,793.6
2026-07-05,Headphones,Accessories,South,5,3116.62,263.82
2026-06-22,Camera,Electronics,South,5,2728.63,644.75
2026-07-08,Speaker,Accessories,West,2,3996.68,1110.27
2026-06-22,Headphones,Accessories,East,4,3455.97,819.77
2026-06-14,Printer,Office,North,2,2706.09,778.43
2026-07-10,Headphones,Accessories,East,1,4709.84,734.6
2026-07-07,Speaker,Accessories,South,2,4162.77,339.15
2026-07-07,Tablet,Electronics,South,8,1964.47,140.75
2026-07-10,Laptop,Electronics,East,10,3058.94,822.42
2026-06-15,Monitor,Electronics,East,9,961.62,116.6
2026-06-17,Headphones,Accessories,North,10,2903.25,351.43
2026-07-04,Camera,Electronics,South,9,594.35,136.67
2026-07-01,Laptop,Electronics,East,7,4278.08,1096.4
2026-06-24,Speaker,Accessories,West,6,2032.93,248.73
2026-06-16,Monitor,Electronics,West,10,273.8,78.21
2026-06-18,Keyboard,Accessories,South,9,4052.89,1133.44
2026-06-25,Keyboard,Accessories,South,2,2375.72,334.75
2026-06-29,Speaker,Accessories,North,5,857.16,82.92
2026-06-17,Camera,Electronics,East,4,1368.97,310.64
2026-06-19,Printer,Office,West,1,1413.89,316.11
2026-06-21,Laptop,Electronics,West,6,2861.03,583.4
2026-06-18,Camera,Electronics,West,10,1740.82,219.13
2026-06-24,Mouse,Accessories,North,5,2015.53,353.0
2026-06-24,Mobile,Electronics,South,2,3894.71,955.11
2026-07-10,Laptop,Electronics,East,6,2610.22,330.58
2026-06-15,Keyboard,Accessories,West,7,655.43,170.63
2026-07-10,Laptop,Electronics,East,2,425.12,31.49
2026-07-09,Speaker,Accessories,West,4,2574.0,514.29
2026-06-20,Laptop,Electronics,North,9,3961.12,452.98
2026-06-21,Monitor,Electronics,South,7,2787.66,159.58
2026-06-27,Tablet,Electronics,West,9,3737.81,1083.23
2026-06-12,Mobile,Electronics,South,6,3393.36,935.38
2026-07-12,Laptop,Electronics,North,2,3930.35,355.34
2026-07-01,Speaker,Accessories,North,3,3038.42,339.74
2026-06-16,Mobile,Electronics,South,8,3813.01,820.26
2026-07-10,Mobile,Electronics,North,8,3155.27,163.45
2026-07-09,Headphones,Accessories,East,1,589.28,137.52
2026-06-26,Keyboard,Accessories,North,5,1503.89,331.63
2026-07-10,Speaker,Accessories,South,8,3037.9,605.22
2026-06-26,Mouse,Accessories,East,3,258.46,71.08
2026-06-24,Camera,Electronics,South,1,2347.89,678.98
2026-06-30,Keyboard,Accessories,West,3,3723.29,673.24
2026-06-22,Keyboard,Accessories,North,5,2187.08,174.23
2026-06-28,Mobile,Electronics,North,1,3238.76,811.44
2026-07-02,Mouse,Accessories,East,8,1924.17,278.55
2026-07-06,Camera,Electronics,South,8,2813.02,840.75
2026-07-05,Monitor,Electronics,West,7,1105.08,318.53
2026-07-09,Tablet,Electronics,East,1,1639.92,325.25
2026-06-19,Laptop,Electronics,South,1,3922.76,1053.4
2026-06-15,Laptop,Electronics,East,3,3635.57,956.55
2026-06-17,Headphones,Accessories,North,5,2562.16,327.07
2026-07-09,Tablet,Electronics,South,8,1229.11,120.51
2026-07-02,Keyboard,Accessories,East,9,3780.14,1118.89
2026-06-16,Camera,Electronics,North,2,2848.39,379.39
2026-07-09,Speaker,Accessories,West,9,186.33,32.13
2026-06-25,Monitor,Electronics,South,6,4555.64,759.68
2026-06-28,Laptop,Electronics,South,8,2196.85,180.68
2026-07-12,Mobile,Electronics,South,6,4555.81,587.85
2026-07-02,Mobile,Electronics,South,7,2309.07,481.6
2026-06-16,Monitor,Electronics,West,4,1637.37,90.62
2026-07-10,Tablet,Electronics,East,9,3725.28,222.02
2026-07-06,Laptop,Electronics,West,3,667.81,186.9
2026-06-27,Headphones,Accessories,East,6,3033.7,646.4
2026-06-28,Tablet,Electronics,West,10,3931.05,576.62
2026-06-27,Mouse,Accessories,East,2,2972.11,518.73
2026-06-14,Tablet,Electronics,North,2,4810.81,345.36
2026-06-23,Laptop,Electronics,South,7,2700.74,545.23
2026-07-06,Mouse,Accessories,East,4,844.45,195.05
2026-07-07,Headphones,Accessories,South,5,3648.32,437.96
2026-07-08,Printer,Office,South,4,4080.02,806.75
2026-06-13,Mouse,Accessories,North,10,203.57,51.55
2026-07-08,Speaker,Accessories,South,3,2318.17,548.17
2026-07-05,Laptop,Electronics,North,6,2757.21,481.47
2026-06-22,Printer,Office,West,7,2830.69,532.38
2026-06-15,Laptop,Electronics,North,8,4843.65,980.29
2026-06-24,Keyboard,Accessories,South,10,4895.16,968.37
2026-07-11,Printer,Office,East,5,4613.35,409.14
2026-06-20,Keyboard,Accessories,East,1,2722.51,619.18
2026-06-25,Headphones,Accessories,South,9,959.21,228.32
2026-06-12,Monitor,Electronics,West,9,4476.51,1275.11
2026-07-05,Mouse,Accessories,North,10,677.75,138.27
2026-06-17,Tablet,Electronics,North,2,544.95,124.51
2026-06-25,Tablet,Electronics,West,6,4968.71,712.79
2026-07-11,Mobile,Electronics,West,4,545.82,100.94
2026-06-18,Headphones,Accessories,North,10,4414.89,1158.22
2026-06-24,Mobile,Electronics,West,9,1787.71,403.3
2026-07-09,Laptop,Electronics,North,8,4704.87,835.3
2026-06-19,Mouse,Accessories,North,6,4540.46,769.51
2026-06-15,Laptop,Electronics,South,5,807.16,190.61
2026-07-03,Monitor,Electronics,South,5,3081.89,891.39
2026-06-21,Laptop,Electronics,South,1,2473.91,653.47
2026-07-04,Printer,Office,North,3,2554.57,648.67
2026-06-25,Mouse,Accessories,West,9,310.91,32.98
2026-07-04,Mouse,Accessories,West,4,1263.19,212.42
2026-07-06,Monitor,Electronics,South,8,3914.32,1087.87
2026-06-17,Headphones,Accessories,East,10,2053.44,392.86
2026-07-05,Keyboard,Accessories,South,5,4889.63,989.92
